race_id,surface,race_class,horse_num,rank,n_horses,interval_days,corner_advance,is_promotion
202503030110,芝,2勝クラス,10,3,16,34,0,0
202503030110,芝,2勝クラス,2,5,16,76,0,0
202503030110,芝,2勝クラス,15,6,16,35,0,0
202503030110,芝,2勝クラス,12,7,16,154,1,0
202503030110,芝,2勝クラス,8,13,16,42,0,0
202503030111,芝,3勝クラス,13,1,16,126,0,0
202503030111,芝,3勝クラス,10,10,16,69,0,1
202503030111,芝,3勝クラス,9,13,16,98,0,0
202503030111,芝,3勝クラス,4,15,16,105,0,0
202503030210,ダ,2勝クラス,12,4,15,78,0,0
202503030211,芝,OP,11,3,16,98,0,0
202503030211,芝,OP,9,4,16,77,0,0
202503030211,芝,OP,14,7,16,77,0,0
202503030211,芝,OP,1,9,16,120,1,0
202503030310,ダ,2勝クラス,15,1,15,56,-2,0
202503030311,ダ,3勝クラス,1,2,16,125,3,1
202503030311,ダ,3勝クラス,2,16,16,69,0,0
202503030409,芝,OP,7,2,16,77,0,0
202503030410,芝,2勝クラス,11,1,16,210,1,0
202503030410,芝,2勝クラス,7,5,16,36,0,0
202503030410,芝,2勝クラス,6,6,16,49,0,0
202503030411,ダ,OP,1,4,15,99,-6,0
202503030411,ダ,OP,6,5,15,105,0,0
202503030411,ダ,OP,15,7,15,168,0,1
202503030411,ダ,OP,5,10,15,71,1,0
202503030411,ダ,OP,2,11,15,63,0,0
202503030411,ダ,OP,13,12,15,120,2,0
202503030411,ダ,OP,9,13,15,46,-2,0
202503030411,ダ,OP,7,15,15,119,0,1
202503030510,ダ,2勝クラス,1,4,16,41,1,0
202503030510,ダ,2勝クラス,14,15,16,104,0,0
202503030511,芝,重賞,10,1,16,139,-1,1
202503030511,芝,重賞,8,2,16,97,0,0
202503030511,芝,重賞,5,5,16,132,1,0
202503030511,芝,重賞,3,9,16,51,-7,0
202503030511,芝,重賞,2,13,16,77,3,0
202503030511,芝,重賞,9,16,16,126,2,1
202504040310,ダ,2勝クラス,3,7,15,62,1,0
202504040311,芝,3勝クラス,6,7,18,48,2,1
202504040311,芝,3勝クラス,17,8,18,56,2,0
202504040410,芝,2勝クラス,5,7,16,57,-3,0
202504040411,芝,OP,4,4,17,63,0,0
202504040411,芝,OP,14,15,17,63,0,0
202504040411,芝,OP,12,16,17,84,0,0
202505040608,芝,2勝クラス,2,3,7,83,-1,0
202505040612,ダ,2勝クラス,10,7,14,84,0,0
202505040612,ダ,2勝クラス,14,11,14,118,0,0
202505040710,ダ,2勝クラス,3,1,13,63,0,0
202505040710,ダ,2勝クラス,6,3,13,57,-1,0
202505040809,芝,2勝クラス,8,2,12,63,0,0
202505040809,芝,2勝クラス,12,5,12,55,0,0
202505040809,芝,2勝クラス,5,9,12,49,1,0
202505040809,芝,2勝クラス,9,10,12,83,1,0
202505040810,ダ,3勝クラス,9,2,16,133,-1,0
202505040810,ダ,3勝クラス,4,5,16,84,1,0
202505040812,ダ,2勝クラス,1,1,13,125,0,0
202505040812,ダ,2勝クラス,2,2,13,202,0,0
202505040812,ダ,2勝クラス,9,4,13,48,3,0
202505040812,ダ,2勝クラス,7,6,13,35,0,0
202505040812,ダ,2勝クラス,8,8,13,13,0,0
202505040812,ダ,2勝クラス,4,12,13,112,-3,0
202505040909,ダ,2勝クラス,5,1,13,92,1,0
202505040909,ダ,2勝クラス,2,4,13,78,0,0
202505040909,ダ,2勝クラス,11,5,13,126,0,0
202505040909,ダ,2勝クラス,3,9,13,92,0,0
202505040909,ダ,2勝クラス,10,10,13,49,0,0
202505040909,ダ,2勝クラス,4,12,13,21,-1,0
202505040909,ダ,2勝クラス,13,13,13,49,-3,0
202505040910,芝,2勝クラス,3,3,11,78,0,0
202505040910,芝,2勝クラス,5,9,11,92,0,0
202505041008,ダ,2勝クラス,4,2,14,55,2,0
202505041008,ダ,2勝クラス,5,4,14,63,-1,0
202505041008,ダ,2勝クラス,9,5,14,55,0,0
202505041008,ダ,2勝クラス,11,7,14,230,0,0
202505041008,ダ,2勝クラス,7,9,14,433,0,0
202505041008,ダ,2勝クラス,12,11,14,146,0,0
202505041008,ダ,2勝クラス,8,13,14,70,-2,0
202505041008,ダ,2勝クラス,14,14,14,196,-2,0
202505041009,芝,2勝クラス,6,5,8,153,0,0
202505041009,芝,2勝クラス,2,6,8,83,0,0
202505041009,芝,2勝クラス,7,8,8,112,6,0
202505041010,芝,3勝クラス,9,2,12,126,0,0
202505041010,芝,3勝クラス,2,7,12,202,0,0
202505041010,芝,3勝クラス,1,9,12,70,-1,0
202505041011,ダ,OP,8,1,16,300,1,0
202505041011,ダ,OP,3,2,16,154,-1,0
202505041011,ダ,OP,2,14,16,77,-11,1
202505041011,ダ,OP,12,16,16,139,-2,0
202505041109,芝,2勝クラス,8,1,10,49,-1,0
202505041109,芝,2勝クラス,9,3,10,84,1,0
202505041109,芝,2勝クラス,7,5,10,140,0,0
202505041109,芝,2勝クラス,4,7,10,190,0,0
202505041110,ダ,3勝クラス,5,3,12,133,0,1
202505041110,ダ,3勝クラス,9,4,12,91,-1,0
202505041110,ダ,3勝クラス,7,5,12,77,1,0
202505041110,ダ,3勝クラス,3,6,12,154,1,0
202505041110,ダ,3勝クラス,10,7,12,29,0,0
202505041110,ダ,3勝クラス,12,8,12,168,0,0
202505041110,ダ,3勝クラス,2,9,12,141,0,0
202505041110,ダ,3勝クラス,1,10,12,148,0,0
202505041111,芝,重賞,8,13,14,77,0,0
202505041112,ダ,2勝クラス,12,2,13,50,-1,0
202505041112,ダ,2勝クラス,10,6,13,48,2,0
202505041112,ダ,2勝クラス,1,9,13,140,-1,0
202505041112,ダ,2勝クラス,7,10,13,70,1,0
202505041112,ダ,2勝クラス,4,11,13,84,-1,0
202505041112,ダ,2勝クラス,9,12,13,35,0,0
202505041112,ダ,2勝クラス,6,13,13,56,1,0
202505050108,芝,2勝クラス,5,3,8,77,0,0
202505050108,芝,2勝クラス,4,5,8,41,0,0
202505050108,芝,2勝クラス,8,6,8,62,8,0
202505050108,芝,2勝クラス,3,7,8,69,0,0
202505050109,ダ,2勝クラス,4,1,13,55,0,0
202505050109,ダ,2勝クラス,13,4,13,119,2,0
202505050109,ダ,2勝クラス,1,6,13,147,0,0
202505050109,ダ,2勝クラス,9,11,13,139,0,0
202505050110,ダ,3勝クラス,4,2,11,90,-4,0
202505050110,ダ,3勝クラス,7,3,11,34,0,0
202505050110,ダ,3勝クラス,3,4,11,91,0,0
202505050110,ダ,3勝クラス,10,5,11,34,1,0
202505050110,ダ,3勝クラス,9,6,11,34,0,0
202505050110,ダ,3勝クラス,1,9,11,189,-3,0
202505050111,芝,重賞,10,1,16,55,0,0
202505050111,芝,重賞,7,6,16,49,1,0
202505050208,ダ,2勝クラス,5,1,16,49,0,0
202505050208,ダ,2勝クラス,6,3,16,189,0,0
202505050208,ダ,2勝クラス,15,6,16,84,1,0
202505050208,ダ,2勝クラス,16,8,16,50,1,0
202505050208,ダ,2勝クラス,2,9,16,105,1,0
202505050210,芝,3勝クラス,10,2,12,71,0,1
202505050210,芝,3勝クラス,6,3,12,161,1,0
202505050210,芝,3勝クラス,2,6,12,155,5,0
202505050210,芝,3勝クラス,9,7,12,155,-3,0
202505050210,芝,3勝クラス,11,9,12,175,0,0
202505050210,芝,3勝クラス,3,12,12,70,-2,0
202505050211,芝,重賞,6,3,18,133,2,0
202505050211,芝,重賞,5,4,18,371,-1,0
202505050211,芝,重賞,8,8,18,84,0,0
202505050211,芝,重賞,16,9,18,63,0,0
202505050211,芝,重賞,12,10,18,147,-3,0
202505050211,芝,重賞,14,11,18,147,-1,0
202505050211,芝,重賞,1,15,18,49,0,0
202505050211,芝,重賞,15,16,18,161,3,0
202505050211,芝,重賞,2,18,18,119,-4,0
202505050212,芝,2勝クラス,14,1,18,35,-1,0
202505050212,芝,2勝クラス,15,2,18,71,0,1
202505050212,芝,2勝クラス,8,17,18,224,0,0
202505050212,芝,2勝クラス,13,18,18,55,0,0
202505050309,ダ,2勝クラス,12,3,16,97,1,0
202505050309,ダ,2勝クラス,3,5,16,153,1,0
202505050309,ダ,2勝クラス,15,8,16,56,0,0
202505050309,ダ,2勝クラス,2,10,16,76,5,0
202505050309,ダ,2勝クラス,9,11,16,41,1,0
202505050309,ダ,2勝クラス,4,12,16,91,1,0
202505050309,ダ,2勝クラス,11,14,16,69,0,0
202505050309,ダ,2勝クラス,8,16,16,41,0,0
202505050310,芝,3勝クラス,8,1,18,62,0,0
202505050310,芝,3勝クラス,3,3,18,69,1,0
202505050310,芝,3勝クラス,17,4,18,126,0,0
202505050310,芝,3勝クラス,16,6,18,49,-2,0
202505050310,芝,3勝クラス,6,7,18,42,0,0
202505050310,芝,3勝クラス,1,8,18,112,-1,0
202505050310,芝,3勝クラス,10,9,18,168,0,0
202505050310,芝,3勝クラス,13,13,18,76,-2,0
202505050310,芝,3勝クラス,12,14,18,76,0,0
202505050310,芝,3勝クラス,18,15,18,77,0,1
202505050310,芝,3勝クラス,5,16,18,174,0,0
202505050310,芝,3勝クラス,15,18,18,146,-5,0
202505050311,ダ,重賞,3,5,16,194,-1,0
202505050311,ダ,重賞,2,6,16,98,0,0
202505050311,ダ,重賞,11,7,16,111,1,0
202505050311,ダ,重賞,9,10,16,93,0,0
202505050311,ダ,重賞,13,12,16,188,0,1
202505050311,ダ,重賞,6,13,16,196,0,0
202505050311,ダ,重賞,5,15,16,181,0,0
202505050312,芝,2勝クラス,10,3,13,98,-1,0
202505050312,芝,2勝クラス,12,4,13,42,0,0
202505050312,芝,2勝クラス,2,5,13,84,5,0
202505050312,芝,2勝クラス,9,8,13,98,0,0
202505050312,芝,2勝クラス,13,9,13,125,1,0
202505050312,芝,2勝クラス,11,10,13,168,0,0
202505050407,ダ,2勝クラス,4,3,16,91,0,0
202505050407,ダ,2勝クラス,8,4,16,43,1,0
202505050407,ダ,2勝クラス,1,8,16,85,1,0
202505050407,ダ,2勝クラス,12,9,16,141,0,0
202505050407,ダ,2勝クラス,14,10,16,57,0,0
202505050407,ダ,2勝クラス,5,12,16,50,1,0
202505050407,ダ,2勝クラス,6,13,16,35,0,0
202505050407,ダ,2勝クラス,16,15,16,62,-1,0
202505050408,芝,2勝クラス,5,1,13,161,0,0
202505050408,芝,2勝クラス,7,4,13,70,-4,0
202505050409,ダ,3勝クラス,2,1,14,56,0,0
202505050409,ダ,3勝クラス,5,3,14,78,1,1
202505050409,ダ,3勝クラス,7,7,14,43,2,0
202505050409,ダ,3勝クラス,3,8,14,35,1,0
202505050409,ダ,3勝クラス,13,9,14,35,-1,0
202505050409,ダ,3勝クラス,14,10,14,99,-2,0
202505050409,ダ,3勝クラス,4,14,14,134,1,0
202505050410,芝,3勝クラス,6,1,11,62,1,1
202505050410,芝,3勝クラス,11,2,11,78,-2,1
202505050410,芝,3勝クラス,2,4,11,70,0,1
202505050410,芝,3勝クラス,3,6,11,99,0,1
202505050410,芝,3勝クラス,7,7,11,63,-4,0
202505050410,芝,3勝クラス,4,11,11,77,0,0
202505050411,芝,OP,15,2,18,161,2,0
202505050411,芝,OP,14,3,18,49,0,0
202505050411,芝,OP,18,5,18,84,1,0
202505050411,芝,OP,7,6,18,50,1,1
202505050411,芝,OP,17,7,18,84,1,0
202505050411,芝,OP,13,8,18,84,1,1
202505050411,芝,OP,2,9,18,91,0,0
202505050411,芝,OP,12,10,18,98,0,0
202505050411,芝,OP,10,11,18,133,0,0
202505050411,芝,OP,3,14,18,106,0,1
202505050508,ダ,2勝クラス,7,2,16,154,1,0
202505050508,ダ,2勝クラス,10,3,16,134,2,0
202505050508,ダ,2勝クラス,5,5,16,50,1,0
202505050508,ダ,2勝クラス,11,8,16,77,1,0
202505050508,ダ,2勝クラス,3,10,16,99,-1,0
202505050508,ダ,2勝クラス,6,11,16,75,4,0
202505050508,ダ,2勝クラス,15,12,16,64,-2,0
202505050508,ダ,2勝クラス,1,13,16,56,-7,0
202505050508,ダ,2勝クラス,8,14,16,169,0,0
202505050510,芝,3勝クラス,3,1,17,42,0,1
202505050510,芝,3勝クラス,6,3,17,84,2,0
202505050510,芝,3勝クラス,7,6,17,29,0,0
202505050510,芝,3勝クラス,16,7,17,91,0,0
202505050510,芝,3勝クラス,15,8,17,175,0,0
202505050510,芝,3勝クラス,5,9,17,85,0,1
202505050510,芝,3勝クラス,2,11,17,70,0,0
202505050510,芝,3勝クラス,8,12,17,154,-1,0
202505050510,芝,3勝クラス,10,13,17,64,1,0
202505050510,芝,3勝クラス,4,14,17,105,0,0
202505050510,芝,3勝クラス,14,15,17,78,0,0
202505050511,ダ,OP,15,2,16,92,0,1
202505050511,ダ,OP,3,3,16,218,1,1
202505050511,ダ,OP,9,5,16,78,1,0
202505050511,ダ,OP,12,8,16,253,2,0
202505050511,ダ,OP,11,10,16,50,1,0
202505050511,ダ,OP,1,11,16,127,2,0
202505050511,ダ,OP,10,12,16,176,-2,0
202505050511,ダ,OP,7,15,16,267,1,1
202505050512,芝,2勝クラス,8,1,18,105,-1,0
202505050512,芝,2勝クラス,17,6,18,92,0,0
202505050512,芝,2勝クラス,2,7,18,105,0,0
202505050512,芝,2勝クラス,4,8,18,196,0,0
202505050512,芝,2勝クラス,9,10,18,183,0,0
202505050512,芝,2勝クラス,15,11,18,43,1,0
202505050512,芝,2勝クラス,1,13,18,92,1,0
202505050512,芝,2勝クラス,6,14,18,92,-1,0
202505050512,芝,2勝クラス,11,15,18,84,0,0
202505050708,ダ,2勝クラス,4,2,16,49,5,0
202505050708,ダ,2勝クラス,13,5,16,84,-1,0
202505050708,ダ,2勝クラス,8,7,16,35,3,0
202505050708,ダ,2勝クラス,12,9,16,230,4,0
202505050708,ダ,2勝クラス,2,13,16,202,-2,0
202505050708,ダ,2勝クラス,16,14,16,97,2,0
202505050708,ダ,2勝クラス,14,15,16,62,3,0
202505050710,ダ,3勝クラス,15,1,16,48,1,0
202505050710,ダ,3勝クラス,3,2,16,55,1,0
202505050710,ダ,3勝クラス,4,3,16,98,0,0
202505050710,ダ,3勝クラス,14,4,16,125,5,0
202505050710,ダ,3勝クラス,16,6,16,83,0,0
202505050710,ダ,3勝クラス,1,7,16,62,-1,0
202505050710,ダ,3勝クラス,9,8,16,210,-1,0
202505050710,ダ,3勝クラス,12,9,16,147,0,0
202505050710,ダ,3勝クラス,6,10,16,83,9,1
202505050710,ダ,3勝クラス,13,12,16,48,0,0
202505050710,ダ,3勝クラス,7,13,16,56,0,0
202505050710,ダ,3勝クラス,5,14,16,27,0,0
202505050711,芝,OP,6,3,18,48,1,1
202505050711,芝,OP,15,5,18,84,3,0
202505050711,芝,OP,12,6,18,27,0,0
202505050711,芝,OP,9,7,18,174,-1,0
202505050711,芝,OP,2,8,18,160,1,1
202505050711,芝,OP,5,9,18,104,0,0
202505050711,芝,OP,11,12,18,90,0,0
202505050711,芝,OP,16,13,18,188,0,0
202505050711,芝,OP,13,14,18,42,1,0
202505050711,芝,OP,17,15,18,47,0,0
202505050712,芝,2勝クラス,4,1,9,119,0,1
202505050712,芝,2勝クラス,9,3,9,69,-2,0
202505050712,芝,2勝クラス,6,4,9,69,1,0
202505050712,芝,2勝クラス,1,5,9,104,0,0
202505050809,芝,2勝クラス,3,4,9,113,0,0
202505050809,芝,2勝クラス,6,5,9,76,0,0
202505050809,芝,2勝クラス,4,6,9,76,0,0
202505050809,芝,2勝クラス,9,7,9,140,0,1
202505050809,芝,2勝クラス,1,9,9,113,0,0
202505050810,ダ,2勝クラス,7,1,16,106,0,0
202505050810,ダ,2勝クラス,12,3,16,43,0,0
202505050810,ダ,2勝クラス,5,4,16,57,-2,0
202505050810,ダ,2勝クラス,10,5,16,43,1,0
202505050810,ダ,2勝クラス,4,6,16,43,-1,0
202505050810,ダ,2勝クラス,6,7,16,49,-2,0
202505050810,ダ,2勝クラス,14,9,16,84,-4,0
202505050810,ダ,2勝クラス,15,11,16,112,0,0
202505050810,ダ,2勝クラス,8,12,16,57,-1,0
202505050810,ダ,2勝クラス,9,14,16,168,-2,0
202505050810,ダ,2勝クラス,3,16,16,197,0,0
202505050811,芝,3勝クラス,15,1,15,127,-1,0
202505050811,芝,3勝クラス,1,2,15,92,3,0
202505050811,芝,3勝クラス,3,4,15,176,-1,0
202505050811,芝,3勝クラス,5,9,15,92,0,0
202505050811,芝,3勝クラス,8,10,15,36,-2,0
202505050811,芝,3勝クラス,2,11,15,169,0,0
202505050811,芝,3勝クラス,12,13,15,42,-1,0
202505050811,芝,3勝クラス,6,14,15,42,0,0
202505050812,芝,重賞,15,2,16,182,1,0
202505050812,芝,重賞,1,5,16,168,0,0
202505050812,芝,重賞,13,6,16,91,0,0
202505050812,芝,重賞,18,7,16,217,,0
202505050812,芝,重賞,3,9,16,70,3,0
202505050812,芝,重賞,10,10,16,105,-1,0
202505050812,芝,重賞,4,11,16,91,1,0
202505050812,芝,重賞,9,12,16,204,-2,0
202505050812,芝,重賞,5,15,16,210,2,0
202505050812,芝,重賞,6,16,16,56,0,0
202506050110,ダ,2勝クラス,3,1,12,82,-3,0
202506050110,ダ,2勝クラス,4,2,12,48,3,0
202506050110,ダ,2勝クラス,6,3,12,98,3,0
202506050110,ダ,2勝クラス,5,5,12,49,6,0
202506050110,ダ,2勝クラス,1,6,12,69,1,0
202506050110,ダ,2勝クラス,11,7,12,118,2,0
202506050110,ダ,2勝クラス,2,8,12,56,-1,0
202506050110,ダ,2勝クラス,12,9,12,82,-1,0
202506050110,ダ,2勝クラス,8,11,12,34,0,0
202506050110,ダ,2勝クラス,9,12,12,48,0,0
202506050111,芝,重賞,3,1,14,76,-3,0
202506050111,芝,重賞,4,2,14,90,-1,0
202506050111,芝,重賞,8,4,14,62,1,0
202506050111,芝,重賞,12,5,14,216,3,0
202506050111,芝,重賞,1,6,14,84,0,0
202506050111,芝,重賞,11,8,14,62,1,0
202506050111,芝,重賞,9,9,14,119,0,0
202506050111,芝,重賞,2,10,14,62,4,0
202506050111,芝,重賞,10,11,14,139,0,0
202506050111,芝,重賞,6,12,14,188,-3,0
202506050111,芝,重賞,13,13,14,77,1,1
202506050111,芝,重賞,5,14,14,67,-3,0
202506050112,芝,2勝クラス,2,1,13,118,1,0
202506050112,芝,2勝クラス,3,2,13,125,0,0
202506050112,芝,2勝クラス,5,3,13,105,0,0
202506050207,芝,2勝クラス,10,3,11,134,-2,0
202506050207,芝,2勝クラス,7,4,11,78,5,0
202506050207,芝,2勝クラス,6,7,11,105,0,0
202506050207,芝,2勝クラス,2,8,11,112,8,0
202506050207,芝,2勝クラス,11,9,11,98,0,0
202506050207,芝,2勝クラス,5,11,11,126,0,0
202506050208,ダ,2勝クラス,14,4,16,91,-3,0
202506050208,ダ,2勝クラス,15,6,16,140,0,0
202506050208,ダ,2勝クラス,12,7,16,141,1,0
202506050208,ダ,2勝クラス,5,8,16,35,0,0
202506050208,ダ,2勝クラス,1,9,16,120,0,0
202506050208,ダ,2勝クラス,6,10,16,63,1,0
202506050208,ダ,2勝クラス,9,14,16,106,0,0
202506050208,ダ,2勝クラス,10,16,16,98,0,0
202506050209,芝,3勝クラス,9,1,12,168,0,0
202506050209,芝,3勝クラス,11,3,12,71,3,0
202506050209,芝,3勝クラス,6,5,12,50,0,0
202506050209,芝,3勝クラス,7,6,12,106,0,1
202506050209,芝,3勝クラス,3,7,12,50,1,0
202506050209,芝,3勝クラス,12,8,12,71,1,1
202506050209,芝,3勝クラス,5,9,12,85,0,0
202506050209,芝,3勝クラス,2,10,12,280,0,0
202506050209,芝,3勝クラス,8,11,12,112,0,0
202506050210,ダ,3勝クラス,5,1,16,77,0,0
202506050210,ダ,3勝クラス,6,2,16,119,-1,0
202506050210,ダ,3勝クラス,10,4,16,77,1,0
202506050210,ダ,3勝クラス,15,6,16,98,2,0
202506050210,ダ,3勝クラス,8,7,16,127,-2,0
202506050210,ダ,3勝クラス,14,8,16,127,1,0
202506050210,ダ,3勝クラス,7,14,16,175,1,0
202506050211,芝,OP,10,2,16,105,0,0
202506050211,芝,OP,3,4,16,112,0,1
202506050211,芝,OP,16,9,16,64,1,0
202506050211,芝,OP,7,10,16,190,-2,0
202506050211,芝,OP,1,13,16,64,0,0
202506050211,芝,OP,14,14,16,210,0,0
202506050211,芝,OP,2,15,16,92,-1,0
202506050211,芝,OP,5,16,16,126,0,0
202506050308,ダ,2勝クラス,12,1,14,49,1,0
202506050308,ダ,2勝クラス,10,4,14,41,0,0
202506050308,ダ,2勝クラス,9,6,14,161,1,0
202506050308,ダ,2勝クラス,7,7,14,89,1,0
202506050308,ダ,2勝クラス,3,8,14,83,0,0
202506050308,ダ,2勝クラス,11,9,14,84,0,0
202506050308,ダ,2勝クラス,15,13,14,42,0,0
202506050308,ダ,2勝クラス,2,14,14,503,5,0
202506050310,ダ,3勝クラス,8,2,15,42,-1,0
202506050310,ダ,3勝クラス,6,3,15,48,0,1
202506050310,ダ,3勝クラス,11,4,15,76,1,0
202506050310,ダ,3勝クラス,12,6,15,76,-1,0
202506050310,ダ,3勝クラス,15,9,15,112,1,0
202506050310,ダ,3勝クラス,2,10,15,174,1,0
202506050310,ダ,3勝クラス,3,11,15,27,0,0
202506050310,ダ,3勝クラス,5,13,15,244,-1,0
202506050310,ダ,3勝クラス,14,14,15,97,1,0
202506050311,芝,3勝クラス,11,1,16,48,0,1
202506050311,芝,3勝クラス,8,2,16,55,2,0
202506050311,芝,3勝クラス,6,5,16,90,0,0
202506050311,芝,3勝クラス,2,6,16,55,0,0
202506050311,芝,3勝クラス,4,7,16,119,-1,0
202506050311,芝,3勝クラス,10,8,16,112,-5,0
202506050311,芝,3勝クラス,16,9,16,90,1,0
202506050311,芝,3勝クラス,1,10,16,105,-2,0
202506050311,芝,3勝クラス,13,11,16,111,0,1
202506050311,芝,3勝クラス,12,13,16,111,-1,0
202506050311,芝,3勝クラス,9,14,16,55,0,0
202506050311,芝,3勝クラス,15,15,16,153,1,0
202506050312,ダ,2勝クラス,9,1,13,84,0,0
202506050312,ダ,2勝クラス,6,2,13,112,0,0
202506050312,ダ,2勝クラス,7,3,13,126,0,0
202506050312,ダ,2勝クラス,13,4,13,118,0,0
202506050312,ダ,2勝クラス,4,5,13,61,0,0
202506050312,ダ,2勝クラス,12,7,13,140,2,0
202506050312,ダ,2勝クラス,1,8,13,188,0,0
202506050312,ダ,2勝クラス,5,9,13,126,0,0
202506050312,ダ,2勝クラス,3,10,13,144,-1,0
202506050312,ダ,2勝クラス,2,13,13,118,-1,0
202506050409,芝,2勝クラス,3,2,12,119,-1,0
202506050409,芝,2勝クラス,8,4,12,57,0,0
202506050409,芝,2勝クラス,9,5,12,168,-5,1
202506050409,芝,2勝クラス,2,8,12,106,0,0
202506050410,ダ,OP,14,1,16,78,-1,0
202506050410,ダ,OP,15,2,16,49,2,0
202506050410,ダ,OP,10,3,16,106,1,0
202506050410,ダ,OP,6,4,16,85,2,0
202506050410,ダ,OP,2,5,16,43,0,0
202506050410,ダ,OP,12,7,16,127,1,0
202506050410,ダ,OP,11,8,16,336,1,0
202506050410,ダ,OP,9,9,16,140,0,1
202506050410,ダ,OP,16,10,16,133,0,0
202506050410,ダ,OP,1,11,16,148,3,0
202506050410,ダ,OP,4,12,16,134,0,1
202506050410,ダ,OP,5,13,16,75,-3,0
202506050410,ダ,OP,3,14,16,71,1,0
202506050410,ダ,OP,13,15,16,119,0,0
202506050410,ダ,OP,7,16,16,140,0,0
202506050411,ダ,重賞,13,3,16,122,0,0
202506050411,ダ,重賞,15,5,16,70,0,0
202506050411,ダ,重賞,14,9,16,91,-1,0
202506050411,ダ,重賞,10,11,16,120,0,1
202506050411,ダ,重賞,3,13,16,85,1,1
202506050411,ダ,重賞,2,14,16,82,-3,0
202506050411,ダ,重賞,12,16,16,98,0,0
202506050510,ダ,2勝クラス,2,1,16,91,1,0
202506050510,ダ,2勝クラス,5,2,16,147,0,0
202506050510,ダ,2勝クラス,16,4,16,70,-2,0
202506050510,ダ,2勝クラス,12,5,16,98,0,0
202506050510,ダ,2勝クラス,6,6,16,56,1,0
202506050510,ダ,2勝クラス,4,7,16,140,0,0
202506050510,ダ,2勝クラス,7,8,16,83,2,0
202506050510,ダ,2勝クラス,8,9,16,83,2,0
202506050510,ダ,2勝クラス,10,10,16,140,1,0
202506050510,ダ,2勝クラス,14,11,16,68,0,0
202506050510,ダ,2勝クラス,3,12,16,98,0,0
202506050510,ダ,2勝クラス,11,13,16,98,-1,0
202506050510,ダ,2勝クラス,9,15,16,161,1,0
202506050510,ダ,2勝クラス,13,16,16,104,0,0
202506050511,芝,重賞,1,2,16,111,2,1
202506050511,芝,重賞,5,3,16,63,0,1
202506050511,芝,重賞,3,4,16,139,-1,0
202506050511,芝,重賞,14,5,16,139,-1,0
202506050511,芝,重賞,2,7,16,133,-1,1
202506050511,芝,重賞,15,8,16,105,0,0
202506050511,芝,重賞,9,10,16,97,-1,0
202506050511,芝,重賞,7,11,16,69,-3,0
202506050511,芝,重賞,6,12,16,133,0,0
202506050511,芝,重賞,16,13,16,97,-1,0
202506050511,芝,重賞,13,14,16,216,0,0
202506050511,芝,重賞,10,15,16,97,0,0
202506050511,芝,重賞,12,16,16,105,-1,0
202506050512,ダ,2勝クラス,4,1,16,63,0,0
202506050512,ダ,2勝クラス,1,3,16,84,2,0
202506050512,ダ,2勝クラス,13,4,16,42,0,0
202506050512,ダ,2勝クラス,15,6,16,63,1,0
202506050512,ダ,2勝クラス,14,7,16,91,0,0
202506050512,ダ,2勝クラス,12,8,16,125,0,0
202506050512,ダ,2勝クラス,9,9,16,104,0,0
202506050512,ダ,2勝クラス,2,11,16,195,0,0
202506050512,ダ,2勝クラス,16,13,16,384,4,0
202506050512,ダ,2勝クラス,5,15,16,49,0,0
202506050609,芝,2勝クラス,11,4,11,43,0,0
202506050610,ダ,3勝クラス,14,2,15,141,0,0
202506050610,ダ,3勝クラス,3,3,15,42,-2,1
202506050610,ダ,3勝クラス,5,4,15,127,0,0
202506050610,ダ,3勝クラス,8,5,15,27,4,0
202506050610,ダ,3勝クラス,1,6,15,91,1,0
202506050610,ダ,3勝クラス,11,6,15,581,1,0
202506050610,ダ,3勝クラス,13,9,15,112,1,1
202506050610,ダ,3勝クラス,2,10,15,203,0,0
202506050610,ダ,3勝クラス,10,11,15,161,0,0
202506050610,ダ,3勝クラス,7,14,15,232,-1,0
202506050611,芝,OP,13,3,16,77,0,0
202506050611,芝,OP,2,4,16,57,0,0
202506050611,芝,OP,15,9,16,57,1,0
202506050611,芝,OP,10,10,16,57,0,0
202506050611,芝,OP,9,11,16,57,2,0
202506050611,芝,OP,12,14,16,252,1,0
202506050611,芝,OP,16,15,16,134,0,0
202506050612,芝,2勝クラス,7,1,16,91,0,0
202506050612,芝,2勝クラス,14,2,16,98,-3,0
202506050612,芝,2勝クラス,13,3,16,120,0,0
202506050612,芝,2勝クラス,10,5,16,70,0,0
202506050612,芝,2勝クラス,4,6,16,77,1,0
202506050612,芝,2勝クラス,11,7,16,36,0,0
202506050612,芝,2勝クラス,16,9,16,112,1,0
202506050612,芝,2勝クラス,15,10,16,147,0,0
202506050612,芝,2勝クラス,2,12,16,28,-2,0
202506050612,芝,2勝クラス,12,13,16,42,-2,0
202506050612,芝,2勝クラス,1,14,16,168,-2,0
202506050612,芝,2勝クラス,9,15,16,112,-1,0
202506050612,芝,2勝クラス,6,16,16,98,-1,0
202506050709,芝,2勝クラス,7,1,16,62,-1,0
202506050709,芝,2勝クラス,15,2,16,133,0,0
202506050709,芝,2勝クラス,13,3,16,97,0,0
202506050709,芝,2勝クラス,9,4,16,49,0,0
202506050709,芝,2勝クラス,10,7,16,91,0,0
202506050709,芝,2勝クラス,6,8,16,119,0,0
202506050709,芝,2勝クラス,5,9,16,105,1,0
202506050709,芝,2勝クラス,4,10,16,105,0,0
202506050709,芝,2勝クラス,14,13,16,112,0,0
202506050709,芝,2勝クラス,12,14,16,133,0,0
202506050711,芝,重賞,15,3,16,77,-1,0
202506050711,芝,重賞,6,5,16,112,0,0
202506050711,芝,重賞,12,7,16,139,0,0
202506050711,芝,重賞,3,8,16,75,0,0
202506050711,芝,重賞,10,13,16,91,1,0
202506050712,芝,3勝クラス,14,1,14,105,3,0
202506050712,芝,3勝クラス,3,2,14,132,2,1
202506050712,芝,3勝クラス,4,3,14,56,0,1
202506050712,芝,3勝クラス,2,4,14,42,0,0
202506050712,芝,3勝クラス,7,5,14,111,4,0
202506050712,芝,3勝クラス,5,7,14,111,-6,0
202506050712,芝,3勝クラス,12,8,14,90,1,1
202506050712,芝,3勝クラス,1,9,14,126,-2,0
202506050712,芝,3勝クラス,9,10,14,104,3,0
202506050712,芝,3勝クラス,11,12,14,55,2,0
202506050712,芝,3勝クラス,10,13,14,104,3,0
202506050712,芝,3勝クラス,8,14,14,70,0,0
202506050808,ダ,2勝クラス,5,1,13,56,3,0
202506050808,ダ,2勝クラス,10,2,13,57,1,0
202506050808,ダ,2勝クラス,6,4,13,43,-2,0
202506050808,ダ,2勝クラス,7,5,13,43,3,0
202506050808,ダ,2勝クラス,13,6,13,91,-1,0
202506050808,ダ,2勝クラス,12,7,13,176,3,0
202506050808,ダ,2勝クラス,11,8,13,56,0,0
202506050808,ダ,2勝クラス,9,10,13,162,0,0
202506050808,ダ,2勝クラス,1,12,13,162,0,0
202506050808,ダ,2勝クラス,3,13,13,112,3,0
202506050809,芝,2勝クラス,6,1,14,106,-1,1
202506050809,芝,2勝クラス,8,2,14,104,0,0
202506050809,芝,2勝クラス,12,4,14,104,3,0
202506050809,芝,2勝クラス,4,5,14,133,0,0
202506050809,芝,2勝クラス,2,6,14,34,-2,0
202506050809,芝,2勝クラス,14,7,14,190,0,0
202506050809,芝,2勝クラス,11,8,14,36,0,0
202506050809,芝,2勝クラス,5,9,14,134,2,0
202506050809,芝,2勝クラス,13,10,14,104,0,0
202506050809,芝,2勝クラス,3,11,14,78,0,0
202506050809,芝,2勝クラス,7,12,14,309,1,0
202506050810,ダ,3勝クラス,10,1,16,106,0,0
202506050810,ダ,3勝クラス,8,3,16,71,2,0
202506050810,ダ,3勝クラス,7,4,16,106,0,0
202506050810,ダ,3勝クラス,13,5,16,196,0,0
202506050810,ダ,3勝クラス,2,6,16,162,-1,1
202506050810,ダ,3勝クラス,16,7,16,112,-2,0
202506050810,ダ,3勝クラス,14,8,16,106,0,0
202506050810,ダ,3勝クラス,6,9,16,85,0,0
202506050810,ダ,3勝クラス,1,11,16,133,0,0
202506050810,ダ,3勝クラス,9,13,16,134,0,0
202506050810,ダ,3勝クラス,5,14,16,112,-1,0
202506050810,ダ,3勝クラス,12,15,16,92,0,0
202506050810,ダ,3勝クラス,3,16,16,85,-3,0
202506050811,芝,重賞,4,1,16,104,2,0
202506050811,芝,重賞,10,2,16,56,-1,0
202506050811,芝,重賞,9,3,16,130,,0
202506050811,芝,重賞,5,4,16,98,2,0
202506050811,芝,重賞,7,5,16,55,-3,0
202506050811,芝,重賞,16,6,16,56,-1,0
202506050811,芝,重賞,3,7,16,56,-2,0
202506050811,芝,重賞,1,8,16,182,0,0
202506050811,芝,重賞,13,11,16,210,1,0
202506050811,芝,重賞,15,12,16,84,2,0
202506050811,芝,重賞,6,13,16,196,0,0
202506050811,芝,重賞,2,14,16,106,,0
202506050811,芝,重賞,14,15,16,133,4,0
202506050811,芝,重賞,11,16,16,112,0,0
202506050812,芝,3勝クラス,6,1,16,162,0,1
202506050812,芝,3勝クラス,5,2,16,99,0,1
202506050812,芝,3勝クラス,8,2,16,92,2,0
202506050812,芝,3勝クラス,2,5,16,210,-1,0
202506050812,芝,3勝クラス,11,6,16,189,-1,0
202506050812,芝,3勝クラス,13,7,16,105,1,1
202506050812,芝,3勝クラス,1,8,16,155,0,0
202506050812,芝,3勝クラス,3,9,16,77,0,0
202506050812,芝,3勝クラス,12,10,16,77,0,0
202506050812,芝,3勝クラス,4,12,16,77,0,0
202506050812,芝,3勝クラス,15,13,16,140,1,0
202506050812,芝,3勝クラス,16,15,16,127,1,0
202507050110,ダ,2勝クラス,12,2,13,49,1,0
202507050110,ダ,2勝クラス,13,3,13,70,0,0
202507050110,ダ,2勝クラス,11,5,13,112,0,0
202507050110,ダ,2勝クラス,9,6,13,119,0,0
202507050110,ダ,2勝クラス,10,7,13,42,1,0
202507050110,ダ,2勝クラス,3,8,13,82,-1,0
202507050110,ダ,2勝クラス,1,9,13,133,1,0
202507050110,ダ,2勝クラス,5,10,13,98,0,0
202507050110,ダ,2勝クラス,7,12,13,39,1,0
202507050110,ダ,2勝クラス,8,13,13,49,3,0
202507050111,芝,3勝クラス,6,1,12,63,0,0
202507050111,芝,3勝クラス,9,2,12,63,1,0
202507050111,芝,3勝クラス,2,3,12,63,1,0
202507050111,芝,3勝クラス,8,4,12,167,0,0
202507050111,芝,3勝クラス,10,5,12,56,0,1
202507050111,芝,3勝クラス,3,7,12,27,0,0
202507050111,芝,3勝クラス,5,8,12,42,0,0
202507050111,芝,3勝クラス,11,9,12,300,0,0
202507050111,芝,3勝クラス,12,11,12,97,0,0
202507050209,ダ,2勝クラス,3,3,16,56,0,0
202507050209,ダ,2勝クラス,10,8,16,56,5,0
202507050209,ダ,2勝クラス,11,9,16,231,-3,0
202507050209,ダ,2勝クラス,2,10,16,119,0,0
202507050209,ダ,2勝クラス,1,11,16,64,1,0
202507050209,ダ,2勝クラス,13,13,16,56,-2,0
202507050209,ダ,2勝クラス,4,15,16,175,-1,0
202507050209,ダ,2勝クラス,6,16,16,120,1,0
202507050210,芝,2勝クラス,1,2,13,64,0,0
202507050210,芝,2勝クラス,7,4,13,63,0,0
202507050210,芝,2勝クラス,9,5,13,70,1,0
202507050210,芝,2勝クラス,12,6,13,63,4,0
202507050210,芝,2勝クラス,5,8,13,106,0,0
202507050210,芝,2勝クラス,4,9,13,119,-2,0
202507050210,芝,2勝クラス,11,10,13,35,0,0
202507050210,芝,2勝クラス,2,11,13,63,1,0
202507050210,芝,2勝クラス,6,12,13,71,0,0
202507050211,ダ,重賞,2,1,16,101,0,0
202507050211,ダ,重賞,7,3,16,91,,0
202507050211,ダ,重賞,9,5,16,158,0,0
202507050211,ダ,重賞,15,10,16,120,2,0
202507050211,ダ,重賞,14,12,16,55,-1,0
202507050211,ダ,重賞,16,15,16,60,3,0
202507050310,ダ,2勝クラス,16,1,16,49,7,0
202507050310,ダ,2勝クラス,2,4,16,55,0,0
202507050310,ダ,2勝クラス,15,7,16,76,2,0
202507050310,ダ,2勝クラス,12,9,16,97,-5,0
202507050310,ダ,2勝クラス,5,10,16,70,2,0
202507050310,ダ,2勝クラス,14,12,16,49,-1,0
202507050310,ダ,2勝クラス,3,13,16,61,-1,0
202507050310,ダ,2勝クラス,4,16,16,97,0,0
202507050311,芝,重賞,8,1,17,104,0,0
202507050311,芝,重賞,7,2,17,616,0,0
202507050311,芝,重賞,3,3,17,91,0,0
202507050311,芝,重賞,14,4,17,181,1,1
202507050311,芝,重賞,6,5,17,146,0,0
202507050311,芝,重賞,9,6,17,77,1,1
202507050311,芝,重賞,11,8,17,167,1,0
202507050311,芝,重賞,5,10,17,91,0,0
202507050311,芝,重賞,2,11,17,61,-2,0
202507050311,芝,重賞,12,12,17,97,0,0
202507050311,芝,重賞,13,13,17,118,-9,0
202507050311,芝,重賞,10,14,17,202,1,0
202507050311,芝,重賞,1,15,17,77,-4,0
202507050311,芝,重賞,18,17,17,91,2,0
202507050410,芝,2勝クラス,10,4,10,105,0,0
202507050410,芝,2勝クラス,6,5,10,85,1,0
202507050410,芝,2勝クラス,1,6,10,77,0,0
202507050410,芝,2勝クラス,9,7,10,91,2,0
202507050410,芝,2勝クラス,2,10,10,112,2,0
202507050411,芝,3勝クラス,7,1,10,35,-2,0
202507050411,芝,3勝クラス,4,2,10,56,0,1
202507050411,芝,3勝クラス,3,4,10,70,0,0
202507050411,芝,3勝クラス,1,5,10,36,1,0
202507050411,芝,3勝クラス,8,6,10,120,0,1
202507050411,芝,3勝クラス,6,7,10,155,1,0
202507050411,芝,3勝クラス,9,9,10,42,0,0
202507050411,芝,3勝クラス,10,10,10,29,-1,0
202507050509,芝,OP,4,1,9,62,1,0
202507050509,芝,OP,1,2,9,111,0,0
202507050509,芝,OP,3,6,9,133,0,0
202507050509,芝,OP,6,8,9,91,0,0
202507050510,ダ,2勝クラス,7,1,16,63,0,0
202507050510,ダ,2勝クラス,8,2,16,34,-2,0
202507050510,ダ,2勝クラス,3,3,16,195,0,0
202507050510,ダ,2勝クラス,13,4,16,48,0,0
202507050510,ダ,2勝クラス,9,5,16,195,1,0
202507050510,ダ,2勝クラス,10,6,16,84,0,0
202507050510,ダ,2勝クラス,15,7,16,35,1,0
202507050510,ダ,2勝クラス,14,8,16,55,0,0
202507050510,ダ,2勝クラス,16,9,16,42,0,0
202507050510,ダ,2勝クラス,5,10,16,63,2,0
202507050510,ダ,2勝クラス,11,11,16,174,-2,0
202507050510,ダ,2勝クラス,12,12,16,140,0,0
202507050510,ダ,2勝クラス,1,13,16,68,1,0
202507050510,ダ,2勝クラス,6,14,16,125,0,0
202507050510,ダ,2勝クラス,2,16,16,48,0,0
202507050511,ダ,3勝クラス,6,1,11,70,6,0
202507050511,ダ,3勝クラス,10,2,11,140,1,1
202507050511,ダ,3勝クラス,8,3,11,70,-2,0
202507050511,ダ,3勝クラス,1,4,11,83,1,0
202507050511,ダ,3勝クラス,9,5,11,76,3,0
202507050511,ダ,3勝クラス,5,6,11,63,-1,0
202507050511,ダ,3勝クラス,3,7,11,203,-1,0
202507050511,ダ,3勝クラス,11,8,11,125,0,1
202507050511,ダ,3勝クラス,2,9,11,118,0,1
202507050511,ダ,3勝クラス,4,10,11,96,-1,0
202507050511,ダ,3勝クラス,7,11,11,76,0,0
202507050610,芝,2勝クラス,10,2,10,147,1,1
202507050610,芝,2勝クラス,6,3,10,105,0,0
202507050610,芝,2勝クラス,1,4,10,69,1,0
202507050610,芝,2勝クラス,3,5,10,126,1,0
202507050610,芝,2勝クラス,7,6,10,120,0,0
202507050610,芝,2勝クラス,5,7,10,78,-1,0
202507050610,芝,2勝クラス,9,8,10,483,0,0
202507050610,芝,2勝クラス,8,9,10,29,-5,0
202507050611,ダ,OP,15,1,16,63,-2,1
202507050611,ダ,OP,13,3,16,140,3,1
202507050611,ダ,OP,12,4,16,77,0,0
202507050611,ダ,OP,11,5,16,98,1,0
202507050611,ダ,OP,6,6,16,57,0,1
202507050611,ダ,OP,1,7,16,120,1,1
202507050611,ダ,OP,4,8,16,204,-2,0
202507050611,ダ,OP,10,9,16,78,-2,0
202507050611,ダ,OP,3,10,16,140,0,0
202507050611,ダ,OP,9,12,16,119,0,1
202507050611,ダ,OP,14,13,16,120,-1,0
202507050611,ダ,OP,2,14,16,183,0,0
202507050611,ダ,OP,5,15,16,120,0,1
202507050611,ダ,OP,8,16,16,70,0,1
202507050612,芝,2勝クラス,17,1,18,204,-1,0
202507050612,芝,2勝クラス,2,2,18,35,1,0
202507050612,芝,2勝クラス,7,3,18,162,0,0
202507050612,芝,2勝クラス,18,6,18,113,0,0
202507050612,芝,2勝クラス,13,7,18,120,-1,0
202507050612,芝,2勝クラス,16,8,18,35,0,0
202507050612,芝,2勝クラス,6,10,18,112,0,0
202507050612,芝,2勝クラス,1,11,18,97,0,0
202507050612,芝,2勝クラス,3,13,18,92,-2,0
202507050612,芝,2勝クラス,5,15,18,197,1,0
202507050612,芝,2勝クラス,4,17,18,133,1,0
202507050612,芝,2勝クラス,8,18,18,183,0,0
202508030409,ダ,2勝クラス,2,13,14,105,-7,0
202508030509,ダ,2勝クラス,10,10,12,113,-2,0
202508030510,芝,2勝クラス,4,9,10,113,-3,0
202508030510,芝,2勝クラス,1,10,10,65,1,0
202508030609,ダ,2勝クラス,13,2,12,70,0,0
202508030609,ダ,2勝クラス,7,5,12,105,-1,0
202508030609,ダ,2勝クラス,11,10,12,91,-5,0
202508030708,芝,2勝クラス,3,10,10,35,0,0
202508030710,ダ,3勝クラス,3,7,16,42,1,0
202508030710,ダ,3勝クラス,4,13,16,42,0,0
202508030712,ダ,2勝クラス,1,3,14,147,-5,0
202508030712,ダ,2勝クラス,14,13,14,106,0,0
202508030808,芝,2勝クラス,1,2,12,28,-1,0
202508030808,芝,2勝クラス,4,3,12,48,1,0
202508030808,芝,2勝クラス,9,4,12,77,0,0
202508030808,芝,2勝クラス,5,5,12,70,0,0
202508030808,芝,2勝クラス,8,7,12,84,0,0
202508030809,ダ,2勝クラス,13,1,16,42,1,0
202508030809,ダ,2勝クラス,2,5,16,133,1,0
202508030809,ダ,2勝クラス,14,9,16,40,4,0
202508030809,ダ,2勝クラス,4,12,16,91,-1,0
202508030809,ダ,2勝クラス,16,13,16,49,2,0
202508030810,芝,3勝クラス,9,6,13,84,2,0
202508030810,芝,3勝クラス,8,9,13,133,0,0
202508030810,芝,3勝クラス,10,10,13,105,-1,0
202508030811,芝,OP,6,10,10,104,0,0
202508030908,芝,2勝クラス,3,3,14,168,0,0
202508030908,芝,2勝クラス,7,6,14,91,0,0
202508030908,芝,2勝クラス,13,7,14,71,1,0
202508030908,芝,2勝クラス,11,12,14,84,0,0
202508030910,ダ,OP,13,6,14,105,-1,0
202508030910,ダ,OP,8,9,14,29,-2,0
202508030910,ダ,OP,2,10,14,112,1,0
202508030910,ダ,OP,1,11,14,148,0,0
202508030912,ダ,2勝クラス,13,1,16,252,3,0
202508030912,ダ,2勝クラス,15,2,16,28,1,0
202508030912,ダ,2勝クラス,6,4,16,35,0,0
202508030912,ダ,2勝クラス,5,10,16,281,0,0
202508030912,ダ,2勝クラス,7,11,16,259,0,0
202508030912,ダ,2勝クラス,8,15,16,162,0,0
202508031008,ダ,2勝クラス,10,1,15,70,0,1
202508031008,ダ,2勝クラス,2,3,15,34,7,0
202508031008,ダ,2勝クラス,1,4,15,28,8,0
202508031008,ダ,2勝クラス,15,5,15,132,-1,0
202508031008,ダ,2勝クラス,11,8,15,105,5,0
202508031008,ダ,2勝クラス,3,12,15,56,5,0
202508031008,ダ,2勝クラス,12,13,15,83,2,0
202508031008,ダ,2勝クラス,14,14,15,119,-2,0
202508031009,芝,2勝クラス,4,3,11,154,1,0
202508031009,芝,2勝クラス,3,6,11,55,-1,0
202508031009,芝,2勝クラス,2,7,11,69,1,0
202508031009,芝,2勝クラス,5,8,11,42,-1,0
202508031009,芝,2勝クラス,11,9,11,56,1,0
202508031010,ダ,3勝クラス,14,3,13,62,1,0
202508031010,ダ,3勝クラス,2,5,13,34,-1,0
202508031010,ダ,3勝クラス,4,8,13,91,4,0
202508031010,ダ,3勝クラス,9,10,13,132,0,0
202508031010,ダ,3勝クラス,1,11,13,111,2,0
202508031010,ダ,3勝クラス,6,13,13,126,0,0
202508031011,芝,重賞,3,8,12,77,1,0
202508031108,ダ,2勝クラス,2,2,15,42,0,0
202508031108,ダ,2勝クラス,14,3,15,64,0,0
202508031108,ダ,2勝クラス,4,5,15,77,0,0
202508031108,ダ,2勝クラス,5,9,15,162,0,0
202508031108,ダ,2勝クラス,16,10,15,64,0,0
202508031108,ダ,2勝クラス,15,15,15,112,-2,0
202508031110,芝,3勝クラス,2,1,13,42,1,0
202508031110,芝,3勝クラス,8,8,13,106,-1,0
202508031110,芝,3勝クラス,4,9,13,113,0,1
202508031111,芝,OP,6,2,15,190,0,1
202508031111,芝,OP,14,11,15,49,2,0
202508031111,芝,OP,4,13,15,84,-4,0
202508031112,芝,2勝クラス,4,2,12,49,0,0
202508031112,芝,2勝クラス,6,3,12,203,1,0
202508031112,芝,2勝クラス,9,4,12,85,-2,0
202508031112,芝,2勝クラス,7,6,12,48,1,0
202508031112,芝,2勝クラス,3,9,12,203,0,0
202508031112,芝,2勝クラス,2,10,12,63,0,0
202508040109,ダ,2勝クラス,3,1,16,42,0,0
202508040109,ダ,2勝クラス,14,3,16,34,0,0
202508040109,ダ,2勝クラス,9,6,16,27,0,0
202508040109,ダ,2勝クラス,11,9,16,111,0,0
202508040109,ダ,2勝クラス,1,10,16,42,0,0
202508040109,ダ,2勝クラス,8,11,16,104,0,0
202508040109,ダ,2勝クラス,15,12,16,77,0,0
202508040110,芝,3勝クラス,1,3,12,146,1,0
202508040110,芝,3勝クラス,9,6,12,335,1,1
202508040110,芝,3勝クラス,4,10,12,55,0,0
202508040111,ダ,OP,1,2,16,188,0,1
202508040111,ダ,OP,4,3,16,153,1,0
202508040111,ダ,OP,10,3,16,153,0,0
202508040111,ダ,OP,12,9,16,188,0,0
202508040111,ダ,OP,2,13,16,181,0,0
202508040207,芝,2勝クラス,7,5,7,161,-1,0
202508040207,芝,2勝クラス,4,7,7,42,-1,0
202508040208,ダ,2勝クラス,12,1,16,144,2,0
202508040208,ダ,2勝クラス,10,4,16,120,0,0
202508040208,ダ,2勝クラス,8,5,16,63,0,0
202508040208,ダ,2勝クラス,3,9,16,50,0,0
202508040208,ダ,2勝クラス,4,10,16,49,13,0
202508040208,ダ,2勝クラス,7,11,16,161,0,0
202508040208,ダ,2勝クラス,16,12,16,147,2,0
202508040208,ダ,2勝クラス,14,15,16,120,-1,0
202508040208,ダ,2勝クラス,1,16,16,99,1,0
202508040209,芝,2勝クラス,2,2,8,56,0,0
202508040209,芝,2勝クラス,7,3,8,50,2,0
202508040209,芝,2勝クラス,3,4,8,78,2,0
202508040209,芝,2勝クラス,4,5,8,27,0,0
202508040209,芝,2勝クラス,6,8,8,78,-1,0
202508040210,ダ,3勝クラス,10,3,12,85,0,0
202508040210,ダ,3勝クラス,1,5,12,85,0,0
202508040210,ダ,3勝クラス,4,10,12,63,0,0
202508040211,ダ,重賞,7,9,14,98,0,0
202508040211,ダ,重賞,13,13,14,113,0,1
202508040308,芝,2勝クラス,5,2,7,42,-3,0
202508040308,芝,2勝クラス,2,5,7,238,-1,0
202508040309,ダ,2勝クラス,13,1,15,182,0,0
202508040309,ダ,2勝クラス,4,3,15,49,-1,0
202508040309,ダ,2勝クラス,1,6,15,56,1,0
202508040309,ダ,2勝クラス,5,7,15,34,-1,0
202508040309,ダ,2勝クラス,3,8,15,91,-1,0
202508040309,ダ,2勝クラス,9,9,15,27,0,0
202508040309,ダ,2勝クラス,2,10,15,154,2,0
202508040309,ダ,2勝クラス,14,12,15,41,0,0
202508040309,ダ,2勝クラス,8,13,15,49,0,0
202508040310,芝,OP,16,1,16,174,0,0
202508040310,芝,OP,7,4,16,76,-1,0
202508040310,芝,OP,10,5,16,118,0,0
202508040310,芝,OP,14,8,16,84,2,1
202508040310,芝,OP,1,9,16,63,-1,0
202508040310,芝,OP,3,10,16,188,-1,0
202508040310,芝,OP,8,11,16,105,2,1
202508040310,芝,OP,5,12,16,146,0,0
202508040310,芝,OP,12,16,16,118,0,0
202508040311,芝,重賞,3,7,8,83,0,0
202508040407,ダ,2勝クラス,5,2,16,42,1,0
202508040407,ダ,2勝クラス,7,4,16,113,3,0
202508040407,ダ,2勝クラス,3,6,16,43,-2,0
202508040407,ダ,2勝クラス,1,7,16,29,-2,0
202508040407,ダ,2勝クラス,12,8,16,64,0,0
202508040407,ダ,2勝クラス,14,9,16,113,-3,0
202508040407,ダ,2勝クラス,9,13,16,189,-1,0
202508040407,ダ,2勝クラス,16,14,16,35,-1,0
202508040407,ダ,2勝クラス,8,15,16,127,0,0
202508040407,ダ,2勝クラス,13,16,16,42,-2,0
202508040408,芝,2勝クラス,3,2,15,42,0,0
202508040408,芝,2勝クラス,2,4,15,175,8,0
202508040408,芝,2勝クラス,9,5,15,28,0,0
202508040408,芝,2勝クラス,1,6,15,169,0,0
202508040408,芝,2勝クラス,15,7,15,28,0,0
202508040408,芝,2勝クラス,6,8,15,148,0,0
202508040408,芝,2勝クラス,11,9,15,84,0,1
202508040408,芝,2勝クラス,14,11,15,42,2,0
202508040408,芝,2勝クラス,12,13,15,211,1,0
202508040410,ダ,3勝クラス,1,2,14,98,-1,1
202508040410,ダ,3勝クラス,4,3,14,75,1,0
202508040410,ダ,3勝クラス,2,4,14,98,0,0
202508040410,ダ,3勝クラス,9,5,14,68,1,0
202508040410,ダ,3勝クラス,14,6,14,175,-1,0
202508040410,ダ,3勝クラス,3,7,14,77,4,0
202508040410,ダ,3勝クラス,11,8,14,119,4,0
202508040410,ダ,3勝クラス,8,9,14,35,0,0
202508040410,ダ,3勝クラス,10,10,14,29,0,0
202508040410,ダ,3勝クラス,7,11,14,189,-2,0
202508040410,ダ,3勝クラス,12,14,14,71,1,0
202508040411,芝,重賞,1,2,16,63,2,0
202508040411,芝,重賞,12,3,16,105,1,0
202508040411,芝,重賞,10,6,16,147,3,0
202508040411,芝,重賞,5,7,16,182,0,0
202508040411,芝,重賞,8,8,16,112,3,0
202508040411,芝,重賞,9,11,16,112,0,0
202508040411,芝,重賞,6,12,16,71,-1,0
202508040411,芝,重賞,14,14,16,70,0,0
202508040411,芝,重賞,4,15,16,112,1,0
202508040411,芝,重賞,15,16,16,71,5,1
202508040412,芝,3勝クラス,9,4,12,154,-7,0
202508040412,芝,3勝クラス,1,8,12,63,0,0
202508040412,芝,3勝クラス,5,9,12,84,1,1
202508040412,芝,3勝クラス,6,10,12,168,0,0
202508040412,芝,3勝クラス,10,11,12,71,-1,0
202508040412,芝,3勝クラス,7,12,12,120,0,0
202508040511,ダ,OP,9,3,16,63,1,0
202508040511,ダ,OP,15,5,16,154,1,0
202508040511,ダ,OP,6,6,16,84,-2,0
202508040511,ダ,OP,10,9,16,56,1,0
202508040511,ダ,OP,1,12,16,41,0,0
202508040511,ダ,OP,7,14,16,313,0,1
202508040512,芝,2勝クラス,1,2,15,196,-1,0
202508040512,芝,2勝クラス,7,3,15,68,1,0
202508040512,芝,2勝クラス,5,7,15,188,-1,0
202508040512,芝,2勝クラス,11,11,15,76,3,0
202508040512,芝,2勝クラス,15,14,15,27,1,0
202508040512,芝,2勝クラス,2,15,15,181,-1,0
202508040608,ダ,2勝クラス,7,1,14,78,0,0
202508040608,ダ,2勝クラス,14,4,14,35,4,0
202508040608,ダ,2勝クラス,12,5,14,99,0,0
202508040608,ダ,2勝クラス,2,6,14,113,0,0
202508040608,ダ,2勝クラス,6,7,14,210,3,0
202508040608,ダ,2勝クラス,3,8,14,64,0,0
202508040608,ダ,2勝クラス,10,9,14,35,0,0
202508040608,ダ,2勝クラス,9,11,14,85,-5,0
202508040608,ダ,2勝クラス,4,12,14,56,0,0
202508040608,ダ,2勝クラス,5,13,14,36,1,0
202508040608,ダ,2勝クラス,11,14,14,63,9,0
202508040609,芝,2勝クラス,2,1,13,77,0,0
202508040609,芝,2勝クラス,5,10,13,99,0,0
202508040609,芝,2勝クラス,9,11,13,98,0,0
202508040610,ダ,3勝クラス,6,2,16,64,0,0
202508040610,ダ,3勝クラス,11,3,16,98,0,1
202508040610,ダ,3勝クラス,3,4,16,169,0,0
202508040610,ダ,3勝クラス,7,5,16,64,-1,0
202508040610,ダ,3勝クラス,5,6,16,29,0,0
202508040610,ダ,3勝クラス,4,8,16,36,0,1
202508040610,ダ,3勝クラス,1,13,16,64,1,0
202508040610,ダ,3勝クラス,16,14,16,99,-1,0
202508040610,ダ,3勝クラス,15,15,16,92,2,0
202508040611,芝,重賞,15,1,18,168,0,0
202508040611,芝,重賞,6,2,18,168,0,0
202508040611,芝,重賞,3,3,18,98,0,0
202508040611,芝,重賞,11,4,18,119,0,0
202508040611,芝,重賞,9,5,18,98,0,0
202508040611,芝,重賞,17,6,18,168,0,0
202508040611,芝,重賞,4,8,18,196,1,0
202508040611,芝,重賞,7,10,18,154,1,0
202508040611,芝,重賞,14,12,18,154,-1,0
202508040611,芝,重賞,2,14,18,168,0,0
202508040611,芝,重賞,13,15,18,168,0,0
202508040611,芝,重賞,10,16,18,70,2,1
202508040611,芝,重賞,18,17,18,105,2,0
202508040611,芝,重賞,12,18,18,168,-1,0
202508040612,芝,3勝クラス,15,3,16,127,0,0
202508040612,芝,3勝クラス,10,5,16,77,0,0
202508040612,芝,3勝クラス,6,6,16,57,0,0
202508040612,芝,3勝クラス,12,7,16,57,0,0
202508040612,芝,3勝クラス,9,8,16,147,0,0
202508040612,芝,3勝クラス,14,10,16,77,2,0
202508040612,芝,3勝クラス,5,14,16,28,0,0
202508040612,芝,3勝クラス,8,16,16,74,0,0
202508040708,ダ,2勝クラス,13,1,16,56,3,0
202508040708,ダ,2勝クラス,15,2,16,48,0,0
202508040708,ダ,2勝クラス,8,3,16,195,0,0
202508040708,ダ,2勝クラス,7,4,16,181,0,0
202508040708,ダ,2勝クラス,12,8,16,202,0,0
202508040708,ダ,2勝クラス,14,11,16,279,0,0
202508040708,ダ,2勝クラス,9,12,16,63,0,0
202508040708,ダ,2勝クラス,6,13,16,70,-4,0
202508040708,ダ,2勝クラス,5,15,16,63,1,0
202508040708,ダ,2勝クラス,2,16,16,118,0,0
202508040709,ダ,2勝クラス,11,1,13,118,6,0
202508040709,ダ,2勝クラス,2,2,13,83,-1,0
202508040709,ダ,2勝クラス,6,3,13,84,0,0
202508040709,ダ,2勝クラス,8,5,13,167,2,0
202508040709,ダ,2勝クラス,5,7,13,111,-1,0
202508040709,ダ,2勝クラス,4,9,13,133,3,0
202508040709,ダ,2勝クラス,12,10,13,62,1,0
202508040709,ダ,2勝クラス,9,11,13,28,-1,0
202508040709,ダ,2勝クラス,1,12,13,47,1,0
202508040710,芝,3勝クラス,1,1,12,251,0,1
202508040710,芝,3勝クラス,4,3,12,126,0,0
202508040710,芝,3勝クラス,11,5,12,63,1,0
202508040710,芝,3勝クラス,5,6,12,63,-2,0
202508040710,芝,3勝クラス,7,7,12,90,-7,0
202508040710,芝,3勝クラス,10,8,12,161,0,1
202508040710,芝,3勝クラス,2,9,12,42,1,0
202508040711,芝,重賞,3,2,11,105,1,0
202508040712,芝,2勝クラス,1,1,16,105,0,0
202508040712,芝,2勝クラス,12,3,16,55,-2,0
202508040712,芝,2勝クラス,5,4,16,105,0,0
202508040712,芝,2勝クラス,8,8,16,147,-1,0
202508040712,芝,2勝クラス,9,13,16,35,0,1
202508040712,芝,2勝クラス,16,15,16,91,0,0
202508040808,芝,2勝クラス,8,1,8,98,0,0
202508040808,芝,2勝クラス,5,2,8,182,-1,0
202508040808,芝,2勝クラス,2,4,8,70,0,0
202508040808,芝,2勝クラス,7,6,8,77,0,0
202508040808,芝,2勝クラス,3,7,8,140,-1,0
202508040810,ダ,3勝クラス,9,2,16,76,1,0
202508040810,ダ,3勝クラス,13,3,16,42,1,0
202508040810,ダ,3勝クラス,7,5,16,50,0,0
202508040810,ダ,3勝クラス,6,6,16,196,0,0
202508040810,ダ,3勝クラス,11,7,16,43,-2,0
202508040810,ダ,3勝クラス,5,8,16,133,2,0
202508040810,ダ,3勝クラス,8,9,16,211,-2,0
202508040810,ダ,3勝クラス,1,10,16,91,-1,0
202508040810,ダ,3勝クラス,12,11,16,57,0,0
202508040810,ダ,3勝クラス,4,12,16,113,2,0
202508040810,ダ,3勝クラス,14,13,16,421,1,0
202508040810,ダ,3勝クラス,15,14,16,42,0,1
202508040811,ダ,OP,4,2,16,126,1,0
202508040811,ダ,OP,8,3,16,85,1,0
202508040811,ダ,OP,1,4,16,196,0,0
202508040811,ダ,OP,12,5,16,112,1,0
202508040811,ダ,OP,10,9,16,112,-2,0
202508040811,ダ,OP,3,12,16,147,-3,0
202508040811,ダ,OP,2,13,16,111,0,0
202508040811,ダ,OP,14,16,16,56,0,0
202508040812,芝,重賞,6,4,17,98,0,0
202508040812,芝,重賞,8,10,17,112,4,0
202508040812,芝,重賞,14,11,17,112,-1,0
202508040812,芝,重賞,12,13,17,98,0,0
202508040812,芝,重賞,3,15,17,84,-1,0
202509050108,ダ,2勝クラス,13,1,16,63,-2,0
202509050108,ダ,2勝クラス,10,2,16,63,-1,0
202509050108,ダ,2勝クラス,8,3,16,55,-1,0
202509050108,ダ,2勝クラス,11,4,16,98,0,0
202509050108,ダ,2勝クラス,16,5,16,84,0,0
202509050108,ダ,2勝クラス,1,6,16,62,1,0
202509050108,ダ,2勝クラス,6,8,16,196,0,0
202509050108,ダ,2勝クラス,4,9,16,76,0,0
202509050108,ダ,2勝クラス,2,11,16,76,-4,0
202509050108,ダ,2勝クラス,14,14,16,82,-5,0
202509050108,ダ,2勝クラス,7,15,16,42,0,0
202509050110,ダ,3勝クラス,2,1,16,49,-1,1
202509050110,ダ,3勝クラス,14,2,16,82,0,1
202509050110,ダ,3勝クラス,15,3,16,63,0,0
202509050110,ダ,3勝クラス,11,4,16,98,2,1
202509050110,ダ,3勝クラス,4,5,16,69,0,0
202509050110,ダ,3勝クラス,9,6,16,90,0,0
202509050110,ダ,3勝クラス,3,8,16,105,0,0
202509050110,ダ,3勝クラス,16,9,16,105,-1,0
202509050110,ダ,3勝クラス,10,10,16,69,0,0
202509050110,ダ,3勝クラス,13,11,16,90,0,0
202509050110,ダ,3勝クラス,12,12,16,147,-1,0
202509050110,ダ,3勝クラス,1,14,16,90,0,0
202509050110,ダ,3勝クラス,7,15,16,112,0,0
202509050111,芝,重賞,4,2,14,160,2,0
202509050111,芝,重賞,12,5,14,139,1,0
202509050111,芝,重賞,3,6,14,83,0,1
202509050111,芝,重賞,5,7,14,119,0,0
202509050111,芝,重賞,8,9,14,97,0,0
202509050111,芝,重賞,6,12,14,84,-1,0
202509050111,芝,重賞,9,13,14,54,-2,0
202509050111,芝,重賞,11,14,14,90,,0
202509050208,芝,2勝クラス,7,2,8,71,0,0
202509050208,芝,2勝クラス,5,3,8,224,0,0
202509050208,芝,2勝クラス,3,4,8,64,0,0
202509050208,芝,2勝クラス,2,5,8,267,0,0
202509050208,芝,2勝クラス,6,6,8,43,3,0
202509050208,芝,2勝クラス,8,7,8,91,4,0
202509050209,ダ,2勝クラス,4,1,13,43,0,0
202509050209,ダ,2勝クラス,1,2,13,92,-1,0
202509050209,ダ,2勝クラス,7,3,13,119,0,0
202509050209,ダ,2勝クラス,2,4,13,42,-3,0
202509050209,ダ,2勝クラス,9,5,13,77,1,0
202509050209,ダ,2勝クラス,13,6,13,155,3,0
202509050209,ダ,2勝クラス,12,7,13,43,0,0
202509050209,ダ,2勝クラス,3,8,13,105,-2,0
202509050209,ダ,2勝クラス,10,10,13,224,0,0
202509050209,ダ,2勝クラス,5,11,13,36,0,0
202509050210,芝,3勝クラス,12,1,18,189,0,0
202509050210,芝,3勝クラス,9,2,18,92,1,0
202509050210,芝,3勝クラス,3,3,18,29,0,0
202509050210,芝,3勝クラス,15,4,18,134,1,0
202509050210,芝,3勝クラス,7,5,18,224,0,0
202509050210,芝,3勝クラス,4,6,18,92,-1,0
202509050210,芝,3勝クラス,6,7,18,92,1,0
202509050210,芝,3勝クラス,13,10,18,92,0,0
202509050210,芝,3勝クラス,8,11,18,106,5,0
202509050210,芝,3勝クラス,18,13,18,49,2,0
202509050210,芝,3勝クラス,5,14,18,105,0,0
202509050210,芝,3勝クラス,2,15,18,36,-1,0
202509050210,芝,3勝クラス,16,16,18,315,0,0
202509050210,芝,3勝クラス,11,18,18,127,-1,0
202509050211,ダ,OP,8,1,16,64,0,1
202509050211,ダ,OP,1,2,16,119,1,0
202509050211,ダ,OP,15,3,16,84,0,0
202509050211,ダ,OP,3,4,16,169,2,0
202509050211,ダ,OP,14,5,16,182,0,0
202509050211,ダ,OP,4,6,16,63,0,0
202509050211,ダ,OP,5,7,16,112,0,0
202509050211,ダ,OP,9,8,16,231,0,0
202509050211,ダ,OP,2,9,16,231,0,0
202509050211,ダ,OP,7,10,16,112,0,0
202509050211,ダ,OP,12,11,16,36,-1,0
202509050211,ダ,OP,13,12,16,126,0,0
202509050211,ダ,OP,6,13,16,175,1,1
202509050211,ダ,OP,16,14,16,84,0,0
202509050211,ダ,OP,10,15,16,140,1,0
202509050211,ダ,OP,11,16,16,91,-1,0
202509050212,芝,2勝クラス,17,1,17,182,3,0
202509050212,芝,2勝クラス,2,3,17,35,0,0
202509050212,芝,2勝クラス,11,4,17,71,1,0
202509050212,芝,2勝クラス,7,7,17,83,0,0
202509050212,芝,2勝クラス,16,8,17,71,1,0
202509050212,芝,2勝クラス,10,9,17,113,1,0
202509050212,芝,2勝クラス,6,10,17,154,0,0
202509050212,芝,2勝クラス,9,12,17,106,0,0
202509050212,芝,2勝クラス,12,13,17,43,1,0
202509050212,芝,2勝クラス,5,14,17,35,3,0
202509050212,芝,2勝クラス,1,15,17,57,0,0
202509050212,芝,2勝クラス,14,17,17,154,0,0
202509050310,ダ,2勝クラス,14,4,14,42,4,0
202509050310,ダ,2勝クラス,8,5,14,84,-1,0
202509050310,ダ,2勝クラス,7,6,14,34,5,0
202509050310,ダ,2勝クラス,6,7,14,76,0,0
202509050310,ダ,2勝クラス,13,8,14,42,3,0
202509050310,ダ,2勝クラス,9,9,14,63,-1,0
202509050310,ダ,2勝クラス,2,10,14,69,-1,0
202509050310,ダ,2勝クラス,5,12,14,265,4,0
202509050310,ダ,2勝クラス,3,13,14,76,-1,0
202509050310,ダ,2勝クラス,1,14,14,140,1,0
202509050311,芝,OP,10,1,13,216,-2,0
202509050311,芝,OP,6,2,13,140,0,1
202509050311,芝,OP,11,4,13,98,0,0
202509050311,芝,OP,12,10,13,41,1,0
202509050311,芝,OP,4,11,13,98,0,0
202509050311,芝,OP,5,12,13,175,-1,0
202509050312,芝,2勝クラス,4,3,10,84,1,0
202509050312,芝,2勝クラス,8,4,10,90,0,0
202509050312,芝,2勝クラス,5,7,10,84,0,0
202509050408,ダ,2勝クラス,8,2,11,63,-1,0
202509050408,ダ,2勝クラス,11,3,11,78,-1,0
202509050408,ダ,2勝クラス,10,4,11,78,2,0
202509050408,ダ,2勝クラス,2,5,11,78,1,0
202509050408,ダ,2勝クラス,4,7,11,154,1,0
202509050408,ダ,2勝クラス,5,9,11,49,-1,0
202509050408,ダ,2勝クラス,3,10,11,106,1,0
202509050409,芝,3勝クラス,4,1,15,91,-1,1
202509050409,芝,3勝クラス,12,2,15,84,2,0
202509050409,芝,3勝クラス,6,3,15,92,2,0
202509050409,芝,3勝クラス,7,4,15,106,4,0
202509050409,芝,3勝クラス,10,5,15,169,2,1
202509050409,芝,3勝クラス,3,6,15,56,-1,0
202509050409,芝,3勝クラス,8,11,15,77,1,0
202509050409,芝,3勝クラス,2,12,15,91,5,0
202509050409,芝,3勝クラス,9,13,15,35,0,0
202509050409,芝,3勝クラス,14,14,15,218,0,1
202509050409,芝,3勝クラス,11,15,15,211,-1,0
202509050410,ダ,3勝クラス,13,1,16,90,-1,0
202509050410,ダ,3勝クラス,16,2,16,105,-3,0
202509050410,ダ,3勝クラス,12,3,16,196,-1,0
202509050410,ダ,3勝クラス,4,4,16,77,-2,0
202509050410,ダ,3勝クラス,6,5,16,36,0,0
202509050410,ダ,3勝クラス,9,6,16,77,2,0
202509050410,ダ,3勝クラス,10,8,16,175,2,0
202509050410,ダ,3勝クラス,8,9,16,105,3,0
202509050410,ダ,3勝クラス,11,10,16,183,-1,1
202509050410,ダ,3勝クラス,7,13,16,57,3,0
202509050410,ダ,3勝クラス,1,14,16,64,0,0
202509050410,ダ,3勝クラス,5,15,16,43,0,0
202509050410,ダ,3勝クラス,2,16,16,56,3,1
202509050411,芝,重賞,17,3,18,112,0,0
202509050411,芝,重賞,18,7,18,106,3,0
202509050411,芝,重賞,2,9,18,105,-1,0
202509050411,芝,重賞,3,12,18,106,0,0
202509050411,芝,重賞,12,14,18,62,0,0
202509050411,芝,重賞,1,18,18,148,0,0
202509050412,芝,2勝クラス,8,1,10,91,1,0
202509050412,芝,2勝クラス,1,3,10,106,0,0
202509050412,芝,2勝クラス,5,6,10,62,0,0
202509050412,芝,2勝クラス,6,7,10,21,1,0
202509050412,芝,2勝クラス,10,8,10,91,-5,0
202509050412,芝,2勝クラス,2,9,10,99,0,0
202509050509,ダ,OP,8,1,10,84,0,0
202509050510,芝,2勝クラス,4,1,8,125,-3,0
202509050510,芝,2勝クラス,1,2,8,41,0,0
202509050510,芝,2勝クラス,3,3,8,84,0,0
202509050510,芝,2勝クラス,2,4,8,83,0,0
202509050510,芝,2勝クラス,8,5,8,125,1,0
202509050510,芝,2勝クラス,6,6,8,20,0,0
202509050510,芝,2勝クラス,5,8,8,209,1,0
202509050511,芝,OP,2,2,15,217,1,0
202509050511,芝,OP,14,3,15,42,-1,1
202509050511,芝,OP,1,4,15,68,0,0
202509050511,芝,OP,16,5,15,104,0,0
202509050511,芝,OP,15,6,15,132,-1,0
202509050511,芝,OP,10,8,15,104,0,0
202509050511,芝,OP,8,10,15,132,-2,0
202509050511,芝,OP,12,10,15,77,1,0
202509050511,芝,OP,6,12,15,42,0,0
202509050511,芝,OP,13,13,15,160,-1,0
202509050511,芝,OP,3,15,15,132,1,0
202509050512,芝,2勝クラス,9,1,16,104,1,0
202509050512,芝,2勝クラス,6,3,16,76,0,0
202509050512,芝,2勝クラス,14,5,16,105,1,0
202509050512,芝,2勝クラス,5,6,16,188,-3,0
202509050512,芝,2勝クラス,8,7,16,76,1,0
202509050512,芝,2勝クラス,11,8,16,42,-1,0
202509050512,芝,2勝クラス,10,9,16,151,2,0
202509050512,芝,2勝クラス,3,10,16,125,0,0
202509050512,芝,2勝クラス,16,11,16,76,0,0
202509050512,芝,2勝クラス,13,13,16,90,0,0
202509050512,芝,2勝クラス,4,14,16,161,0,0
202509050512,芝,2勝クラス,2,15,16,76,-1,0
202509050512,芝,2勝クラス,1,16,16,188,0,0
202509050608,ダ,2勝クラス,1,1,15,78,7,0
202509050608,ダ,2勝クラス,8,3,15,84,-3,0
202509050608,ダ,2勝クラス,4,5,15,71,1,0
202509050608,ダ,2勝クラス,6,6,15,127,1,0
202509050608,ダ,2勝クラス,7,9,15,99,-1,0
202509050608,ダ,2勝クラス,13,10,15,105,3,0
202509050608,ダ,2勝クラス,3,11,15,84,-1,0
202509050608,ダ,2勝クラス,15,13,15,63,-2,0
202509050608,ダ,2勝クラス,10,14,15,133,1,0
202509050609,ダ,3勝クラス,15,1,16,49,0,1
202509050609,ダ,3勝クラス,14,2,16,92,0,0
202509050609,ダ,3勝クラス,6,3,16,77,1,0
202509050609,ダ,3勝クラス,8,4,16,245,0,0
202509050609,ダ,3勝クラス,13,5,16,91,0,0
202509050609,ダ,3勝クラス,1,6,16,28,2,0
202509050609,ダ,3勝クラス,2,9,16,105,0,0
202509050609,ダ,3勝クラス,16,10,16,105,1,0
202509050609,ダ,3勝クラス,5,11,16,63,1,0
202509050609,ダ,3勝クラス,4,12,16,49,0,0
202509050609,ダ,3勝クラス,9,13,16,78,0,0
202509050609,ダ,3勝クラス,11,15,16,97,-1,0
202509050609,ダ,3勝クラス,12,16,16,97,-2,0
202509050610,ダ,OP,9,1,16,182,4,1
202509050610,ダ,OP,2,2,16,85,1,0
202509050610,ダ,OP,1,4,16,133,2,1
202509050610,ダ,OP,8,5,16,63,0,0
202509050610,ダ,OP,5,6,16,113,0,0
202509050610,ダ,OP,3,7,16,110,0,0
202509050610,ダ,OP,13,9,16,85,2,0
202509050610,ダ,OP,6,10,16,113,-1,0
202509050610,ダ,OP,7,11,16,85,-2,0
202509050610,ダ,OP,16,12,16,168,1,0
202509050610,ダ,OP,4,13,16,56,-2,0
202509050611,芝,重賞,8,1,14,112,2,0
202509050611,芝,重賞,10,2,14,63,0,0
202509050611,芝,重賞,12,3,14,64,0,0
202509050611,芝,重賞,3,4,14,148,0,0
202509050611,芝,重賞,1,6,14,92,0,0
202509050611,芝,重賞,5,9,14,120,2,0
202509050612,芝,3勝クラス,12,2,14,85,-7,0
202509050612,芝,3勝クラス,1,3,14,56,0,1
202509050612,芝,3勝クラス,2,4,14,57,1,1
202509050612,芝,3勝クラス,3,5,14,98,0,0
202509050612,芝,3勝クラス,10,7,14,43,0,0
202509050612,芝,3勝クラス,14,9,14,28,0,0
202509050612,芝,3勝クラス,6,10,14,28,1,0
202509050612,芝,3勝クラス,4,11,14,22,0,0
202509050612,芝,3勝クラス,9,12,14,204,-1,0
202509050612,芝,3勝クラス,5,13,14,189,0,0
202509050612,芝,3勝クラス,7,14,14,140,0,1
202509050708,ダ,2勝クラス,7,2,16,56,-2,0
202509050708,ダ,2勝クラス,5,7,16,272,0,0
202509050708,ダ,2勝クラス,10,8,16,132,-1,0
202509050708,ダ,2勝クラス,12,10,16,202,2,0
202509050708,ダ,2勝クラス,9,11,16,28,-2,0
202509050710,ダ,3勝クラス,3,1,16,98,12,0
202509050710,ダ,3勝クラス,6,2,16,63,0,0
202509050710,ダ,3勝クラス,16,3,16,77,1,0
202509050710,ダ,3勝クラス,12,4,16,339,1,0
202509050710,ダ,3勝クラス,14,5,16,70,0,0
202509050710,ダ,3勝クラス,8,7,16,103,0,0
202509050710,ダ,3勝クラス,15,10,16,97,-2,0
202509050710,ダ,3勝クラス,5,12,16,103,1,0
202509050710,ダ,3勝クラス,7,13,16,76,2,0
202509050710,ダ,3勝クラス,10,15,16,90,1,0
202509050711,芝,重賞,15,1,16,90,0,0
202509050711,芝,重賞,7,3,16,153,0,0
202509050711,芝,重賞,3,4,16,75,0,0
202509050711,芝,重賞,1,5,16,244,,0
202509050711,芝,重賞,2,6,16,90,-1,0
202509050711,芝,重賞,8,8,16,168,0,0
202509050711,芝,重賞,13,9,16,90,0,0
202509050711,芝,重賞,6,10,16,41,0,0
202509050711,芝,重賞,10,12,16,125,1,0
202509050711,芝,重賞,4,13,16,84,0,0
202509050711,芝,重賞,16,14,16,111,-1,0
202509050711,芝,重賞,14,15,16,75,0,0
202509050711,芝,重賞,5,16,16,90,0,0
202509050712,芝,2勝クラス,4,2,9,104,4,0
202509050712,芝,2勝クラス,6,4,9,35,-7,0
202509050712,芝,2勝クラス,5,5,9,51,1,0
202509050712,芝,2勝クラス,9,6,9,90,0,0
202509050712,芝,2勝クラス,7,9,9,84,0,0
202509050808,ダ,2勝クラス,9,3,13,42,1,0
202509050808,ダ,2勝クラス,12,4,13,43,0,0
202509050808,ダ,2勝クラス,13,5,13,98,0,0
202509050808,ダ,2勝クラス,2,6,13,148,2,0
202509050808,ダ,2勝クラス,11,7,13,99,2,0
202509050808,ダ,2勝クラス,6,9,13,57,-1,0
202509050808,ダ,2勝クラス,7,11,13,64,1,0
202509050808,ダ,2勝クラス,1,12,13,78,-4,0
202509050808,ダ,2勝クラス,8,13,13,42,0,0
202509050809,芝,2勝クラス,9,4,12,190,1,0
202509050809,芝,2勝クラス,8,5,12,92,4,0
202509050809,芝,2勝クラス,12,6,12,78,4,0
202509050809,芝,2勝クラス,2,7,12,211,0,0
202509050809,芝,2勝クラス,6,8,12,119,0,0
202509050809,芝,2勝クラス,10,9,12,120,2,0
202509050809,芝,2勝クラス,11,10,12,36,2,0
202509050809,芝,2勝クラス,1,11,12,78,1,0
202509050809,芝,2勝クラス,7,12,12,78,-1,0
202509050810,芝,3勝クラス,7,1,11,91,1,0
202509050810,芝,3勝クラス,6,2,11,64,0,0
202509050810,芝,3勝クラス,5,4,11,134,0,0
202509050810,芝,3勝クラス,8,5,11,98,0,0
202509050810,芝,3勝クラス,1,6,11,70,-2,0
202509050810,芝,3勝クラス,4,7,11,42,0,0
202509050810,芝,3勝クラス,2,8,11,36,0,0
202509050810,芝,3勝クラス,11,9,11,49,0,0
202509050810,芝,3勝クラス,10,10,11,148,0,0
202509050810,芝,3勝クラス,9,11,11,29,1,0
202509050811,ダ,OP,3,1,16,63,0,0
202509050811,ダ,OP,14,2,16,85,2,0
202509050811,ダ,OP,6,3,16,50,2,0
202509050811,ダ,OP,5,4,16,154,-1,0
202509050811,ダ,OP,9,5,16,106,2,1
202509050811,ダ,OP,8,6,16,190,-6,0
202509050811,ダ,OP,11,8,16,63,0,0
202509050811,ダ,OP,2,10,16,84,1,0
202509050811,ダ,OP,4,11,16,224,0,0
202509050811,ダ,OP,13,12,16,35,0,0
202509050811,ダ,OP,15,13,16,84,-3,0
202509050811,ダ,OP,1,14,16,80,1,0
202509050811,ダ,OP,7,15,16,161,0,0
202509050811,ダ,OP,10,16,16,50,0,0
202509050812,芝,3勝クラス,6,1,10,246,0,1
202509050812,芝,3勝クラス,10,2,10,98,0,1
202509050812,芝,3勝クラス,2,3,10,92,1,0
202509050812,芝,3勝クラス,8,3,10,113,-1,1
202509050812,芝,3勝クラス,3,5,10,71,1,0
202509050812,芝,3勝クラス,4,6,10,119,0,1
202509050812,芝,3勝クラス,1,7,10,98,1,1
202509050812,芝,3勝クラス,5,8,10,77,0,0
202509050812,芝,3勝クラス,9,9,10,99,-3,0
202509050812,芝,3勝クラス,7,10,10,49,0,0
202602010410,ダ,2勝クラス,6,1,9,112,3,0
202602010410,ダ,2勝クラス,9,2,9,50,-2,0
202602010410,ダ,2勝クラス,2,3,9,126,0,0
202602010410,ダ,2勝クラス,3,4,9,92,0,0
202602010410,ダ,2勝クラス,1,5,9,147,2,0
202602010410,ダ,2勝クラス,8,6,9,113,-1,0
202602010410,ダ,2勝クラス,4,7,9,119,1,0
202602010410,ダ,2勝クラス,7,8,9,148,1,0
202602010410,ダ,2勝クラス,5,9,9,119,0,0
202602010411,芝,3勝クラス,14,1,15,112,0,0
202602010411,芝,3勝クラス,4,2,15,84,0,0
202602010411,芝,3勝クラス,8,3,15,99,-1,0
202602010411,芝,3勝クラス,3,4,15,182,0,0
202602010411,芝,3勝クラス,9,5,15,127,-2,0
202602010411,芝,3勝クラス,6,6,15,210,1,0
202602010411,芝,3勝クラス,10,7,15,92,-1,0
202602010411,芝,3勝クラス,11,8,15,112,0,0
202602010411,芝,3勝クラス,5,9,15,160,0,0
202602010411,芝,3勝クラス,1,10,15,92,0,0
202602010411,芝,3勝クラス,12,11,15,92,0,0
202602010411,芝,3勝クラス,15,12,15,141,1,0
202602010411,芝,3勝クラス,2,13,15,252,1,0
202602010411,芝,3勝クラス,7,14,15,167,0,0
202602010411,芝,3勝クラス,13,15,15,167,0,0
202603010110,芝,2勝クラス,16,1,16,48,0,0
202603010110,芝,2勝クラス,4,2,16,105,0,0
202603010110,芝,2勝クラス,8,3,16,154,0,0
202603010110,芝,2勝クラス,12,3,16,77,0,0
202603010110,芝,2勝クラス,2,5,16,153,0,0
202603010110,芝,2勝クラス,11,7,16,153,0,0
202603010110,芝,2勝クラス,14,8,16,104,0,0
202603010110,芝,2勝クラス,5,9,16,154,1,0
202603010110,芝,2勝クラス,7,10,16,105,0,0
202603010110,芝,2勝クラス,10,11,16,133,1,0
202603010110,芝,2勝クラス,3,12,16,153,-1,0
202603010110,芝,2勝クラス,13,13,16,105,-1,0
202603010110,芝,2勝クラス,1,14,16,175,0,0
202603010110,芝,2勝クラス,15,15,16,174,0,0
202603010111,ダ,OP,1,1,15,118,2,0
202603010111,ダ,OP,15,2,15,188,0,0
202603010111,ダ,OP,11,3,15,140,0,0
202603010111,ダ,OP,10,4,15,153,-4,0
202603010111,ダ,OP,13,5,15,140,3,0
202603010111,ダ,OP,6,6,15,146,-6,0
202603010111,ダ,OP,9,7,15,146,-4,0
202603010111,ダ,OP,3,8,15,167,-1,0
202603010111,ダ,OP,5,9,15,140,-4,0
202603010111,ダ,OP,2,11,15,209,1,0
202603010111,ダ,OP,7,12,15,55,-1,0
202603010111,ダ,OP,4,13,15,96,-1,0
202603010111,ダ,OP,14,14,15,167,0,0
202603010111,ダ,OP,12,15,15,160,-1,0
202603010210,ダ,2勝クラス,8,1,16,78,1,0
202603010210,ダ,2勝クラス,14,2,16,161,0,0
202603010210,ダ,2勝クラス,6,3,16,98,0,0
202603010210,ダ,2勝クラス,7,5,16,141,-1,0
202603010210,ダ,2勝クラス,3,7,16,71,-1,0
202603010210,ダ,2勝クラス,5,8,16,134,0,0
202603010210,ダ,2勝クラス,1,9,16,85,2,0
202603010210,ダ,2勝クラス,13,10,16,106,0,0
202603010210,ダ,2勝クラス,9,11,16,406,-1,0
202603010210,ダ,2勝クラス,4,12,16,197,0,0
202603010210,ダ,2勝クラス,2,13,16,119,0,0
202603010210,ダ,2勝クラス,12,14,16,176,1,0
202603010210,ダ,2勝クラス,10,16,16,176,-1,0
202603010211,芝,OP,8,2,15,98,-1,0
202603010211,芝,OP,14,3,15,63,0,0
202603010211,芝,OP,12,4,15,71,0,0
202603010211,芝,OP,4,5,15,56,-1,0
202603010211,芝,OP,9,6,15,90,1,0
202603010211,芝,OP,7,7,15,78,0,0
202603010211,芝,OP,10,8,15,196,1,0
202603010211,芝,OP,13,9,15,70,0,1
202603010211,芝,OP,15,10,15,97,2,0
202603010211,芝,OP,5,11,15,112,-3,0
202603010211,芝,OP,6,12,15,97,0,0
202603010211,芝,OP,3,13,15,196,-1,0
202603010211,芝,OP,2,14,15,98,0,0
202603010311,ダ,2勝クラス,8,1,15,90,2,0
202603010311,ダ,2勝クラス,11,2,15,98,-1,0
202603010311,ダ,2勝クラス,3,3,15,112,0,0
202603010311,ダ,2勝クラス,10,4,15,69,0,0
202603010311,ダ,2勝クラス,7,6,15,146,0,0
202603010311,ダ,2勝クラス,6,7,15,133,0,0
202603010311,ダ,2勝クラス,5,8,15,167,0,0
202603010311,ダ,2勝クラス,15,9,15,49,2,0
202603010311,ダ,2勝クラス,1,10,15,279,-2,0
202603010311,ダ,2勝クラス,4,11,15,307,-1,0
202603010311,ダ,2勝クラス,9,12,15,172,1,0
202603010311,ダ,2勝クラス,14,13,15,145,0,0
202603010311,ダ,2勝クラス,12,15,15,77,0,0
202603010410,芝,2勝クラス,13,1,13,77,1,0
202603010410,芝,2勝クラス,11,2,13,112,-5,0
202603010410,芝,2勝クラス,3,3,13,85,0,0
202603010410,芝,2勝クラス,5,5,13,85,0,0
202603010410,芝,2勝クラス,7,6,13,57,-5,0
202603010410,芝,2勝クラス,6,8,13,112,-1,0
202603010410,芝,2勝クラス,9,9,13,239,5,0
202603010410,芝,2勝クラス,1,10,13,133,-1,0
202603010410,芝,2勝クラス,12,11,13,147,-1,0
202603010410,芝,2勝クラス,4,12,13,161,-2,0
202603010410,芝,2勝クラス,8,13,13,104,1,0
202603010411,芝,重賞,13,1,16,449,-3,0
202603010411,芝,重賞,14,2,16,112,4,0
202603010411,芝,重賞,16,3,16,169,0,1
202603010411,芝,重賞,11,4,16,154,-2,0
202603010411,芝,重賞,15,5,16,182,-1,0
202603010411,芝,重賞,12,6,16,70,0,0
202603010411,芝,重賞,10,7,16,182,0,0
202603010411,芝,重賞,3,8,16,154,2,0
202603010411,芝,重賞,5,9,16,85,1,0
202603010411,芝,重賞,4,10,16,85,-1,0
202603010411,芝,重賞,8,11,16,182,-9,0
202603010411,芝,重賞,2,12,16,85,0,0
202603010411,芝,重賞,1,13,16,84,0,0
202603010411,芝,重賞,7,14,16,134,0,0
202603010411,芝,重賞,9,15,16,98,0,1
202603010411,芝,重賞,6,16,16,141,-2,0
202603010510,芝,2勝クラス,7,2,16,98,1,0
202603010510,芝,2勝クラス,11,3,16,74,-2,0
202603010510,芝,2勝クラス,6,4,16,42,0,0
202603010510,芝,2勝クラス,10,6,16,188,0,0
202603010510,芝,2勝クラス,2,7,16,83,2,0
202603010510,芝,2勝クラス,3,8,16,105,0,0
202603010510,芝,2勝クラス,9,9,16,168,0,0
202603010510,芝,2勝クラス,5,10,16,105,0,0
202603010510,芝,2勝クラス,14,11,16,83,1,0
202603010510,芝,2勝クラス,15,12,16,69,3,0
202603010510,芝,2勝クラス,1,14,16,146,-1,0
202603010511,ダ,3勝クラス,8,1,11,69,0,0
202603010511,ダ,3勝クラス,11,2,11,118,1,0
202603010511,ダ,3勝クラス,6,3,11,161,2,0
202603010511,ダ,3勝クラス,3,4,11,49,0,0
202603010511,ダ,3勝クラス,12,5,11,209,0,0
202603010511,ダ,3勝クラス,5,6,11,90,-1,0
202603010511,ダ,3勝クラス,7,7,11,153,0,0
202603010511,ダ,3勝クラス,9,8,11,103,-1,0
202603010511,ダ,3勝クラス,2,9,11,34,0,0
202603010511,ダ,3勝クラス,1,10,11,110,0,0
202603010511,ダ,3勝クラス,10,11,11,133,0,0
202603010610,ダ,2勝クラス,2,1,15,91,0,0
202603010610,ダ,2勝クラス,14,3,15,43,4,0
202603010610,ダ,2勝クラス,1,4,15,140,2,0
202603010610,ダ,2勝クラス,10,5,15,57,-2,0
202603010610,ダ,2勝クラス,8,6,15,70,3,0
202603010610,ダ,2勝クラス,4,7,15,168,4,0
202603010610,ダ,2勝クラス,12,8,15,63,-1,0
202603010610,ダ,2勝クラス,15,9,15,49,4,0
202603010610,ダ,2勝クラス,11,10,15,176,-2,0
202603010610,ダ,2勝クラス,9,12,15,126,0,0
202603010610,ダ,2勝クラス,6,13,15,75,1,0
202603010610,ダ,2勝クラス,5,14,15,85,0,0
202603010610,ダ,2勝クラス,7,15,15,105,2,0
202603010611,芝,OP,6,1,16,119,0,1
202603010611,芝,OP,1,2,16,140,0,0
202603010611,芝,OP,13,3,16,42,0,0
202603010611,芝,OP,2,4,16,120,0,0
202603010611,芝,OP,7,5,16,127,1,0
202603010611,芝,OP,5,6,16,99,0,0
202603010611,芝,OP,10,7,16,105,0,0
202603010611,芝,OP,9,8,16,168,0,0
202603010611,芝,OP,12,9,16,105,-1,0
202603010611,芝,OP,15,10,16,140,1,0
202603010611,芝,OP,14,11,16,71,1,1
202603010611,芝,OP,8,12,16,169,0,1
202603010611,芝,OP,4,13,16,232,0,0
202603010611,芝,OP,3,14,16,182,,0
202603010611,芝,OP,11,15,16,147,0,0
202603010611,芝,OP,16,16,16,336,,0
202604010110,芝,2勝クラス,4,1,15,56,0,0
202604010110,芝,2勝クラス,15,2,15,167,1,0
202604010110,芝,2勝クラス,9,4,15,98,-5,0
202604010110,芝,2勝クラス,12,5,15,90,0,0
202604010110,芝,2勝クラス,5,6,15,201,1,0
202604010110,芝,2勝クラス,1,7,15,104,5,0
202604010110,芝,2勝クラス,13,8,15,111,0,0
202604010110,芝,2勝クラス,3,9,15,76,0,0
202604010110,芝,2勝クラス,2,10,15,76,1,0
202604010110,芝,2勝クラス,11,11,15,91,4,0
202604010110,芝,2勝クラス,6,13,15,76,1,0
202604010110,芝,2勝クラス,14,14,15,188,1,0
202604010110,芝,2勝クラス,7,15,15,210,0,0
202604010111,ダ,3勝クラス,5,1,15,63,1,0
202604010111,ダ,3勝クラス,12,2,15,63,0,0
202604010111,ダ,3勝クラス,13,3,15,63,1,0
202604010111,ダ,3勝クラス,7,4,15,118,0,0
202604010111,ダ,3勝クラス,8,5,15,159,0,0
202604010111,ダ,3勝クラス,1,6,15,84,2,0
202604010111,ダ,3勝クラス,6,7,15,146,5,0
202604010111,ダ,3勝クラス,10,8,15,91,2,0
202604010111,ダ,3勝クラス,3,9,15,91,4,0
202604010111,ダ,3勝クラス,2,10,15,167,-3,0
202604010111,ダ,3勝クラス,11,11,15,91,0,1
202604010111,ダ,3勝クラス,15,12,15,181,0,0
202604010111,ダ,3勝クラス,4,13,15,91,1,0
202604010111,ダ,3勝クラス,9,14,15,112,0,1
202604010111,ダ,3勝クラス,14,15,15,76,1,0
202604010209,ダ,2勝クラス,4,1,12,64,1,0
202604010209,ダ,2勝クラス,3,2,12,147,3,0
202604010209,ダ,2勝クラス,8,3,12,113,0,0
202604010209,ダ,2勝クラス,2,4,12,175,-5,0
202604010209,ダ,2勝クラス,10,5,12,92,1,0
202604010209,ダ,2勝クラス,5,6,12,118,1,0
202604010209,ダ,2勝クラス,11,7,12,64,1,0
202604010209,ダ,2勝クラス,9,8,12,64,1,0
202604010209,ダ,2勝クラス,7,9,12,105,-1,0
202604010209,ダ,2勝クラス,12,10,12,82,0,0
202604010209,ダ,2勝クラス,6,12,12,168,2,0
202604010210,芝,2勝クラス,16,1,16,63,0,0
202604010210,芝,2勝クラス,8,2,16,92,0,0
202604010210,芝,2勝クラス,7,3,16,127,0,0
202604010210,芝,2勝クラス,13,4,16,176,1,0
202604010210,芝,2勝クラス,15,5,16,155,-2,0
202604010210,芝,2勝クラス,12,6,16,82,0,0
202604010210,芝,2勝クラス,5,7,16,106,1,0
202604010210,芝,2勝クラス,9,8,16,35,0,0
202604010210,芝,2勝クラス,14,9,16,92,1,0
202604010210,芝,2勝クラス,2,10,16,106,-3,0
202604010210,芝,2勝クラス,11,11,16,78,0,0
202604010210,芝,2勝クラス,3,12,16,92,-1,0
202604010210,芝,2勝クラス,10,13,16,161,-1,0
202604010210,芝,2勝クラス,6,14,16,273,-2,0
202604010210,芝,2勝クラス,4,15,16,483,1,0
202604010210,芝,2勝クラス,1,16,16,245,0,0
202604010211,ダ,OP,4,1,15,64,1,0
202604010211,ダ,OP,10,2,15,106,0,0
202604010211,ダ,OP,3,3,15,57,1,0
202604010211,ダ,OP,2,4,15,70,0,0
202604010211,ダ,OP,8,5,15,189,0,0
202604010211,ダ,OP,13,6,15,82,1,0
202604010211,ダ,OP,12,7,15,22,0,0
202604010211,ダ,OP,1,8,15,70,0,0
202604010211,ダ,OP,14,9,15,126,0,0
202604010211,ダ,OP,15,10,15,98,0,0
202604010211,ダ,OP,7,11,15,82,0,0
202604010211,ダ,OP,11,12,15,70,0,0
202604010211,ダ,OP,9,13,15,63,1,0
202604010211,ダ,OP,5,14,15,168,-2,0
202604010211,ダ,OP,6,15,15,147,0,0
202604010311,芝,3勝クラス,16,1,16,182,1,0
202604010311,芝,3勝クラス,12,2,16,84,-1,0
202604010311,芝,3勝クラス,15,3,16,132,0,0
202604010311,芝,3勝クラス,11,4,16,98,3,0
202604010311,芝,3勝クラス,7,5,16,98,-2,0
202604010311,芝,3勝クラス,9,6,16,279,0,0
202604010311,芝,3勝クラス,2,7,16,70,0,0
202604010311,芝,3勝クラス,13,8,16,203,1,0
202604010311,芝,3勝クラス,14,9,16,98,1,0
202604010311,芝,3勝クラス,5,10,16,21,0,0
202604010311,芝,3勝クラス,10,11,16,308,0,0
202604010311,芝,3勝クラス,4,12,16,91,0,0
202604010311,芝,3勝クラス,3,13,16,98,1,0
202604010311,芝,3勝クラス,6,14,16,175,-2,0
202604010311,芝,3勝クラス,8,15,16,161,0,0
202604010311,芝,3勝クラス,1,16,16,166,0,0
202604010410,ダ,2勝クラス,3,2,14,106,0,0
202604010410,ダ,2勝クラス,6,3,14,57,0,0
202604010410,ダ,2勝クラス,4,5,14,182,0,0
202604010410,ダ,2勝クラス,14,6,14,77,2,0
202604010410,ダ,2勝クラス,2,7,14,162,3,0
202604010410,ダ,2勝クラス,10,8,14,162,2,0
202604010410,ダ,2勝クラス,1,9,14,49,-3,0
202604010410,ダ,2勝クラス,5,10,14,148,0,0
202604010410,ダ,2勝クラス,13,11,14,203,-4,0
202604010410,ダ,2勝クラス,7,13,14,203,0,0
202604010410,ダ,2勝クラス,8,14,14,56,0,0
202604010411,芝,OP,7,1,14,118,0,0
202604010411,芝,OP,8,2,14,42,-1,0
202604010411,芝,OP,3,3,14,78,-2,0
202604010411,芝,OP,6,4,14,134,0,0
202604010411,芝,OP,14,5,14,141,-1,0
202604010411,芝,OP,10,6,14,287,0,0
202604010411,芝,OP,4,7,14,140,2,0
202604010411,芝,OP,5,8,14,78,0,0
202604010411,芝,OP,1,9,14,78,-1,0
202604010411,芝,OP,9,10,14,98,0,0
202604010411,芝,OP,11,11,14,42,0,0
202604010411,芝,OP,12,12,14,98,1,0
202604010411,芝,OP,13,13,14,189,0,0
202604010411,芝,OP,2,14,14,126,-1,0
202604010510,ダ,2勝クラス,1,1,9,42,3,0
202604010510,ダ,2勝クラス,8,2,9,97,0,0
202604010510,ダ,2勝クラス,7,5,9,77,2,0
202604010510,ダ,2勝クラス,6,6,9,90,0,0
202604010510,ダ,2勝クラス,9,7,9,160,1,0
202604010510,ダ,2勝クラス,4,8,9,83,0,0
202604010511,芝,重賞,3,1,15,132,-1,0
202604010511,芝,重賞,11,2,15,48,0,0
202604010511,芝,重賞,9,3,15,41,0,1
202604010511,芝,重賞,6,4,15,111,4,0
202604010511,芝,重賞,8,5,15,202,-6,0
202604010511,芝,重賞,7,6,15,215,0,0
202604010511,芝,重賞,12,7,15,181,1,0
202604010511,芝,重賞,1,8,15,482,-2,0
202604010511,芝,重賞,5,9,15,35,0,0
202604010511,芝,重賞,4,10,15,132,0,0
202604010511,芝,重賞,13,11,15,188,-2,0
202604010511,芝,重賞,2,12,15,195,0,0
202604010511,芝,重賞,10,13,15,90,0,0
202604010511,芝,重賞,14,14,15,154,2,0
202604010610,芝,2勝クラス,4,2,15,64,1,0
202604010610,芝,2勝クラス,1,3,15,161,0,0
202604010610,芝,2勝クラス,9,4,15,168,0,0
202604010610,芝,2勝クラス,16,5,15,92,1,0
202604010610,芝,2勝クラス,10,6,15,50,1,0
202604010610,芝,2勝クラス,7,7,15,78,2,0
202604010610,芝,2勝クラス,8,8,15,42,0,0
202604010610,芝,2勝クラス,6,9,15,64,3,0
202604010610,芝,2勝クラス,11,10,15,161,0,1
202604010610,芝,2勝クラス,3,11,15,57,-1,0
202604010610,芝,2勝クラス,15,12,15,174,0,0
202604010610,芝,2勝クラス,5,13,15,125,1,0
202604010610,芝,2勝クラス,2,14,15,105,0,0
202604010610,芝,2勝クラス,12,15,15,64,-1,0
202604010611,芝,3勝クラス,6,1,15,190,2,0
202604010611,芝,3勝クラス,15,2,15,70,0,0
202604010611,芝,3勝クラス,13,3,15,77,5,0
202604010611,芝,3勝クラス,10,4,15,98,-1,0
202604010611,芝,3勝クラス,16,5,15,91,0,0
202604010611,芝,3勝クラス,9,6,15,112,1,0
202604010611,芝,3勝クラス,8,7,15,133,-2,0
202604010611,芝,3勝クラス,3,8,15,64,0,0
202604010611,芝,3勝クラス,12,9,15,50,2,0
202604010611,芝,3勝クラス,11,10,15,56,-1,0
202604010611,芝,3勝クラス,5,11,15,42,2,0
202604010611,芝,3勝クラス,14,13,15,96,3,0
202604010611,芝,3勝クラス,7,14,15,140,1,1
202604010611,芝,3勝クラス,1,15,15,85,3,0
202604010711,芝,2勝クラス,7,1,16,102,0,0
202604010711,芝,2勝クラス,13,2,16,42,0,0
202604010711,芝,2勝クラス,4,3,16,42,1,0
202604010711,芝,2勝クラス,9,4,16,111,0,0
202604010711,芝,2勝クラス,15,5,16,76,0,0
202604010711,芝,2勝クラス,10,6,16,112,3,0
202604010711,芝,2勝クラス,12,7,16,28,0,0
202604010711,芝,2勝クラス,16,8,16,60,2,0
202604010711,芝,2勝クラス,2,9,16,153,0,0
202604010711,芝,2勝クラス,5,10,16,97,1,0
202604010711,芝,2勝クラス,6,11,16,41,1,0
202604010711,芝,2勝クラス,8,12,16,56,0,0
202604010711,芝,2勝クラス,11,13,16,42,-1,0
202604010711,芝,2勝クラス,3,14,16,252,0,0
202604010711,芝,2勝クラス,1,15,16,102,0,0
202604010711,芝,2勝クラス,14,16,16,102,0,0
202604010810,ダ,2勝クラス,11,1,15,140,0,0
202604010810,ダ,2勝クラス,10,2,15,84,0,0
202604010810,ダ,2勝クラス,12,4,15,155,3,0
202604010810,ダ,2勝クラス,9,7,15,63,0,0
202604010810,ダ,2勝クラス,8,9,15,140,-2,0
202604010810,ダ,2勝クラス,7,10,15,103,0,0
202604010810,ダ,2勝クラス,15,11,15,70,0,0
202604010810,ダ,2勝クラス,1,13,15,70,0,0
202604010810,ダ,2勝クラス,4,14,15,98,-1,0
202604010810,ダ,2勝クラス,2,15,15,42,0,0
202604010811,芝,OP,9,1,16,112,0,0
202604010811,芝,OP,14,2,16,204,,0
202604010811,芝,OP,6,3,16,42,-2,0
202604010811,芝,OP,16,4,16,99,-3,1
202604010811,芝,OP,8,5,16,43,1,1
202604010811,芝,OP,13,6,16,154,0,0
202604010811,芝,OP,10,7,16,126,0,0
202604010811,芝,OP,15,8,16,43,-1,1
202604010811,芝,OP,7,9,16,127,0,0
202604010811,芝,OP,12,10,16,133,0,0
202604010811,芝,OP,5,11,16,175,-3,0
202604010811,芝,OP,1,12,16,99,-1,1
202604010811,芝,OP,3,13,16,127,0,0
202604010811,芝,OP,11,14,16,182,0,1
202604010811,芝,OP,4,15,16,316,-1,0
202604010811,芝,OP,2,16,16,126,-3,0
202605010108,ダ,2勝クラス,10,1,15,91,1,0
202605010108,ダ,2勝クラス,6,2,15,35,3,0
202605010108,ダ,2勝クラス,3,3,15,161,0,0
202605010108,ダ,2勝クラス,14,5,15,112,1,0
202605010108,ダ,2勝クラス,9,6,15,259,1,0
202605010108,ダ,2勝クラス,5,7,15,133,0,0
202605010108,ダ,2勝クラス,1,10,15,119,0,0
202605010108,ダ,2勝クラス,12,11,15,252,0,0
202605010108,ダ,2勝クラス,15,12,15,76,0,0
202605010108,ダ,2勝クラス,4,13,15,189,0,0
202605010108,ダ,2勝クラス,16,14,15,210,-3,0
202605010108,ダ,2勝クラス,2,15,15,147,-1,0
202605010109,ダ,3勝クラス,15,2,16,98,0,0
202605010109,ダ,3勝クラス,8,3,16,98,0,0
202605010109,ダ,3勝クラス,6,4,16,62,-1,0
202605010109,ダ,3勝クラス,7,5,16,104,1,1
202605010109,ダ,3勝クラス,12,6,16,84,0,0
202605010109,ダ,3勝クラス,5,7,16,63,-2,0
202605010109,ダ,3勝クラス,11,8,16,91,1,0
202605010109,ダ,3勝クラス,9,9,16,112,0,0
202605010109,ダ,3勝クラス,3,10,16,84,0,0
202605010109,ダ,3勝クラス,14,11,16,118,0,0
202605010109,ダ,3勝クラス,10,12,16,237,-1,1
202605010109,ダ,3勝クラス,13,13,16,118,0,0
202605010109,ダ,3勝クラス,4,14,16,98,1,0
202605010109,ダ,3勝クラス,2,15,16,138,1,1
202605010109,ダ,3勝クラス,16,16,16,76,1,0
202605010110,芝,OP,2,1,15,174,0,0
202605010110,芝,OP,1,2,15,98,0,0
202605010110,芝,OP,9,3,15,139,-1,0
202605010110,芝,OP,5,8,15,153,3,0
202605010110,芝,OP,10,9,15,77,1,0
202605010110,芝,OP,13,11,15,42,0,0
202605010110,芝,OP,11,12,15,112,0,0
202605010110,芝,OP,6,13,15,76,-1,0
202605010110,芝,OP,14,15,15,104,1,0
202605010111,芝,OP,1,2,9,98,-1,1
202605010111,芝,OP,6,3,9,237,-1,1
202605010111,芝,OP,2,4,9,104,1,1
202605010111,芝,OP,8,5,9,49,1,0
202605010111,芝,OP,3,7,9,98,2,1
202605010111,芝,OP,7,8,9,49,1,0
202605010111,芝,OP,9,9,9,98,-1,0
202605010207,芝,2勝クラス,3,1,9,309,-2,0
202605010207,芝,2勝クラス,6,3,9,113,-1,0
202605010207,芝,2勝クラス,7,4,9,98,0,0
202605010207,芝,2勝クラス,4,7,9,95,1,0
202605010207,芝,2勝クラス,8,8,9,92,0,0
202605010207,芝,2勝クラス,9,9,9,36,0,0
202605010208,ダ,2勝クラス,11,2,11,105,0,0
202605010208,ダ,2勝クラス,2,3,11,85,0,0
202605010208,ダ,2勝クラス,6,4,11,113,-2,0
202605010208,ダ,2勝クラス,1,5,11,133,2,0
202605010208,ダ,2勝クラス,5,6,11,50,1,0
202605010208,ダ,2勝クラス,7,7,11,99,0,0
202605010208,ダ,2勝クラス,9,9,11,64,4,0
202605010208,ダ,2勝クラス,8,10,11,78,0,0
202605010208,ダ,2勝クラス,3,11,11,99,0,0
202605010210,芝,3勝クラス,14,1,15,99,0,1
202605010210,芝,3勝クラス,1,2,15,84,0,0
202605010210,芝,3勝クラス,5,3,15,175,0,0
202605010210,芝,3勝クラス,3,4,15,99,0,0
202605010210,芝,3勝クラス,13,5,15,78,-2,0
202605010210,芝,3勝クラス,8,6,15,112,0,1
202605010210,芝,3勝クラス,2,7,15,70,2,0
202605010210,芝,3勝クラス,15,8,15,64,1,0
202605010210,芝,3勝クラス,6,9,15,119,-2,1
202605010210,芝,3勝クラス,11,10,15,78,-1,0
202605010210,芝,3勝クラス,10,11,15,197,0,0
202605010210,芝,3勝クラス,4,12,15,162,2,1
202605010210,芝,3勝クラス,9,13,15,161,0,0
202605010210,芝,3勝クラス,7,14,15,224,0,0
202605010210,芝,3勝クラス,12,15,15,91,1,0
202605010211,ダ,重賞,2,1,16,120,0,0
202605010211,ダ,重賞,10,2,16,78,0,0
202605010211,ダ,重賞,7,3,16,77,2,1
202605010211,ダ,重賞,3,4,16,120,-1,0
202605010211,ダ,重賞,12,5,16,105,1,0
202605010211,ダ,重賞,1,7,16,246,0,0
202605010211,ダ,重賞,5,8,16,90,0,0
202605010211,ダ,重賞,8,9,16,148,1,0
202605010211,ダ,重賞,6,11,16,120,0,0
202605010211,ダ,重賞,4,13,16,85,0,0
202605010211,ダ,重賞,13,14,16,71,-11,0
202605010508,ダ,2勝クラス,6,5,16,244,2,0
202605010508,ダ,2勝クラス,5,7,16,111,0,0
202605010508,ダ,2勝クラス,10,8,16,132,1,0
202605010508,ダ,2勝クラス,12,9,16,49,3,0
202605010508,ダ,2勝クラス,1,10,16,251,2,0
202605010508,ダ,2勝クラス,15,11,16,237,-1,0
202605010508,ダ,2勝クラス,9,12,16,174,2,0
202605010508,ダ,2勝クラス,3,14,16,125,0,0
202605010508,ダ,2勝クラス,14,15,16,83,0,0
202605010509,芝,2勝クラス,7,1,8,111,3,0
202605010509,芝,2勝クラス,1,4,8,82,0,0
202605010509,芝,2勝クラス,8,5,8,27,-2,0
202605010509,芝,2勝クラス,2,6,8,265,0,0
202605010509,芝,2勝クラス,5,7,8,105,1,0
202605010509,芝,2勝クラス,4,8,8,217,-3,0
202605010510,ダ,3勝クラス,12,1,16,133,0,0
202605010510,ダ,3勝クラス,5,2,16,189,1,0
202605010510,ダ,3勝クラス,13,3,16,104,0,0
202605010510,ダ,3勝クラス,10,4,16,98,3,0
202605010510,ダ,3勝クラス,8,5,16,125,1,0
202605010510,ダ,3勝クラス,3,6,16,77,0,0
202605010510,ダ,3勝クラス,2,8,16,132,0,0
202605010510,ダ,3勝クラス,14,9,16,125,1,0
202605010510,ダ,3勝クラス,1,10,16,125,1,0
202605010510,ダ,3勝クラス,7,11,16,112,0,0
202605010510,ダ,3勝クラス,16,12,16,62,-1,0
202605010510,ダ,3勝クラス,11,13,16,175,1,0
202605010510,ダ,3勝クラス,6,14,16,203,1,0
202605010510,ダ,3勝クラス,15,15,16,112,2,0
202605010510,ダ,3勝クラス,9,16,16,133,1,0
202605010511,芝,重賞,5,3,16,83,0,1
202605010511,芝,重賞,14,5,16,105,-1,0
202605010511,芝,重賞,3,7,16,217,0,0
202605010511,芝,重賞,11,8,16,76,1,1
202605010511,芝,重賞,9,9,16,154,0,0
202605010511,芝,重賞,10,14,16,112,0,0
202605010511,芝,重賞,7,16,16,132,-1,0
202605010608,芝,2勝クラス,2,1,14,113,-1,0
202605010608,芝,2勝クラス,1,2,14,92,0,0
202605010608,芝,2勝クラス,10,3,14,133,-1,0
202605010608,芝,2勝クラス,11,4,14,105,0,0
202605010608,芝,2勝クラス,3,5,14,92,0,0
202605010608,芝,2勝クラス,14,6,14,78,0,0
202605010608,芝,2勝クラス,6,7,14,239,0,0
202605010608,芝,2勝クラス,5,8,14,92,-3,0
202605010608,芝,2勝クラス,8,10,14,56,1,0
202605010608,芝,2勝クラス,9,11,14,120,-1,0
202605010608,芝,2勝クラス,7,12,14,36,6,0
202605010608,芝,2勝クラス,13,13,14,29,0,0
202605010609,芝,3勝クラス,4,1,16,125,0,0
202605010609,芝,3勝クラス,8,2,16,91,0,0
202605010609,芝,3勝クラス,1,4,16,64,0,0
202605010609,芝,3勝クラス,15,5,16,147,1,1
202605010609,芝,3勝クラス,10,6,16,168,0,0
202605010609,芝,3勝クラス,14,7,16,105,0,1
202605010609,芝,3勝クラス,6,8,16,106,0,0
202605010609,芝,3勝クラス,12,9,16,49,1,0
202605010609,芝,3勝クラス,3,10,16,133,0,0
202605010609,芝,3勝クラス,13,11,16,84,0,0
202605010609,芝,3勝クラス,5,12,16,49,0,0
202605010609,芝,3勝クラス,9,14,16,147,0,0
202605010609,芝,3勝クラス,2,15,16,134,0,0
202605010609,芝,3勝クラス,7,16,16,294,-1,0
202605010610,ダ,OP,2,1,16,134,0,0
202605010610,ダ,OP,6,2,16,130,-2,0
202605010610,ダ,OP,1,3,16,210,1,1
202605010610,ダ,OP,5,4,16,133,0,1
202605010610,ダ,OP,9,5,16,56,2,0
202605010610,ダ,OP,16,6,16,162,0,0
202605010610,ダ,OP,10,7,16,112,-1,0
202605010610,ダ,OP,15,8,16,134,0,0
202605010610,ダ,OP,3,9,16,77,0,0
202605010610,ダ,OP,11,11,16,78,0,1
202605010610,ダ,OP,14,12,16,105,0,1
202605010610,ダ,OP,13,13,16,161,,0
202605010610,ダ,OP,7,14,16,134,-1,0
202605010610,ダ,OP,8,16,16,175,2,0
202605010611,芝,重賞,5,1,9,175,0,0
202605010611,芝,重賞,6,3,9,98,0,0
202605010611,芝,重賞,3,7,9,127,0,0
202605010612,ダ,2勝クラス,1,1,16,134,0,0
202605010612,ダ,2勝クラス,13,2,16,83,0,0
202605010612,ダ,2勝クラス,12,4,16,84,-2,0
202605010612,ダ,2勝クラス,15,6,16,135,0,0
202605010612,ダ,2勝クラス,3,7,16,63,0,0
202605010612,ダ,2勝クラス,4,8,16,112,0,0
202605010612,ダ,2勝クラス,2,9,16,113,1,0
202605010612,ダ,2勝クラス,11,10,16,133,-3,0
202605010612,ダ,2勝クラス,10,11,16,105,0,0
202605010612,ダ,2勝クラス,8,12,16,106,2,0
202605010612,ダ,2勝クラス,5,13,16,112,3,0
202605010612,ダ,2勝クラス,16,14,16,99,-3,0
202605010612,ダ,2勝クラス,7,15,16,84,-1,0
202605010612,ダ,2勝クラス,14,16,16,246,0,0
202605010708,芝,2勝クラス,8,2,12,168,0,0
202605010708,芝,2勝クラス,1,3,12,126,0,0
202605010708,芝,2勝クラス,3,5,12,62,2,0
202605010708,芝,2勝クラス,11,6,12,258,1,0
202605010708,芝,2勝クラス,4,7,12,111,0,0
202605010708,芝,2勝クラス,2,10,12,42,-1,0
202605010708,芝,2勝クラス,6,11,12,167,0,0
202605010708,芝,2勝クラス,12,12,12,35,0,0
202605010710,ダ,3勝クラス,13,1,16,69,1,0
202605010710,ダ,3勝クラス,8,2,16,126,2,0
202605010710,ダ,3勝クラス,1,3,16,112,2,0
202605010710,ダ,3勝クラス,6,4,16,196,1,0
202605010710,ダ,3勝クラス,5,5,16,89,2,0
202605010710,ダ,3勝クラス,16,8,16,89,1,0
202605010710,ダ,3勝クラス,3,9,16,196,1,0
202605010710,ダ,3勝クラス,15,10,16,153,0,0
202605010710,ダ,3勝クラス,2,11,16,97,2,0
202605010710,ダ,3勝クラス,11,13,16,89,-10,0
202605010710,ダ,3勝クラス,14,14,16,76,0,0
202605010710,ダ,3勝クラス,10,15,16,84,0,0
202605010710,ダ,3勝クラス,12,16,16,174,-7,0
202605010711,芝,重賞,13,1,15,209,-2,0
202605010711,芝,重賞,1,3,15,98,-1,0
202605010711,芝,重賞,2,4,15,139,-2,0
202605010711,芝,重賞,12,5,15,104,1,0
202605010711,芝,重賞,6,6,15,98,0,0
202605010711,芝,重賞,14,7,15,104,0,0
202605010711,芝,重賞,10,8,15,131,5,1
202605010711,芝,重賞,15,9,15,131,-1,0
202605010711,芝,重賞,11,10,15,97,4,1
202605010711,芝,重賞,9,11,15,131,1,0
202605010711,芝,重賞,7,12,15,174,0,0
202605010711,芝,重賞,4,13,15,139,0,0
202605010711,芝,重賞,5,14,15,146,-1,0
202605010711,芝,重賞,8,15,15,265,0,0
202605010807,ダ,2勝クラス,9,2,16,64,0,0
202605010807,ダ,2勝クラス,13,5,16,85,5,0
202605010807,ダ,2勝クラス,5,6,16,48,0,0
202605010807,ダ,2勝クラス,12,7,16,49,0,0
202605010807,ダ,2勝クラス,3,8,16,154,0,0
202605010807,ダ,2勝クラス,10,9,16,85,2,0
202605010807,ダ,2勝クラス,1,10,16,119,0,0
202605010807,ダ,2勝クラス,15,11,16,132,2,0
202605010807,ダ,2勝クラス,8,12,16,64,-5,0
202605010807,ダ,2勝クラス,2,13,16,78,0,0
202605010807,ダ,2勝クラス,7,15,16,106,2,0
202605010808,芝,2勝クラス,6,1,16,91,0,0
202605010808,芝,2勝クラス,11,2,16,140,0,0
202605010808,芝,2勝クラス,7,3,16,154,0,0
202605010808,芝,2勝クラス,3,4,16,210,0,0
202605010808,芝,2勝クラス,1,5,16,91,0,0
202605010808,芝,2勝クラス,2,6,16,126,0,0
202605010808,芝,2勝クラス,13,7,16,127,2,0
202605010808,芝,2勝クラス,5,8,16,120,0,0
202605010808,芝,2勝クラス,8,9,16,140,0,0
202605010808,芝,2勝クラス,16,10,16,133,-1,0
202605010808,芝,2勝クラス,10,11,16,119,0,0
202605010808,芝,2勝クラス,4,12,16,126,0,0
202605010808,芝,2勝クラス,15,13,16,105,0,0
202605010808,芝,2勝クラス,12,14,16,183,2,0
202605010808,芝,2勝クラス,14,15,16,134,2,0
202605010808,芝,2勝クラス,9,16,16,127,-2,0
202605010809,ダ,OP,8,2,10,105,0,1
202605010809,ダ,OP,10,6,10,113,0,0
202605010809,ダ,OP,5,7,10,111,0,0
202605010809,ダ,OP,7,8,10,106,0,0
202605010810,芝,3勝クラス,3,2,14,120,0,0
202605010810,芝,3勝クラス,14,3,14,113,2,0
202605010810,芝,3勝クラス,6,4,14,84,-1,0
202605010810,芝,3勝クラス,4,5,14,169,0,1
202605010810,芝,3勝クラス,5,6,14,217,0,1
202605010810,芝,3勝クラス,13,7,14,119,0,0
202605010810,芝,3勝クラス,12,8,14,92,-1,0
202605010810,芝,3勝クラス,11,9,14,119,-2,0
202605010810,芝,3勝クラス,7,10,14,148,1,0
202605010810,芝,3勝クラス,2,11,14,120,6,0
202605010810,芝,3勝クラス,9,12,14,106,-3,0
202605010810,芝,3勝クラス,10,13,14,56,-5,0
202605010810,芝,3勝クラス,1,14,14,49,0,0
202605010811,ダ,重賞,12,1,16,242,0,0
202605010811,ダ,重賞,14,2,16,111,0,0
202605010811,ダ,重賞,9,3,16,105,1,0
202605010811,ダ,重賞,3,4,16,70,1,0
202605010811,ダ,重賞,1,5,16,99,0,0
202605010811,ダ,重賞,15,6,16,99,1,0
202605010811,ダ,重賞,6,8,16,105,1,0
202605010811,ダ,重賞,5,9,16,132,1,0
202605010811,ダ,重賞,4,10,16,105,-2,0
202605010811,ダ,重賞,10,11,16,88,0,0
202605010811,ダ,重賞,11,12,16,59,-3,0
202605010811,ダ,重賞,7,14,16,140,-1,0
202605010811,ダ,重賞,16,15,16,105,4,0
202605010811,ダ,重賞,2,16,16,152,2,0
202605010812,ダ,2勝クラス,3,1,16,42,1,0
202605010812,ダ,2勝クラス,10,2,16,92,1,0
202605010812,ダ,2勝クラス,9,4,16,120,0,0
202605010812,ダ,2勝クラス,16,5,16,113,0,0
202605010812,ダ,2勝クラス,11,6,16,204,0,0
202605010812,ダ,2勝クラス,1,8,16,64,0,0
202605010812,ダ,2勝クラス,14,9,16,63,-2,0
202605010812,ダ,2勝クラス,13,10,16,141,-1,0
202605010812,ダ,2勝クラス,15,11,16,134,0,0
202605010812,ダ,2勝クラス,8,12,16,91,0,0
202605010812,ダ,2勝クラス,2,13,16,112,0,0
202605010812,ダ,2勝クラス,7,14,16,119,0,0
202605010812,ダ,2勝クラス,12,15,16,120,0,0
202605020109,芝,2勝クラス,6,1,9,63,0,0
202605020109,芝,2勝クラス,9,2,9,125,0,0
202605020109,芝,2勝クラス,7,3,9,91,1,0
202605020109,芝,2勝クラス,5,4,9,56,0,0
202605020109,芝,2勝クラス,2,5,9,63,-1,0
202605020109,芝,2勝クラス,3,6,9,97,-3,0
202605020109,芝,2勝クラス,1,8,9,90,1,0
202605020109,芝,2勝クラス,8,9,9,314,1,0
202605020110,ダ,3勝クラス,15,1,15,84,0,0
202605020110,ダ,3勝クラス,4,2,15,160,2,0
202605020110,ダ,3勝クラス,12,3,15,160,0,0
202605020110,ダ,3勝クラス,14,4,15,56,0,0
202605020110,ダ,3勝クラス,6,5,15,160,0,0
202605020110,ダ,3勝クラス,11,6,15,91,4,0
202605020110,ダ,3勝クラス,13,7,15,252,0,0
202605020110,ダ,3勝クラス,2,8,15,69,0,0
202605020110,ダ,3勝クラス,8,9,15,62,-1,0
202605020110,ダ,3勝クラス,10,10,15,161,1,1
202605020110,ダ,3勝クラス,7,12,15,56,0,0
202605020110,ダ,3勝クラス,3,13,15,55,1,0
202605020110,ダ,3勝クラス,1,14,15,125,0,0
202605020110,ダ,3勝クラス,5,15,15,160,0,0
202605020111,芝,重賞,16,1,17,202,0,0
202605020111,芝,重賞,7,2,17,97,-2,0
202605020111,芝,重賞,11,4,17,119,-1,0
202605020111,芝,重賞,10,7,17,97,3,0
202605020111,芝,重賞,8,11,17,83,0,0
202605020111,芝,重賞,3,12,17,146,2,0
202605020111,芝,重賞,6,14,17,152,0,0
202605020111,芝,重賞,13,16,17,111,0,0
202605020112,ダ,2勝クラス,13,1,13,62,0,0
202605020112,ダ,2勝クラス,4,2,13,91,4,0
202605020112,ダ,2勝クラス,7,3,13,273,-6,0
202605020112,ダ,2勝クラス,3,4,13,118,0,0
202605020112,ダ,2勝クラス,8,5,13,62,-2,0
202605020112,ダ,2勝クラス,10,7,13,74,0,0
202605020112,ダ,2勝クラス,9,8,13,62,-1,0
202605020112,ダ,2勝クラス,12,9,13,189,0,0
202605020112,ダ,2勝クラス,1,10,13,105,-1,0
202605020112,ダ,2勝クラス,6,11,13,21,-1,0
202605020208,芝,2勝クラス,3,1,11,63,0,0
202605020208,芝,2勝クラス,11,2,11,70,0,0
202605020208,芝,2勝クラス,10,3,11,154,0,0
202605020208,芝,2勝クラス,7,4,11,56,-3,0
202605020208,芝,2勝クラス,1,5,11,57,-1,0
202605020208,芝,2勝クラス,2,6,11,63,0,0
202605020208,芝,2勝クラス,9,7,11,140,1,0
202605020208,芝,2勝クラス,6,8,11,98,-5,0
202605020208,芝,2勝クラス,4,10,11,182,-1,0
202605020208,芝,2勝クラス,5,11,11,134,-1,0
202605020209,芝,3勝クラス,7,1,16,99,2,0
202605020209,芝,3勝クラス,13,2,16,169,0,0
202605020209,芝,3勝クラス,1,3,16,98,1,0
202605020209,芝,3勝クラス,3,4,16,154,-1,0
202605020209,芝,3勝クラス,12,5,16,71,0,0
202605020209,芝,3勝クラス,9,6,16,148,0,0
202605020209,芝,3勝クラス,6,7,16,126,-1,0
202605020209,芝,3勝クラス,8,8,16,84,0,0
202605020209,芝,3勝クラス,5,9,16,57,-1,0
202605020209,芝,3勝クラス,10,10,16,84,1,0
202605020209,芝,3勝クラス,2,11,16,70,-1,0
202605020209,芝,3勝クラス,15,12,16,140,1,0
202605020209,芝,3勝クラス,16,13,16,126,0,1
202605020209,芝,3勝クラス,4,14,16,36,-1,0
202605020209,芝,3勝クラス,11,15,16,98,-2,0
202605020209,芝,3勝クラス,14,16,16,161,-1,0
202605020210,ダ,OP,3,1,15,126,0,0
202605020210,ダ,OP,16,2,15,133,0,0
202605020210,ダ,OP,14,3,15,126,0,0
202605020210,ダ,OP,12,4,15,140,2,0
202605020210,ダ,OP,15,5,15,84,0,0
202605020210,ダ,OP,4,6,15,49,0,0
202605020210,ダ,OP,11,7,15,126,0,0
202605020210,ダ,OP,13,8,15,70,0,0
202605020210,ダ,OP,7,9,15,176,0,0
202605020210,ダ,OP,5,10,15,85,0,0
202605020210,ダ,OP,1,11,15,148,2,0
202605020210,ダ,OP,9,12,15,43,0,0
202605020210,ダ,OP,6,13,15,200,-5,0
202605020210,ダ,OP,2,14,15,147,1,0
202605020210,ダ,OP,8,15,15,126,0,0
202605020211,芝,重賞,8,7,12,147,3,0
202605020211,芝,重賞,12,9,12,195,0,0
202605020212,ダ,2勝クラス,11,4,16,84,0,0
202605020212,ダ,2勝クラス,16,5,16,267,1,0
202605020212,ダ,2勝クラス,12,6,16,75,1,0
202605020212,ダ,2勝クラス,9,7,16,63,-1,0
202605020212,ダ,2勝クラス,3,8,16,35,0,0
202605020212,ダ,2勝クラス,7,9,16,75,0,0
202605020212,ダ,2勝クラス,6,10,16,43,0,0
202605020212,ダ,2勝クラス,8,11,16,75,2,0
202605020212,ダ,2勝クラス,1,13,16,49,1,0
202605020212,ダ,2勝クラス,4,14,16,85,-1,0
202605020212,ダ,2勝クラス,2,15,16,28,0,0
202605020212,ダ,2勝クラス,5,16,16,308,1,0
202605020308,芝,2勝クラス,5,1,10,440,0,0
202605020308,芝,2勝クラス,3,3,10,174,1,0
202605020308,芝,2勝クラス,8,4,10,62,5,0
202605020308,芝,2勝クラス,1,5,10,76,1,0
202605020308,芝,2勝クラス,9,7,10,104,9,0
202605020308,芝,2勝クラス,2,8,10,77,0,0
202605020308,芝,2勝クラス,4,9,10,159,7,0
202605020308,芝,2勝クラス,10,10,10,146,0,0
202605020309,ダ,3勝クラス,2,2,15,140,1,0
202605020309,ダ,3勝クラス,14,3,15,133,1,0
202605020309,ダ,3勝クラス,16,4,15,132,-3,0
202605020309,ダ,3勝クラス,4,5,15,70,0,0
202605020309,ダ,3勝クラス,1,6,15,69,-1,0
202605020309,ダ,3勝クラス,10,7,15,132,0,0
202605020309,ダ,3勝クラス,5,8,15,91,2,0
202605020309,ダ,3勝クラス,13,9,15,159,0,0
202605020309,ダ,3勝クラス,9,10,15,110,0,0
202605020309,ダ,3勝クラス,15,11,15,105,0,0
202605020309,ダ,3勝クラス,3,12,15,110,8,1
202605020309,ダ,3勝クラス,11,13,15,70,2,0
202605020310,芝,OP,6,2,11,181,2,0
202605020310,芝,OP,2,3,11,245,0,0
202605020310,芝,OP,10,6,11,139,-1,0
202605020310,芝,OP,8,7,11,216,1,1
202605020310,芝,OP,3,8,11,84,0,0
202605020310,芝,OP,1,9,11,139,-1,0
202605020311,芝,重賞,16,1,18,201,0,0
202605020311,芝,重賞,6,2,18,98,0,0
202605020311,芝,重賞,14,3,18,98,0,0
202605020311,芝,重賞,7,4,18,77,0,0
202605020311,芝,重賞,4,5,18,81,0,0
202605020311,芝,重賞,10,6,18,196,-1,0
202605020311,芝,重賞,5,7,18,160,0,0
202605020311,芝,重賞,13,8,18,110,0,0
202605020311,芝,重賞,2,9,18,168,0,0
202605020311,芝,重賞,18,10,18,111,0,0
202605020311,芝,重賞,1,11,18,105,2,0
202605020311,芝,重賞,3,12,18,160,1,0
202605020311,芝,重賞,8,13,18,70,2,0
202605020311,芝,重賞,9,14,18,76,0,0
202605020311,芝,重賞,17,15,18,90,-2,0
202605020311,芝,重賞,12,16,18,90,-1,0
202605020311,芝,重賞,15,17,18,98,0,0
202605020311,芝,重賞,11,18,18,133,1,0
202605020312,ダ,2勝クラス,2,2,14,196,0,0
202605020312,ダ,2勝クラス,7,3,14,69,0,0
202605020312,ダ,2勝クラス,12,4,14,117,0,0
202605020312,ダ,2勝クラス,11,5,14,132,-1,0
202605020312,ダ,2勝クラス,3,6,14,35,3,0
202605020312,ダ,2勝クラス,9,7,14,160,0,0
202605020312,ダ,2勝クラス,13,8,14,111,0,0
202605020312,ダ,2勝クラス,14,9,14,111,0,0
202605020312,ダ,2勝クラス,6,11,14,195,,0
202605020312,ダ,2勝クラス,1,12,14,48,0,0
202605020312,ダ,2勝クラス,10,13,14,189,1,0
202605020312,ダ,2勝クラス,4,14,14,249,4,0
202605020408,芝,2勝クラス,4,1,9,176,0,0
202605020408,芝,2勝クラス,7,2,9,175,1,0
202605020408,芝,2勝クラス,1,3,9,161,0,0
202605020408,芝,2勝クラス,2,4,9,112,0,0
202605020408,芝,2勝クラス,5,5,9,105,-3,0
202605020408,芝,2勝クラス,3,6,9,140,0,0
202605020408,芝,2勝クラス,6,7,9,175,-1,0
202605020408,芝,2勝クラス,8,8,9,246,-1,0
202605020408,芝,2勝クラス,9,9,9,113,0,0
202605020409,芝,3勝クラス,5,1,18,161,0,0
202605020409,芝,3勝クラス,17,2,18,168,0,0
202605020409,芝,3勝クラス,7,3,18,210,-2,0
202605020409,芝,3勝クラス,9,4,18,77,2,0
202605020409,芝,3勝クラス,4,5,18,119,-1,0
202605020409,芝,3勝クラス,10,6,18,98,0,0
202605020409,芝,3勝クラス,12,7,18,64,6,1
202605020409,芝,3勝クラス,11,8,18,85,3,0
202605020409,芝,3勝クラス,18,9,18,63,1,0
202605020409,芝,3勝クラス,8,10,18,63,1,0
202605020409,芝,3勝クラス,13,11,18,78,-1,0
202605020409,芝,3勝クラス,6,12,18,196,1,0
202605020409,芝,3勝クラス,14,13,18,78,0,0
202605020409,芝,3勝クラス,2,14,18,105,1,0
202605020409,芝,3勝クラス,16,15,18,91,-1,0
202605020409,芝,3勝クラス,15,16,18,91,0,0
202605020409,芝,3勝クラス,1,17,18,63,0,0
202605020409,芝,3勝クラス,3,18,18,71,-1,0
202605020410,ダ,OP,14,1,16,85,5,0
202605020410,ダ,OP,7,2,16,196,0,0
202605020410,ダ,OP,15,2,16,71,0,0
202605020410,ダ,OP,6,4,16,85,1,0
202605020410,ダ,OP,9,5,16,91,5,0
202605020410,ダ,OP,4,6,16,85,4,0
202605020410,ダ,OP,12,7,16,85,1,0
202605020410,ダ,OP,8,8,16,133,1,0
202605020410,ダ,OP,5,9,16,85,3,0
202605020410,ダ,OP,13,10,16,85,3,0
202605020410,ダ,OP,2,11,16,42,0,0
202605020410,ダ,OP,10,12,16,56,1,0
202605020410,ダ,OP,3,13,16,316,0,0
202605020410,ダ,OP,1,14,16,162,-5,0
202605020410,ダ,OP,16,15,16,160,0,0
202605020411,芝,OP,12,1,15,232,0,0
202605020411,芝,OP,15,8,15,169,1,0
202605020411,芝,OP,11,9,15,169,-1,0
202605020411,芝,OP,9,12,15,127,-4,0
202605020412,ダ,2勝クラス,5,1,13,82,0,0
202605020412,ダ,2勝クラス,10,2,13,50,0,0
202605020412,ダ,2勝クラス,13,3,13,50,0,0
202605020412,ダ,2勝クラス,7,6,13,148,-2,0
202605020412,ダ,2勝クラス,6,7,13,99,1,0
202605020412,ダ,2勝クラス,1,8,13,56,0,0
202605020412,ダ,2勝クラス,11,9,13,106,0,0
202605020412,ダ,2勝クラス,2,10,13,78,-1,0
202605020412,ダ,2勝クラス,3,11,13,77,-1,0
202605020412,ダ,2勝クラス,8,12,13,35,0,0
202605020412,ダ,2勝クラス,9,13,13,57,0,0
202605020508,芝,2勝クラス,6,3,8,133,0,0
202605020508,芝,2勝クラス,3,5,8,76,0,0
202605020508,芝,2勝クラス,1,6,8,119,-3,0
202605020508,芝,2勝クラス,7,7,8,140,2,1
202605020508,芝,2勝クラス,4,8,8,105,0,0
202605020509,芝,3勝クラス,7,1,12,161,2,0
202605020509,芝,3勝クラス,8,2,12,104,0,0
202605020509,芝,3勝クラス,3,3,12,56,1,0
202605020509,芝,3勝クラス,10,4,12,139,-5,0
202605020509,芝,3勝クラス,12,5,12,308,0,0
202605020509,芝,3勝クラス,4,6,12,105,0,0
202605020509,芝,3勝クラス,9,7,12,272,0,0
202605020509,芝,3勝クラス,5,8,12,69,-3,0
202605020509,芝,3勝クラス,2,9,12,153,0,0
202605020509,芝,3勝クラス,1,10,12,105,-3,0
202605020509,芝,3勝クラス,11,11,12,245,0,0
202605020509,芝,3勝クラス,6,12,12,153,0,0
202605020510,ダ,OP,10,1,15,56,4,0
202605020510,ダ,OP,12,4,15,336,0,0
202605020510,ダ,OP,13,5,15,55,1,0
202605020510,ダ,OP,9,12,15,146,-4,0
202605020510,ダ,OP,1,14,15,70,0,0
202605020510,ダ,OP,15,15,15,49,1,0
202605020511,芝,重賞,11,1,17,189,1,0
202605020511,芝,重賞,16,2,17,174,1,0
202605020511,芝,重賞,17,3,17,118,0,0
202605020511,芝,重賞,6,4,17,88,0,0
202605020511,芝,重賞,14,5,17,236,-1,0
202605020511,芝,重賞,4,6,17,125,2,0
202605020511,芝,重賞,8,7,17,76,-1,0
202605020511,芝,重賞,1,8,17,48,0,1
202605020511,芝,重賞,5,9,17,161,-2,0
202605020511,芝,重賞,10,10,17,154,0,0
202605020511,芝,重賞,2,11,17,111,1,0
202605020511,芝,重賞,12,12,17,69,0,0
202605020511,芝,重賞,3,13,17,357,0,0
202605020511,芝,重賞,9,14,17,104,1,0
202605020511,芝,重賞,13,15,17,69,0,0
202605020511,芝,重賞,15,16,17,56,-1,1
202605020511,芝,重賞,7,17,17,272,1,1
202605020512,ダ,2勝クラス,3,1,16,83,2,0
202605020512,ダ,2勝クラス,11,2,16,133,0,0
202605020512,ダ,2勝クラス,12,3,16,147,-1,0
202605020512,ダ,2勝クラス,16,4,16,70,5,0
202605020512,ダ,2勝クラス,8,6,16,111,-2,0
202605020512,ダ,2勝クラス,5,7,16,28,2,0
202605020512,ダ,2勝クラス,9,8,16,35,-1,0
202605020512,ダ,2勝クラス,6,9,16,55,0,0
202605020512,ダ,2勝クラス,14,10,16,55,0,0
202605020512,ダ,2勝クラス,4,11,16,98,2,0
202605020512,ダ,2勝クラス,15,12,16,69,4,0
202605020512,ダ,2勝クラス,13,13,16,98,0,0
202605020512,ダ,2勝クラス,2,14,16,119,-3,0
202605020512,ダ,2勝クラス,10,15,16,244,1,0
202605020608,芝,2勝クラス,7,1,11,167,1,0
202605020608,芝,2勝クラス,3,2,11,42,3,0
202605020608,芝,2勝クラス,1,3,11,63,0,0
202605020608,芝,2勝クラス,11,4,11,77,0,0
202605020608,芝,2勝クラス,6,5,11,175,0,0
202605020608,芝,2勝クラス,10,6,11,168,-1,0
202605020608,芝,2勝クラス,4,7,11,43,0,0
202605020608,芝,2勝クラス,8,8,11,182,0,0
202605020608,芝,2勝クラス,5,9,11,77,0,0
202605020608,芝,2勝クラス,9,10,11,168,1,0
202605020608,芝,2勝クラス,2,11,11,49,-2,0
202605020609,ダ,2勝クラス,4,1,9,239,-3,0
202605020609,ダ,2勝クラス,8,2,9,63,2,0
202605020609,ダ,2勝クラス,7,3,9,78,2,0
202605020609,ダ,2勝クラス,9,3,9,49,0,0
202605020609,ダ,2勝クラス,1,5,9,98,5,0
202605020609,ダ,2勝クラス,3,6,9,56,4,0
202605020609,ダ,2勝クラス,2,7,9,126,-1,0
202605020609,ダ,2勝クラス,6,8,9,98,-2,0
202605020609,ダ,2勝クラス,5,9,9,77,-4,0
202605020610,芝,OP,12,1,12,126,1,0
202605020610,芝,OP,10,2,12,112,0,0
202605020610,芝,OP,2,3,12,476,0,0
202605020610,芝,OP,8,4,12,112,1,0
202605020610,芝,OP,6,5,12,84,0,0
202605020610,芝,OP,3,7,12,209,-2,0
202605020610,芝,OP,9,8,12,91,1,0
202605020610,芝,OP,7,9,12,63,-1,0
202605020610,芝,OP,11,10,12,162,0,0
202605020610,芝,OP,4,11,12,209,0,0
202605020611,芝,重賞,17,1,18,70,-1,0
202605020611,芝,重賞,16,2,18,98,1,0
202605020611,芝,重賞,11,3,18,63,1,0
202605020611,芝,重賞,8,4,18,89,-1,0
202605020611,芝,重賞,7,5,18,140,0,0
202605020611,芝,重賞,15,6,18,64,1,0
202605020611,芝,重賞,9,7,18,118,0,0
202605020611,芝,重賞,12,8,18,134,4,0
202605020611,芝,重賞,10,9,18,211,0,0
202605020611,芝,重賞,14,10,18,56,1,0
202605020611,芝,重賞,5,11,18,119,6,0
202605020611,芝,重賞,4,12,18,140,-1,0
202605020611,芝,重賞,6,13,18,56,0,0
202605020611,芝,重賞,3,14,18,196,0,0
202605020611,芝,重賞,18,15,18,99,0,0
202605020611,芝,重賞,1,16,18,126,0,0
202605020611,芝,重賞,2,17,18,77,0,0
202605020611,芝,重賞,13,18,18,99,0,0
202605020612,ダ,3勝クラス,12,1,15,280,0,0
202605020612,ダ,3勝クラス,3,2,15,168,-1,0
202605020612,ダ,3勝クラス,9,3,15,183,0,0
202605020612,ダ,3勝クラス,4,4,15,113,0,0
202605020612,ダ,3勝クラス,15,5,15,141,-3,0
202605020612,ダ,3勝クラス,2,6,15,105,0,0
202605020612,ダ,3勝クラス,13,7,15,113,0,0
202605020612,ダ,3勝クラス,10,8,15,99,0,0
202605020612,ダ,3勝クラス,6,9,15,189,0,1
202605020612,ダ,3勝クラス,14,10,15,99,1,0
202605020612,ダ,3勝クラス,7,11,15,113,-2,0
202605020612,ダ,3勝クラス,8,12,15,168,-2,0
202605020612,ダ,3勝クラス,1,13,15,84,1,0
202605020612,ダ,3勝クラス,5,14,15,134,0,0
202605020612,ダ,3勝クラス,11,15,15,92,-1,0
202605020709,芝,2勝クラス,7,1,9,55,8,0
202605020709,芝,2勝クラス,5,3,9,56,2,0
202605020709,芝,2勝クラス,8,4,9,273,1,0
202605020709,芝,2勝クラス,1,5,9,119,0,0
202605020709,芝,2勝クラス,6,6,9,111,0,0
202605020709,芝,2勝クラス,2,7,9,49,0,0
202605020709,芝,2勝クラス,4,8,9,56,1,0
202605020709,芝,2勝クラス,9,9,9,83,0,0
202605020710,ダ,2勝クラス,6,2,12,83,0,0
202605020710,ダ,2勝クラス,12,3,12,119,1,0
202605020710,ダ,2勝クラス,11,4,12,90,0,0
202605020710,ダ,2勝クラス,2,5,12,147,0,0
202605020710,ダ,2勝クラス,5,6,12,147,0,0
202605020710,ダ,2勝クラス,7,7,12,49,1,0
202605020710,ダ,2勝クラス,10,8,12,174,0,0
202605020710,ダ,2勝クラス,3,9,12,95,0,0
202605020710,ダ,2勝クラス,9,10,12,181,-1,0
202605020710,ダ,2勝クラス,1,11,12,91,0,0
202605020710,ダ,2勝クラス,4,12,12,77,-2,0
202605020711,芝,3勝クラス,7,1,15,48,-1,0
202605020711,芝,3勝クラス,8,2,15,140,-4,0
202605020711,芝,3勝クラス,14,4,15,69,-1,0
202605020711,芝,3勝クラス,5,5,15,69,0,0
202605020711,芝,3勝クラス,2,6,15,126,0,0
202605020711,芝,3勝クラス,9,7,15,566,1,1
202605020711,芝,3勝クラス,10,8,15,95,0,0
202605020711,芝,3勝クラス,3,9,15,69,1,0
202605020711,芝,3勝クラス,1,10,15,69,2,0
202605020711,芝,3勝クラス,12,11,15,83,1,0
202605020711,芝,3勝クラス,15,12,15,63,2,0
202605020711,芝,3勝クラス,11,13,15,91,2,0
202605020711,芝,3勝クラス,6,14,15,196,0,1
202605020711,芝,3勝クラス,13,15,15,111,0,0
202605020809,芝,2勝クラス,1,2,12,120,0,0
202605020809,芝,2勝クラス,4,4,12,91,0,0
202605020809,芝,2勝クラス,2,5,12,91,1,0
202605020809,芝,2勝クラス,9,6,12,56,-1,0
202605020809,芝,2勝クラス,8,7,12,42,0,0
202605020809,芝,2勝クラス,5,8,12,174,1,0
202605020809,芝,2勝クラス,3,9,12,127,-1,0
202605020809,芝,2勝クラス,10,10,12,161,1,0
202605020809,芝,2勝クラス,11,11,12,203,0,0
202605020809,芝,2勝クラス,6,12,12,91,0,0
202605020810,ダ,2勝クラス,7,1,15,70,0,0
202605020810,ダ,2勝クラス,13,2,15,84,0,0
202605020810,ダ,2勝クラス,8,3,15,84,-1,0
202605020810,ダ,2勝クラス,4,4,15,84,0,0
202605020810,ダ,2勝クラス,3,5,15,119,0,0
202605020810,ダ,2勝クラス,9,6,15,106,0,0
202605020810,ダ,2勝クラス,15,7,15,35,1,0
202605020810,ダ,2勝クラス,14,8,15,63,-2,0
202605020810,ダ,2勝クラス,11,9,15,85,-5,0
202605020810,ダ,2勝クラス,12,10,15,371,-3,0
202605020810,ダ,2勝クラス,5,11,15,35,0,0
202605020810,ダ,2勝クラス,10,14,15,224,2,0
202605020810,ダ,2勝クラス,2,15,15,49,0,0
202605020811,芝,重賞,12,1,18,154,,0
202605020811,芝,重賞,8,2,18,210,0,0
202605020811,芝,重賞,7,3,18,196,1,0
202605020811,芝,重賞,4,4,18,182,0,0
202605020811,芝,重賞,9,5,18,182,-1,0
202605020811,芝,重賞,16,6,18,176,0,0
202605020811,芝,重賞,6,7,18,96,0,0
202605020811,芝,重賞,14,8,18,210,-7,0
202605020811,芝,重賞,3,9,18,105,0,0
202605020811,芝,重賞,13,10,18,182,2,0
202605020811,芝,重賞,11,11,18,113,5,0
202605020811,芝,重賞,17,12,18,71,2,0
202605020811,芝,重賞,15,13,18,84,0,0
202605020811,芝,重賞,5,14,18,71,-3,0
202605020811,芝,重賞,2,15,18,56,0,0
202605020811,芝,重賞,18,16,18,175,-2,0
202605020811,芝,重賞,1,17,18,125,1,0
202605020811,芝,重賞,10,18,18,85,0,0
202605020812,ダ,3勝クラス,8,1,16,71,0,0
202605020812,ダ,3勝クラス,11,2,16,267,0,1
202605020812,ダ,3勝クラス,12,3,16,63,0,0
202605020812,ダ,3勝クラス,10,4,16,106,0,0
202605020812,ダ,3勝クラス,15,5,16,112,-1,0
202605020812,ダ,3勝クラス,6,6,16,94,9,0
202605020812,ダ,3勝クラス,4,7,16,125,0,0
202605020812,ダ,3勝クラス,1,8,16,112,0,0
202605020812,ダ,3勝クラス,5,9,16,112,0,0
202605020812,ダ,3勝クラス,9,10,16,140,-2,0
202605020812,ダ,3勝クラス,3,11,16,64,0,0
202605020812,ダ,3勝クラス,2,12,16,119,0,1
202605020812,ダ,3勝クラス,13,13,16,43,0,0
202605020812,ダ,3勝クラス,16,14,16,308,0,0
202605020812,ダ,3勝クラス,7,15,16,112,0,0
202605020910,芝,2勝クラス,14,1,16,203,1,0
202605020910,芝,2勝クラス,5,2,16,62,1,0
202605020910,芝,2勝クラス,11,3,16,49,0,0
202605020910,芝,2勝クラス,9,5,16,153,4,0
202605020910,芝,2勝クラス,16,6,16,97,1,0
202605020910,芝,2勝クラス,7,7,16,196,0,0
202605020910,芝,2勝クラス,3,8,16,55,0,0
202605020910,芝,2勝クラス,2,9,16,70,-1,0
202605020910,芝,2勝クラス,8,10,16,84,-1,0
202605020910,芝,2勝クラス,4,11,16,126,0,0
202605020910,芝,2勝クラス,6,12,16,153,0,0
202605020910,芝,2勝クラス,12,13,16,35,0,0
202605020910,芝,2勝クラス,15,14,16,35,-1,0
202605020910,芝,2勝クラス,10,15,16,102,0,0
202605020910,芝,2勝クラス,13,16,16,83,0,0
202605020911,ダ,OP,3,1,16,97,0,0
202605020911,ダ,OP,14,2,16,91,0,1
202605020911,ダ,OP,9,3,16,97,0,0
202605020911,ダ,OP,16,4,16,153,0,0
202605020911,ダ,OP,4,5,16,181,2,0
202605020911,ダ,OP,2,6,16,133,0,0
202605020911,ダ,OP,5,7,16,174,3,0
202605020911,ダ,OP,11,8,16,209,0,0
202605020911,ダ,OP,13,9,16,125,1,0
202605020911,ダ,OP,1,10,16,98,0,0
202605020911,ダ,OP,10,11,16,160,-2,0
202605020911,ダ,OP,7,12,16,119,1,0
202605020911,ダ,OP,12,13,16,273,0,0
202605020911,ダ,OP,15,14,16,133,0,0
202605020911,ダ,OP,8,15,16,132,2,0
202605020911,ダ,OP,6,16,16,126,0,0
202605020912,ダ,2勝クラス,4,1,16,98,1,0
202605020912,ダ,2勝クラス,14,2,16,161,0,0
202605020912,ダ,2勝クラス,15,3,16,181,0,0
202605020912,ダ,2勝クラス,3,4,16,84,1,0
202605020912,ダ,2勝クラス,9,5,16,62,0,0
202605020912,ダ,2勝クラス,12,6,16,167,3,0
202605020912,ダ,2勝クラス,2,7,16,119,0,0
202605020912,ダ,2勝クラス,10,8,16,56,2,0
202605020912,ダ,2勝クラス,16,9,16,125,-4,0
202605020912,ダ,2勝クラス,13,10,16,146,-5,0
202605020912,ダ,2勝クラス,1,11,16,112,-2,0
202605020912,ダ,2勝クラス,7,12,16,70,-3,0
202605020912,ダ,2勝クラス,5,13,16,98,2,0
202605020912,ダ,2勝クラス,6,14,16,98,0,0
202605020912,ダ,2勝クラス,8,15,16,83,-2,0
202605020912,ダ,2勝クラス,11,16,16,223,0,0
202605021008,ダ,2勝クラス,16,2,16,85,1,0
202605021008,ダ,2勝クラス,15,3,16,71,3,0
202605021008,ダ,2勝クラス,5,4,16,85,1,0
202605021008,ダ,2勝クラス,6,4,16,204,-2,0
202605021008,ダ,2勝クラス,14,6,16,63,0,0
202605021008,ダ,2勝クラス,2,7,16,77,0,0
202605021008,ダ,2勝クラス,8,8,16,132,2,0
202605021008,ダ,2勝クラス,3,9,16,92,0,0
202605021008,ダ,2勝クラス,9,10,16,77,1,0
202605021008,ダ,2勝クラス,10,11,16,82,1,0
202605021008,ダ,2勝クラス,12,12,16,71,1,0
202605021008,ダ,2勝クラス,4,13,16,36,3,0
202605021008,ダ,2勝クラス,13,14,16,112,0,0
202605021008,ダ,2勝クラス,1,15,16,82,-1,0
202605021008,ダ,2勝クラス,7,16,16,35,0,0
202605021009,芝,2勝クラス,8,1,12,119,0,0
202605021009,芝,2勝クラス,10,3,12,42,0,0
202605021009,芝,2勝クラス,6,4,12,57,2,0
202605021009,芝,2勝クラス,2,5,12,64,1,0
202605021009,芝,2勝クラス,12,6,12,42,0,0
202605021009,芝,2勝クラス,1,7,12,113,3,0
202605021009,芝,2勝クラス,3,8,12,210,1,0
202605021009,芝,2勝クラス,4,9,12,21,1,0
202605021009,芝,2勝クラス,5,10,12,119,0,0
202605021009,芝,2勝クラス,9,11,12,63,-1,0
202605021009,芝,2勝クラス,11,12,12,98,0,0
202605021010,芝,3勝クラス,6,1,14,84,0,0
202605021010,芝,3勝クラス,3,2,14,71,0,0
202605021010,芝,3勝クラス,9,3,14,91,0,0
202605021010,芝,3勝クラス,4,4,14,168,0,0
202605021010,芝,3勝クラス,1,5,14,232,0,0
202605021010,芝,3勝クラス,7,6,14,134,1,0
202605021010,芝,3勝クラス,2,7,14,56,2,0
202605021010,芝,3勝クラス,11,8,14,91,1,0
202605021010,芝,3勝クラス,12,9,14,113,2,0
202605021010,芝,3勝クラス,5,10,14,77,1,0
202605021010,芝,3勝クラス,14,11,14,91,1,0
202605021010,芝,3勝クラス,13,12,14,91,1,0
202605021010,芝,3勝クラス,10,13,14,84,0,1
202605021010,芝,3勝クラス,8,14,14,56,0,0
202605021011,芝,重賞,16,1,18,140,0,0
202605021011,芝,重賞,12,2,18,99,-1,0
202605021011,芝,重賞,18,3,18,103,1,0
202605021011,芝,重賞,5,4,18,85,0,0
202605021011,芝,重賞,17,5,18,106,0,0
202605021011,芝,重賞,13,7,18,71,4,0
202605021011,芝,重賞,3,8,18,84,1,0
202605021011,芝,重賞,10,12,18,161,1,0
202605021011,芝,重賞,14,13,18,84,-1,0
202605021011,芝,重賞,11,14,18,127,0,0
202605021011,芝,重賞,8,15,18,84,1,0
202605021011,芝,重賞,1,16,18,99,-1,0
202605021011,芝,重賞,6,17,18,64,0,0
202605021011,芝,重賞,7,18,18,56,-1,0
202605021012,ダ,3勝クラス,7,1,16,57,0,0
202605021012,ダ,3勝クラス,5,2,16,70,1,1
202605021012,ダ,3勝クラス,14,3,16,127,4,0
202605021012,ダ,3勝クラス,13,4,16,49,4,0
202605021012,ダ,3勝クラス,10,5,16,70,-2,0
202605021012,ダ,3勝クラス,3,6,16,22,-1,0
202605021012,ダ,3勝クラス,8,7,16,84,-1,0
202605021012,ダ,3勝クラス,11,8,16,56,2,0
202605021012,ダ,3勝クラス,2,9,16,147,11,1
202605021012,ダ,3勝クラス,1,10,16,92,0,0
202605021012,ダ,3勝クラス,16,11,16,64,0,0
202605021012,ダ,3勝クラス,6,12,16,127,0,0
202605021012,ダ,3勝クラス,9,13,16,218,0,0
202605021012,ダ,3勝クラス,12,14,16,120,4,0
202605021012,ダ,3勝クラス,4,15,16,161,-1,0
202605021012,ダ,3勝クラス,15,16,16,78,3,0
202605021109,ダ,2勝クラス,6,1,16,77,0,0
202605021109,ダ,2勝クラス,10,2,16,104,-1,0
202605021109,ダ,2勝クラス,11,3,16,76,0,0
202605021109,ダ,2勝クラス,3,4,16,139,0,0
202605021109,ダ,2勝クラス,14,5,16,83,0,0
202605021109,ダ,2勝クラス,16,6,16,97,2,0
202605021109,ダ,2勝クラス,4,7,16,49,0,0
202605021109,ダ,2勝クラス,12,8,16,125,2,0
202605021109,ダ,2勝クラス,1,10,16,119,1,0
202605021109,ダ,2勝クラス,15,12,16,77,-1,0
202605021109,ダ,2勝クラス,13,13,16,161,0,0
202605021109,ダ,2勝クラス,2,14,16,98,-1,0
202605021109,ダ,2勝クラス,5,16,16,322,1,0
202605021110,芝,2勝クラス,10,1,11,223,-1,0
202605021110,芝,2勝クラス,11,2,11,55,1,0
202605021110,芝,2勝クラス,2,3,11,35,0,0
202605021110,芝,2勝クラス,1,4,11,139,2,0
202605021110,芝,2勝クラス,7,5,11,195,0,0
202605021110,芝,2勝クラス,6,6,11,76,-1,0
202605021110,芝,2勝クラス,8,7,11,77,0,0
202605021110,芝,2勝クラス,4,8,11,69,0,0
202605021110,芝,2勝クラス,9,9,11,55,-2,0
202605021110,芝,2勝クラス,5,10,11,83,-4,0
202605021110,芝,2勝クラス,3,11,11,139,1,0
202605021111,ダ,OP,16,1,16,125,1,0
202605021111,ダ,OP,4,2,16,160,-3,0
202605021111,ダ,OP,11,3,16,188,0,0
202605021111,ダ,OP,9,4,16,105,1,1
202605021111,ダ,OP,8,5,16,56,0,0
202605021111,ダ,OP,14,6,16,77,-1,0
202605021111,ダ,OP,12,7,16,125,1,0
202605021111,ダ,OP,7,8,16,125,0,0
202605021111,ダ,OP,1,9,16,188,0,0
202605021111,ダ,OP,13,10,16,230,1,0
202605021111,ダ,OP,3,11,16,83,1,0
202605021111,ダ,OP,10,12,16,97,0,0
202605021111,ダ,OP,5,13,16,70,0,1
202605021111,ダ,OP,2,14,16,118,-6,0
202605021111,ダ,OP,6,15,16,766,1,0
202605021111,ダ,OP,15,16,16,168,1,0
202605021112,ダ,2勝クラス,13,1,16,63,2,0
202605021112,ダ,2勝クラス,12,2,16,48,-1,0
202605021112,ダ,2勝クラス,14,3,16,69,5,0
202605021112,ダ,2勝クラス,4,4,16,91,0,0
202605021112,ダ,2勝クラス,7,5,16,69,-3,0
202605021112,ダ,2勝クラス,8,7,16,84,2,0
202605021112,ダ,2勝クラス,15,8,16,91,1,0
202605021112,ダ,2勝クラス,1,9,16,118,-1,0
202605021112,ダ,2勝クラス,10,10,16,160,2,0
202605021112,ダ,2勝クラス,3,11,16,98,0,0
202605021112,ダ,2勝クラス,2,12,16,97,-1,0
202605021112,ダ,2勝クラス,16,13,16,91,1,0
202605021112,ダ,2勝クラス,6,15,16,76,2,0
202605021112,ダ,2勝クラス,11,16,16,119,1,0
202605021208,芝,2勝クラス,4,3,14,364,0,0
202605021208,芝,2勝クラス,11,4,14,106,0,0
202605021208,芝,2勝クラス,1,5,14,35,4,0
202605021208,芝,2勝クラス,9,6,14,42,7,0
202605021208,芝,2勝クラス,6,7,14,43,-1,0
202605021208,芝,2勝クラス,14,8,14,139,-1,0
202605021208,芝,2勝クラス,12,9,14,133,-3,0
202605021208,芝,2勝クラス,10,10,14,218,-1,0
202605021208,芝,2勝クラス,2,11,14,85,0,0
202605021208,芝,2勝クラス,5,12,14,64,2,0
202605021208,芝,2勝クラス,3,13,14,64,2,0
202605021209,ダ,3勝クラス,14,1,15,106,1,0
202605021209,ダ,3勝クラス,9,2,15,126,1,0
202605021209,ダ,3勝クラス,11,3,15,106,0,0
202605021209,ダ,3勝クラス,4,4,15,56,0,0
202605021209,ダ,3勝クラス,1,5,15,120,0,0
202605021209,ダ,3勝クラス,5,6,15,188,-7,0
202605021209,ダ,3勝クラス,2,7,15,134,0,0
202605021209,ダ,3勝クラス,6,8,15,134,0,0
202605021209,ダ,3勝クラス,3,9,15,106,0,0
202605021209,ダ,3勝クラス,15,10,15,77,-1,0
202605021209,ダ,3勝クラス,12,11,15,127,1,0
202605021209,ダ,3勝クラス,13,12,15,71,0,0
202605021209,ダ,3勝クラス,10,13,15,133,-4,0
202605021209,ダ,3勝クラス,8,14,15,196,0,0
202605021209,ダ,3勝クラス,7,15,15,231,0,0
202605021210,芝,3勝クラス,12,1,17,98,-2,0
202605021210,芝,3勝クラス,10,2,17,105,0,0
202605021210,芝,3勝クラス,9,3,17,146,0,1
202605021210,芝,3勝クラス,14,4,17,168,0,0
202605021210,芝,3勝クラス,2,5,17,42,-1,0
202605021210,芝,3勝クラス,13,6,17,168,3,0
202605021210,芝,3勝クラス,15,7,17,56,-1,0
202605021210,芝,3勝クラス,17,8,17,77,-1,0
202605021210,芝,3勝クラス,16,9,17,35,-2,0
202605021210,芝,3勝クラス,6,10,17,127,-1,0
202605021210,芝,3勝クラス,11,11,17,182,2,0
202605021210,芝,3勝クラス,4,12,17,110,-1,0
202605021210,芝,3勝クラス,8,13,17,35,1,0
202605021210,芝,3勝クラス,3,14,17,105,-1,0
202605021210,芝,3勝クラス,18,15,17,85,1,0
202605021210,芝,3勝クラス,1,16,17,56,2,0
202605021210,芝,3勝クラス,7,17,17,365,-1,0
202605021211,芝,重賞,17,1,18,105,0,0
202605021211,芝,重賞,13,2,18,188,3,0
202605021211,芝,重賞,5,3,18,84,1,0
202605021211,芝,重賞,14,4,18,110,0,0
202605021211,芝,重賞,2,5,18,71,0,0
202605021211,芝,重賞,4,6,18,64,0,0
202605021211,芝,重賞,11,7,18,105,-1,0
202605021211,芝,重賞,1,8,18,84,0,0
202605021211,芝,重賞,6,9,18,91,1,0
202605021211,芝,重賞,12,10,18,77,1,0
202605021211,芝,重賞,9,11,18,119,0,0
202605021211,芝,重賞,15,12,18,155,0,0
202605021211,芝,重賞,7,13,18,64,-3,0
202605021211,芝,重賞,18,14,18,110,0,0
202605021211,芝,重賞,3,15,18,57,2,0
202605021211,芝,重賞,16,16,18,133,1,0
202605021211,芝,重賞,8,17,18,267,0,0
202605021211,芝,重賞,10,18,18,183,-3,0
202605021212,芝,OP,4,1,14,258,6,0
202605021212,芝,OP,6,2,14,120,0,0
202605021212,芝,OP,11,3,14,120,0,0
202605021212,芝,OP,8,4,14,119,-2,1
202605021212,芝,OP,14,5,14,49,1,1
202605021212,芝,OP,7,6,14,98,0,1
202605021212,芝,OP,12,7,14,120,1,0
202605021212,芝,OP,10,8,14,64,6,0
202605021212,芝,OP,1,9,14,92,0,0
202605021212,芝,OP,9,10,14,477,-1,1
202605021212,芝,OP,3,11,14,99,2,0
202605021212,芝,OP,13,12,14,105,,0
202605021212,芝,OP,5,14,14,190,3,1
202605030411,芝,OP,11,1,13,113,0,0
202605030411,芝,OP,4,2,13,77,-1,0
202605030411,芝,OP,13,3,13,63,0,0
202605030411,芝,OP,5,4,13,141,-1,0
202605030411,芝,OP,8,5,13,77,2,1
202605030411,芝,OP,12,6,13,91,0,0
202605030411,芝,OP,6,7,13,84,0,0
202605030411,芝,OP,1,8,13,112,-1,0
202605030411,芝,OP,3,9,13,35,1,0
202605030411,芝,OP,10,10,13,113,0,0
202605030411,芝,OP,9,11,13,106,0,0
202605030411,芝,OP,7,12,13,322,0,0
202605030411,芝,OP,2,13,13,71,-1,0
202605030609,ダ,2勝クラス,15,1,16,56,0,0
202605030609,ダ,2勝クラス,9,2,16,98,1,0
202605030609,ダ,2勝クラス,11,3,16,43,0,0
202605030609,ダ,2勝クラス,16,4,16,197,-1,0
202605030609,ダ,2勝クラス,3,7,16,239,1,0
202605030609,ダ,2勝クラス,10,8,16,161,-1,0
202605030609,ダ,2勝クラス,14,10,16,105,0,0
202605030609,ダ,2勝クラス,4,11,16,119,-1,0
202605030609,ダ,2勝クラス,6,12,16,43,0,0
202605030609,ダ,2勝クラス,1,13,16,36,0,0
202605030609,ダ,2勝クラス,2,14,16,141,0,0
202605030610,芝,3勝クラス,10,1,16,85,0,0
202605030610,芝,3勝クラス,9,2,16,120,1,0
202605030610,芝,3勝クラス,14,3,16,252,-1,0
202605030610,芝,3勝クラス,2,4,16,126,0,0
202605030610,芝,3勝クラス,8,5,16,131,1,0
202605030610,芝,3勝クラス,1,6,16,112,0,0
202605030610,芝,3勝クラス,12,7,16,70,-3,0
202605030610,芝,3勝クラス,3,8,16,218,0,0
202605030610,芝,3勝クラス,11,9,16,167,1,0
202605030610,芝,3勝クラス,4,10,16,63,0,0
202605030610,芝,3勝クラス,5,11,16,105,2,0
202605030610,芝,3勝クラス,13,12,16,92,-1,0
202605030610,芝,3勝クラス,7,13,16,302,-1,1
202605030610,芝,3勝クラス,16,14,16,63,13,0
202605030610,芝,3勝クラス,15,15,16,77,0,0
202605030610,芝,3勝クラス,6,16,16,126,0,0
202605030611,芝,重賞,7,1,16,98,1,0
202605030611,芝,重賞,2,2,16,91,0,0
202605030611,芝,重賞,4,3,16,245,4,0
202605030611,芝,重賞,1,4,16,217,2,0
202605030611,芝,重賞,12,5,16,211,-1,0
202605030611,芝,重賞,10,6,16,85,1,0
202605030611,芝,重賞,3,7,16,148,0,0
202605030611,芝,重賞,5,8,16,91,1,1
202605030611,芝,重賞,14,9,16,63,2,0
202605030611,芝,重賞,8,10,16,106,1,0
202605030611,芝,重賞,13,11,16,148,1,0
202605030611,芝,重賞,15,12,16,85,0,0
202605030611,芝,重賞,16,13,16,217,0,0
202605030611,芝,重賞,6,14,16,420,1,0
202605030611,芝,重賞,11,15,16,148,0,0
202605030611,芝,重賞,9,16,16,131,0,0
202606010109,ダ,3勝クラス,3,1,11,78,2,0
202606010109,ダ,3勝クラス,4,2,11,28,-1,0
202606010109,ダ,3勝クラス,2,4,11,85,1,0
202606010109,ダ,3勝クラス,6,5,11,71,0,0
202606010109,ダ,3勝クラス,11,6,11,105,1,0
202606010109,ダ,3勝クラス,7,7,11,161,-1,0
202606010109,ダ,3勝クラス,8,8,11,196,-2,0
202606010109,ダ,3勝クラス,5,9,11,91,1,0
202606010109,ダ,3勝クラス,1,10,11,71,-1,0
202606010109,ダ,3勝クラス,9,11,11,232,0,1
202606010110,芝,OP,1,5,8,151,5,0
202606010110,芝,OP,2,7,8,113,0,0
202606010110,芝,OP,3,8,8,43,0,1
202606010111,芝,重賞,11,1,14,120,-1,0
202606010111,芝,重賞,2,2,14,190,0,1
202606010111,芝,重賞,8,3,14,189,1,0
202606010111,芝,重賞,3,4,14,190,0,1
202606010111,芝,重賞,5,5,14,71,0,0
202606010111,芝,重賞,14,6,14,105,-5,0
202606010111,芝,重賞,10,7,14,126,-1,0
202606010111,芝,重賞,12,8,14,83,-3,0
202606010111,芝,重賞,4,9,14,77,1,1
202606010111,芝,重賞,9,10,14,49,0,1
202606010111,芝,重賞,7,11,14,50,-1,0
202606010111,芝,重賞,13,13,14,91,0,0
202606010112,ダ,2勝クラス,13,1,16,41,0,0
202606010112,ダ,2勝クラス,3,2,16,57,0,0
202606010112,ダ,2勝クラス,16,3,16,28,1,0
202606010112,ダ,2勝クラス,5,5,16,43,0,0
202606010112,ダ,2勝クラス,2,7,16,245,-1,0
202606010112,ダ,2勝クラス,8,8,16,56,1,0
202606010112,ダ,2勝クラス,9,10,16,78,0,0
202606010112,ダ,2勝クラス,1,13,16,49,1,0
202606010112,ダ,2勝クラス,14,14,16,71,0,0
202606010308,ダ,2勝クラス,1,2,13,91,3,0
202606010308,ダ,2勝クラス,7,3,13,188,3,0
202606010308,ダ,2勝クラス,8,4,13,91,0,0
202606010308,ダ,2勝クラス,10,5,13,111,-3,0
202606010308,ダ,2勝クラス,6,6,13,28,0,0
202606010308,ダ,2勝クラス,13,7,13,76,0,0
202606010308,ダ,2勝クラス,2,8,13,55,0,0
202606010308,ダ,2勝クラス,5,9,13,83,0,0
202606010308,ダ,2勝クラス,9,11,13,97,-1,0
202606010308,ダ,2勝クラス,3,13,13,195,0,0
202606010310,芝,2勝クラス,16,1,16,69,0,0
202606010310,芝,2勝クラス,12,3,16,90,0,0
202606010310,芝,2勝クラス,6,5,16,28,-3,0
202606010310,芝,2勝クラス,10,6,16,47,-2,0
202606010310,芝,2勝クラス,2,7,16,83,0,0
202606010310,芝,2勝クラス,5,9,16,63,2,0
202606010310,芝,2勝クラス,7,10,16,433,-1,0
202606010310,芝,2勝クラス,9,11,16,90,0,0
202606010310,芝,2勝クラス,4,12,16,111,0,0
202606010310,芝,2勝クラス,13,13,16,55,0,0
202606010310,芝,2勝クラス,11,14,16,77,0,0
202606010310,芝,2勝クラス,3,15,16,91,-1,0
202606010310,芝,2勝クラス,15,16,16,195,3,0
202606010311,芝,3勝クラス,13,1,17,118,1,0
202606010311,芝,3勝クラス,4,2,17,112,0,1
202606010311,芝,3勝クラス,2,3,17,168,4,1
202606010311,芝,3勝クラス,17,4,17,133,-2,0
202606010311,芝,3勝クラス,12,5,17,28,3,0
202606010311,芝,3勝クラス,6,6,17,77,-1,0
202606010311,芝,3勝クラス,1,8,17,89,0,0
202606010311,芝,3勝クラス,9,9,17,84,0,0
202606010311,芝,3勝クラス,10,10,17,47,5,0
202606010311,芝,3勝クラス,14,10,17,83,-1,0
202606010311,芝,3勝クラス,3,12,17,77,0,0
202606010311,芝,3勝クラス,8,13,17,62,0,0
202606010311,芝,3勝クラス,16,15,17,69,-3,0
202606010311,芝,3勝クラス,5,17,17,196,0,0
202606010409,芝,2勝クラス,7,1,13,48,0,0
202606010409,芝,2勝クラス,8,2,13,91,0,0
202606010409,芝,2勝クラス,2,3,13,252,0,0
202606010409,芝,2勝クラス,13,4,13,112,-3,0
202606010409,芝,2勝クラス,1,5,13,48,2,0
202606010409,芝,2勝クラス,5,6,13,105,0,0
202606010409,芝,2勝クラス,3,7,13,90,1,0
202606010409,芝,2勝クラス,6,9,13,48,0,0
202606010409,芝,2勝クラス,4,10,13,105,-3,0
202606010409,芝,2勝クラス,12,11,13,176,-1,0
202606010409,芝,2勝クラス,10,12,13,48,-1,0
202606010409,芝,2勝クラス,9,13,13,28,-1,0
202606010410,ダ,OP,3,1,16,133,0,1
202606010410,ダ,OP,7,2,16,57,0,0
202606010410,ダ,OP,15,3,16,134,1,0
202606010410,ダ,OP,10,4,16,112,0,1
202606010410,ダ,OP,13,5,16,113,3,0
202606010410,ダ,OP,8,7,16,56,3,0
202606010410,ダ,OP,12,9,16,168,0,0
202606010410,ダ,OP,5,10,16,71,0,1
202606010410,ダ,OP,14,12,16,140,1,1
202606010410,ダ,OP,16,14,16,99,-1,0
202606010410,ダ,OP,11,16,16,113,0,0
202606010411,芝,重賞,15,1,16,175,0,0
202606010411,芝,重賞,3,7,16,105,0,1
202606010412,ダ,2勝クラス,15,3,16,118,-1,0
202606010412,ダ,2勝クラス,14,4,16,84,0,0
202606010412,ダ,2勝クラス,6,5,16,85,-1,0
202606010412,ダ,2勝クラス,13,6,16,106,-2,0
202606010412,ダ,2勝クラス,7,8,16,36,0,0
202606010412,ダ,2勝クラス,9,9,16,63,0,0
202606010412,ダ,2勝クラス,2,10,16,91,0,0
202606010412,ダ,2勝クラス,4,11,16,203,0,0
202606010412,ダ,2勝クラス,8,13,16,85,0,0
202606010412,ダ,2勝クラス,1,15,16,42,0,0
202606010412,ダ,2勝クラス,3,16,16,147,0,0
202606010608,ダ,2勝クラス,11,1,16,90,0,0
202606010608,ダ,2勝クラス,13,2,16,370,0,0
202606010608,ダ,2勝クラス,14,3,16,42,0,0
202606010608,ダ,2勝クラス,7,5,16,97,0,0
202606010608,ダ,2勝クラス,16,6,16,48,0,0
202606010608,ダ,2勝クラス,3,7,16,132,0,0
202606010608,ダ,2勝クラス,4,8,16,63,1,0
202606010608,ダ,2勝クラス,10,10,16,42,0,0
202606010608,ダ,2勝クラス,15,11,16,112,1,0
202606010608,ダ,2勝クラス,9,12,16,35,-1,0
202606010608,ダ,2勝クラス,8,13,16,63,0,0
202606010608,ダ,2勝クラス,5,14,16,56,0,0
202606010608,ダ,2勝クラス,2,15,16,258,-1,0
202606010610,ダ,3勝クラス,3,1,16,111,1,0
202606010610,ダ,3勝クラス,11,2,16,54,6,0
202606010610,ダ,3勝クラス,12,3,16,91,-3,0
202606010610,ダ,3勝クラス,4,5,16,55,0,0
202606010610,ダ,3勝クラス,15,6,16,35,1,0
202606010610,ダ,3勝クラス,7,7,16,91,0,0
202606010610,ダ,3勝クラス,16,8,16,91,-1,0
202606010610,ダ,3勝クラス,8,9,16,147,0,0
202606010610,ダ,3勝クラス,13,10,16,181,2,1
202606010610,ダ,3勝クラス,1,11,16,237,0,0
202606010610,ダ,3勝クラス,5,12,16,125,-2,0
202606010610,ダ,3勝クラス,10,13,16,160,2,0
202606010610,ダ,3勝クラス,14,14,16,154,-1,0
202606010610,ダ,3勝クラス,9,15,16,84,0,0
202606010610,ダ,3勝クラス,2,16,16,203,0,0
202606010611,芝,OP,8,1,16,62,0,0
202606010611,芝,OP,14,2,16,83,0,0
202606010611,芝,OP,5,3,16,160,-3,0
202606010611,芝,OP,4,5,16,132,-1,1
202606010611,芝,OP,7,6,16,105,0,0
202606010611,芝,OP,15,7,16,105,-1,1
202606010611,芝,OP,3,8,16,111,0,1
202606010611,芝,OP,10,9,16,55,0,0
202606010611,芝,OP,13,10,16,83,0,0
202606010611,芝,OP,12,11,16,167,0,0
202606010611,芝,OP,2,12,16,105,0,1
202606010611,芝,OP,11,13,16,132,1,0
202606010611,芝,OP,9,14,16,146,0,0
202606010611,芝,OP,1,16,16,203,1,0
202606010612,芝,2勝クラス,8,1,16,104,0,0
202606010612,芝,2勝クラス,9,2,16,42,0,0
202606010612,芝,2勝クラス,2,3,16,69,-1,0
202606010612,芝,2勝クラス,11,4,16,63,0,0
202606010612,芝,2勝クラス,6,5,16,69,0,0
202606010612,芝,2勝クラス,5,6,16,84,0,0
202606010612,芝,2勝クラス,13,7,16,69,0,0
202606010612,芝,2勝クラス,1,9,16,112,-2,0
202606010612,芝,2勝クラス,10,11,16,112,0,0
202606010612,芝,2勝クラス,3,12,16,133,-2,0
202606010612,芝,2勝クラス,12,13,16,202,0,0
202606010612,芝,2勝クラス,4,14,16,126,1,0
202606010612,芝,2勝クラス,15,15,16,133,-1,0
202606010707,芝,2勝クラス,5,1,16,42,1,0
202606010707,芝,2勝クラス,4,2,16,204,1,0
202606010707,芝,2勝クラス,1,3,16,106,0,0
202606010707,芝,2勝クラス,2,4,16,97,1,0
202606010707,芝,2勝クラス,12,5,16,125,0,0
202606010707,芝,2勝クラス,8,6,16,99,1,0
202606010707,芝,2勝クラス,9,7,16,154,5,0
202606010707,芝,2勝クラス,14,8,16,161,-3,0
202606010707,芝,2勝クラス,10,11,16,92,1,0
202606010707,芝,2勝クラス,15,12,16,84,0,0
202606010707,芝,2勝クラス,11,13,16,55,-1,0
202606010707,芝,2勝クラス,16,15,16,99,-2,0
202606010708,ダ,2勝クラス,7,1,16,113,4,0
202606010708,ダ,2勝クラス,14,2,16,125,0,0
202606010708,ダ,2勝クラス,8,3,16,91,1,0
202606010708,ダ,2勝クラス,15,4,16,56,2,0
202606010708,ダ,2勝クラス,4,6,16,119,1,0
202606010708,ダ,2勝クラス,16,7,16,71,-1,0
202606010708,ダ,2勝クラス,1,8,16,70,4,0
202606010708,ダ,2勝クラス,3,9,16,84,2,0
202606010708,ダ,2勝クラス,6,10,16,119,-1,0
202606010708,ダ,2勝クラス,12,11,16,246,7,0
202606010708,ダ,2勝クラス,2,14,16,42,2,0
202606010708,ダ,2勝クラス,9,15,16,105,0,0
202606010708,ダ,2勝クラス,13,16,16,64,4,0
202606010709,芝,3勝クラス,7,1,15,113,-1,0
202606010709,芝,3勝クラス,5,2,15,113,-1,0
202606010709,芝,3勝クラス,8,3,15,91,1,0
202606010709,芝,3勝クラス,2,4,15,113,0,0
202606010709,芝,3勝クラス,4,5,15,78,0,0
202606010709,芝,3勝クラス,11,6,15,63,2,0
202606010709,芝,3勝クラス,3,7,15,78,2,0
202606010709,芝,3勝クラス,15,8,15,98,1,0
202606010709,芝,3勝クラス,13,9,15,91,-2,0
202606010709,芝,3勝クラス,10,10,15,70,2,0
202606010709,芝,3勝クラス,6,11,15,98,-1,0
202606010709,芝,3勝クラス,9,12,15,113,1,0
202606010709,芝,3勝クラス,12,13,15,64,1,0
202606010709,芝,3勝クラス,1,14,15,71,0,0
202606010709,芝,3勝クラス,14,15,15,98,0,1
202606010710,ダ,OP,14,1,16,112,0,1
202606010710,ダ,OP,6,2,16,77,0,1
202606010710,ダ,OP,9,3,16,105,0,0
202606010710,ダ,OP,16,3,16,42,0,0
202606010710,ダ,OP,11,5,16,134,0,0
202606010710,ダ,OP,7,6,16,126,1,0
202606010710,ダ,OP,4,7,16,63,1,1
202606010710,ダ,OP,5,9,16,154,0,0
202606010710,ダ,OP,8,10,16,148,0,0
202606010710,ダ,OP,10,11,16,288,,0
202606010710,ダ,OP,15,12,16,245,0,0
202606010710,ダ,OP,3,13,16,106,0,0
202606010710,ダ,OP,13,14,16,78,0,0
202606010711,芝,重賞,10,10,15,134,0,0
202606010809,芝,2勝クラス,7,1,9,118,3,0
202606010809,芝,2勝クラス,5,2,9,131,0,0
202606010809,芝,2勝クラス,6,3,9,77,1,0
202606010809,芝,2勝クラス,1,5,9,69,-1,0
202606010809,芝,2勝クラス,9,6,9,112,-1,0
202606010809,芝,2勝クラス,3,7,9,104,2,0
202606010809,芝,2勝クラス,8,8,9,90,-5,0
202606010809,芝,2勝クラス,4,9,9,202,2,0
202606010810,ダ,2勝クラス,1,1,10,49,7,0
202606010810,ダ,2勝クラス,7,2,10,97,1,0
202606010810,ダ,2勝クラス,8,3,10,105,0,0
202606010810,ダ,2勝クラス,2,6,10,49,4,0
202606010810,ダ,2勝クラス,5,7,10,258,-1,0
202606010810,ダ,2勝クラス,3,8,10,131,-1,0
202606010810,ダ,2勝クラス,6,9,10,35,1,0
202606010810,ダ,2勝クラス,9,10,10,90,0,0
202606010811,芝,3勝クラス,16,1,18,76,-1,0
202606010811,芝,3勝クラス,10,2,18,69,-1,0
202606010811,芝,3勝クラス,14,4,18,41,0,0
202606010811,芝,3勝クラス,18,5,18,97,0,0
202606010811,芝,3勝クラス,6,6,18,42,1,0
202606010811,芝,3勝クラス,9,7,18,76,1,0
202606010811,芝,3勝クラス,1,8,18,111,0,0
202606010811,芝,3勝クラス,11,9,18,132,-2,0
202606010811,芝,3勝クラス,7,10,18,140,0,1
202606010811,芝,3勝クラス,3,11,18,91,0,0
202606010811,芝,3勝クラス,5,12,18,189,0,0
202606010811,芝,3勝クラス,2,13,18,111,0,0
202606010811,芝,3勝クラス,8,14,18,48,1,0
202606010811,芝,3勝クラス,12,15,18,41,-4,0
202606010811,芝,3勝クラス,15,16,18,132,3,0
202606010811,芝,3勝クラス,17,17,18,69,-1,0
202606010811,芝,3勝クラス,13,18,18,140,0,0
202606010907,芝,2勝クラス,3,1,9,84,0,0
202606010907,芝,2勝クラス,5,2,9,92,-1,0
202606010907,芝,2勝クラス,1,3,9,148,0,0
202606010907,芝,2勝クラス,9,4,9,77,0,0
202606010907,芝,2勝クラス,10,5,9,57,1,0
202606010907,芝,2勝クラス,7,6,9,35,-2,0
202606010907,芝,2勝クラス,8,7,9,133,2,0
202606010907,芝,2勝クラス,4,8,9,105,2,0
202606010907,芝,2勝クラス,2,9,9,112,-2,0
202606010908,ダ,2勝クラス,2,1,15,287,0,0
202606010908,ダ,2勝クラス,9,2,15,71,1,0
202606010908,ダ,2勝クラス,8,4,15,49,0,0
202606010908,ダ,2勝クラス,7,5,15,71,1,0
202606010908,ダ,2勝クラス,13,6,15,78,0,0
202606010908,ダ,2勝クラス,5,7,15,36,1,0
202606010908,ダ,2勝クラス,4,8,15,57,-1,0
202606010908,ダ,2勝クラス,15,10,15,140,0,0
202606010908,ダ,2勝クラス,1,11,15,77,0,0
202606010908,ダ,2勝クラス,6,12,15,84,-1,0
202606010908,ダ,2勝クラス,11,14,15,127,0,0
202606010908,ダ,2勝クラス,14,15,15,120,-1,0
202606010910,ダ,3勝クラス,9,1,16,113,2,0
202606010910,ダ,3勝クラス,16,2,16,120,1,0
202606010910,ダ,3勝クラス,2,3,16,77,0,0
202606010910,ダ,3勝クラス,11,5,16,57,2,0
202606010910,ダ,3勝クラス,10,6,16,98,0,0
202606010910,ダ,3勝クラス,8,7,16,155,1,0
202606010910,ダ,3勝クラス,3,8,16,105,1,0
202606010910,ダ,3勝クラス,7,9,16,162,1,0
202606010910,ダ,3勝クラス,13,10,16,57,0,0
202606010910,ダ,3勝クラス,12,11,16,119,0,0
202606010910,ダ,3勝クラス,6,12,16,35,0,0
202606010910,ダ,3勝クラス,15,13,16,70,1,0
202606010910,ダ,3勝クラス,5,14,16,252,0,0
202606010910,ダ,3勝クラス,14,15,16,92,0,0
202606010910,ダ,3勝クラス,1,16,16,113,0,0
202606010911,芝,重賞,9,1,16,126,0,0
202606010911,芝,重賞,5,4,16,238,-5,0
202606010911,芝,重賞,6,5,16,98,3,0
202606010911,芝,重賞,12,6,16,112,1,0
202606010911,芝,重賞,4,7,16,126,1,0
202606010911,芝,重賞,10,8,16,455,-1,0
202606010911,芝,重賞,11,9,16,104,1,0
202606010911,芝,重賞,3,11,16,266,1,0
202606010911,芝,重賞,1,13,16,224,2,0
202606010911,芝,重賞,2,14,16,302,0,0
202606010911,芝,重賞,7,15,16,71,0,0
202606020108,芝,2勝クラス,12,1,13,54,0,0
202606020108,芝,2勝クラス,7,2,13,146,0,0
202606020108,芝,2勝クラス,4,3,13,49,2,0
202606020108,芝,2勝クラス,5,4,13,54,0,0
202606020108,芝,2勝クラス,10,6,13,301,0,0
202606020108,芝,2勝クラス,2,7,13,83,-1,0
202606020108,芝,2勝クラス,11,8,13,83,-2,0
202606020108,芝,2勝クラス,8,9,13,125,0,0
202606020108,芝,2勝クラス,6,10,13,111,0,0
202606020108,芝,2勝クラス,3,11,13,41,-1,0
202606020108,芝,2勝クラス,9,12,13,94,1,0
202606020110,ダ,3勝クラス,16,1,16,105,1,0
202606020110,ダ,3勝クラス,13,2,16,161,0,0
202606020110,ダ,3勝クラス,14,3,16,111,1,0
202606020110,ダ,3勝クラス,2,4,16,47,1,0
202606020110,ダ,3勝クラス,12,5,16,147,0,0
202606020110,ダ,3勝クラス,15,6,16,153,-1,0
202606020110,ダ,3勝クラス,6,7,16,77,-1,0
202606020110,ダ,3勝クラス,10,8,16,105,0,1
202606020110,ダ,3勝クラス,8,9,16,69,0,0
202606020110,ダ,3勝クラス,4,11,16,153,-1,0
202606020110,ダ,3勝クラス,11,12,16,266,0,0
202606020110,ダ,3勝クラス,3,13,16,98,0,1
202606020110,ダ,3勝クラス,9,14,16,91,-1,0
202606020110,ダ,3勝クラス,1,15,16,125,0,0
202606020110,ダ,3勝クラス,7,16,16,174,-1,0
202606020111,芝,重賞,3,1,16,153,2,0
202606020111,芝,重賞,2,2,16,90,1,0
202606020111,芝,重賞,5,3,16,90,2,0
202606020111,芝,重賞,16,5,16,90,2,0
202606020111,芝,重賞,15,6,16,223,0,1
202606020111,芝,重賞,4,7,16,70,-1,0
202606020111,芝,重賞,11,8,16,83,-1,0
202606020111,芝,重賞,13,9,16,335,0,0
202606020111,芝,重賞,6,10,16,63,0,0
202606020111,芝,重賞,8,10,16,48,0,0
202606020111,芝,重賞,7,13,16,391,0,0
202606020111,芝,重賞,12,14,16,90,-1,0
202606020112,ダ,2勝クラス,10,1,16,160,4,0
202606020112,ダ,2勝クラス,13,2,16,125,1,0
202606020112,ダ,2勝クラス,11,3,16,77,0,0
202606020112,ダ,2勝クラス,14,4,16,111,-3,0
202606020112,ダ,2勝クラス,9,5,16,140,0,0
202606020112,ダ,2勝クラス,16,6,16,54,-1,0
202606020112,ダ,2勝クラス,6,8,16,35,0,0
202606020112,ダ,2勝クラス,5,9,16,153,4,0
202606020112,ダ,2勝クラス,7,10,16,126,2,0
202606020112,ダ,2勝クラス,4,11,16,97,1,0
202606020112,ダ,2勝クラス,12,12,16,151,0,0
202606020112,ダ,2勝クラス,3,13,16,49,-2,0
202606020112,ダ,2勝クラス,2,14,16,48,0,0
202606020112,ダ,2勝クラス,8,15,16,174,0,0
202606020112,ダ,2勝クラス,1,16,16,182,9,0
202606020209,芝,2勝クラス,8,1,9,77,0,0
202606020209,芝,2勝クラス,5,2,9,126,0,0
202606020209,芝,2勝クラス,4,3,9,154,1,0
202606020209,芝,2勝クラス,3,4,9,55,0,0
202606020209,芝,2勝クラス,2,5,9,55,1,0
202606020209,芝,2勝クラス,6,6,9,70,2,0
202606020209,芝,2勝クラス,7,8,9,263,1,0
202606020209,芝,2勝クラス,10,9,9,134,0,0
202606020210,芝,3勝クラス,2,1,15,155,0,1
202606020210,芝,3勝クラス,15,2,15,64,0,0
202606020210,芝,3勝クラス,9,3,15,134,3,0
202606020210,芝,3勝クラス,8,4,15,134,-3,0
202606020210,芝,3勝クラス,13,5,15,155,0,0
202606020210,芝,3勝クラス,1,6,15,148,0,0
202606020210,芝,3勝クラス,5,7,15,42,4,0
202606020210,芝,3勝クラス,10,8,15,98,0,0
202606020210,芝,3勝クラス,14,9,15,92,0,0
202606020210,芝,3勝クラス,12,10,15,175,1,0
202606020210,芝,3勝クラス,3,11,15,127,0,0
202606020210,芝,3勝クラス,6,12,15,134,0,0
202606020210,芝,3勝クラス,4,13,15,113,-1,0
202606020210,芝,3勝クラス,11,14,15,239,0,0
202606020210,芝,3勝クラス,7,15,15,175,0,0
202606020211,芝,重賞,5,1,14,147,0,0
202606020211,芝,重賞,9,2,14,120,0,0
202606020211,芝,重賞,10,3,14,119,1,0
202606020211,芝,重賞,7,4,14,56,1,0
202606020211,芝,重賞,6,5,14,147,1,0
202606020211,芝,重賞,3,6,14,134,0,0
202606020211,芝,重賞,4,8,14,50,3,1
202606020211,芝,重賞,12,9,14,85,0,0
202606020211,芝,重賞,14,10,14,134,1,0
202606020211,芝,重賞,2,11,14,85,3,0
202606020211,芝,重賞,1,12,14,119,-2,0
202606020211,芝,重賞,8,13,14,85,0,0
202606020211,芝,重賞,13,14,14,273,0,0
202606020212,ダ,2勝クラス,1,1,16,78,-2,0
202606020212,ダ,2勝クラス,12,2,16,85,0,0
202606020212,ダ,2勝クラス,7,3,16,78,1,0
202606020212,ダ,2勝クラス,8,5,16,99,-1,0
202606020212,ダ,2勝クラス,9,6,16,85,0,0
202606020212,ダ,2勝クラス,13,7,16,155,1,0
202606020212,ダ,2勝クラス,15,9,16,148,3,0
202606020212,ダ,2勝クラス,5,11,16,98,2,0
202606020212,ダ,2勝クラス,11,12,16,99,1,0
202606020212,ダ,2勝クラス,16,13,16,78,0,0
202606020212,ダ,2勝クラス,10,14,16,190,0,0
202606020212,ダ,2勝クラス,4,15,16,126,0,0
202606020212,ダ,2勝クラス,3,16,16,155,0,0
202606020309,芝,2勝クラス,12,1,12,42,2,0
202606020309,芝,2勝クラス,5,2,12,244,1,0
202606020309,芝,2勝クラス,8,3,12,118,0,0
202606020309,芝,2勝クラス,11,4,12,132,-6,0
202606020309,芝,2勝クラス,6,5,12,90,0,0
202606020309,芝,2勝クラス,10,6,12,42,1,0
202606020309,芝,2勝クラス,4,7,12,90,3,0
202606020309,芝,2勝クラス,3,8,12,147,1,0
202606020309,芝,2勝クラス,9,9,12,140,-2,1
202606020309,芝,2勝クラス,13,11,12,223,4,0
202606020309,芝,2勝クラス,7,12,12,173,-2,0
202606020310,ダ,3勝クラス,11,1,13,125,0,0
202606020310,ダ,3勝クラス,13,2,13,343,-2,0
202606020310,ダ,3勝クラス,8,3,13,103,2,0
202606020310,ダ,3勝クラス,9,4,13,70,-1,0
202606020310,ダ,3勝クラス,12,5,13,133,0,0
202606020310,ダ,3勝クラス,1,6,13,76,-3,0
202606020310,ダ,3勝クラス,14,7,13,54,-3,0
202606020310,ダ,3勝クラス,4,8,13,76,0,0
202606020310,ダ,3勝クラス,6,9,13,76,4,0
202606020310,ダ,3勝クラス,5,10,13,76,0,0
202606020310,ダ,3勝クラス,10,11,13,203,1,0
202606020310,ダ,3勝クラス,7,12,13,90,1,0
202606020311,芝,重賞,3,1,16,97,0,1
202606020311,芝,重賞,4,3,16,139,6,0
202606020311,芝,重賞,13,4,16,139,0,0
202606020311,芝,重賞,14,5,16,139,-1,1
202606020311,芝,重賞,16,6,16,139,-1,0
202606020311,芝,重賞,9,7,16,202,0,0
202606020311,芝,重賞,15,8,16,139,-4,0
202606020311,芝,重賞,12,9,16,104,-1,1
202606020311,芝,重賞,5,10,16,77,3,0
202606020311,芝,重賞,6,11,16,105,1,0
202606020311,芝,重賞,7,12,16,111,-1,0
202606020311,芝,重賞,10,13,16,146,1,0
202606020311,芝,重賞,11,14,16,77,0,0
202606020311,芝,重賞,1,15,16,105,1,0
202606020311,芝,重賞,8,16,16,153,1,0
202606020408,ダ,2勝クラス,5,1,13,134,-1,0
202606020408,ダ,2勝クラス,6,4,13,43,0,0
202606020408,ダ,2勝クラス,9,5,13,43,0,0
202606020408,ダ,2勝クラス,1,6,13,62,2,0
202606020408,ダ,2勝クラス,7,7,13,99,-1,0
202606020408,ダ,2勝クラス,11,8,13,57,11,0
202606020408,ダ,2勝クラス,4,9,13,210,4,0
202606020408,ダ,2勝クラス,3,10,13,91,0,0
202606020408,ダ,2勝クラス,8,13,13,106,3,0
202606020409,芝,3勝クラス,1,1,16,133,8,0
202606020409,芝,3勝クラス,16,2,16,189,-1,1
202606020409,芝,3勝クラス,11,3,16,104,-1,1
202606020409,芝,3勝クラス,5,4,16,161,0,1
202606020409,芝,3勝クラス,15,5,16,70,-1,0
202606020409,芝,3勝クラス,4,6,16,106,9,0
202606020409,芝,3勝クラス,7,7,16,197,-3,0
202606020409,芝,3勝クラス,3,8,16,70,-2,0
202606020409,芝,3勝クラス,8,10,16,57,-1,0
202606020409,芝,3勝クラス,10,11,16,141,0,0
202606020409,芝,3勝クラス,6,12,16,106,-3,0
202606020409,芝,3勝クラス,12,14,16,126,0,0
202606020409,芝,3勝クラス,9,15,16,43,-1,0
202606020409,芝,3勝クラス,13,16,16,104,-2,1
202606020410,ダ,OP,9,1,15,140,2,0
202606020410,ダ,OP,14,2,15,112,1,0
202606020410,ダ,OP,13,3,15,106,2,0
202606020410,ダ,OP,11,4,15,56,-2,0
202606020410,ダ,OP,8,5,15,158,0,0
202606020410,ダ,OP,5,6,15,187,-1,0
202606020410,ダ,OP,4,8,15,140,3,0
202606020410,ダ,OP,6,9,15,112,5,0
202606020410,ダ,OP,10,10,15,106,0,0
202606020410,ダ,OP,1,11,15,168,0,1
202606020410,ダ,OP,15,12,15,169,0,0
202606020410,ダ,OP,7,13,15,112,1,1
202606020410,ダ,OP,2,14,15,104,2,1
202606020410,ダ,OP,3,15,15,259,-2,0
202606020411,芝,重賞,6,3,10,113,-1,0
202606020411,芝,重賞,5,4,10,162,2,0
202606020411,芝,重賞,3,6,10,81,1,0
202606020411,芝,重賞,1,7,10,62,0,0
202606020411,芝,重賞,9,9,10,162,0,0
202606020411,芝,重賞,2,10,10,133,0,0
202606020412,芝,2勝クラス,16,1,16,119,0,0
202606020412,芝,2勝クラス,4,2,16,42,0,0
202606020412,芝,2勝クラス,5,3,16,154,-1,0
202606020412,芝,2勝クラス,3,4,16,91,0,0
202606020412,芝,2勝クラス,12,5,16,295,-1,0
202606020412,芝,2勝クラス,6,6,16,231,-2,0
202606020412,芝,2勝クラス,2,7,16,92,1,0
202606020412,芝,2勝クラス,10,8,16,50,0,0
202606020412,芝,2勝クラス,13,9,16,78,1,0
202606020412,芝,2勝クラス,1,10,16,112,1,0
202606020412,芝,2勝クラス,8,11,16,91,0,0
202606020412,芝,2勝クラス,9,12,16,99,1,0
202606020412,芝,2勝クラス,7,13,16,78,2,0
202606020412,芝,2勝クラス,14,14,16,183,0,0
202606020412,芝,2勝クラス,11,15,16,92,0,0
202606020412,芝,2勝クラス,15,16,16,120,0,0
202606020509,芝,2勝クラス,7,2,10,119,1,0
202606020509,芝,2勝クラス,6,3,10,83,1,0
202606020509,芝,2勝クラス,3,4,10,329,0,0
202606020509,芝,2勝クラス,2,6,10,146,0,1
202606020509,芝,2勝クラス,11,7,10,112,6,0
202606020509,芝,2勝クラス,1,9,10,119,-1,0
202606020509,芝,2勝クラス,5,10,10,112,5,0
202606020510,芝,3勝クラス,16,1,16,83,1,0
202606020510,芝,3勝クラス,7,2,16,133,0,0
202606020510,芝,3勝クラス,6,3,16,97,-1,0
202606020510,芝,3勝クラス,13,4,16,63,-2,0
202606020510,芝,3勝クラス,10,5,16,111,3,0
202606020510,芝,3勝クラス,5,6,16,83,0,0
202606020510,芝,3勝クラス,4,7,16,153,1,0
202606020510,芝,3勝クラス,8,8,16,133,0,0
202606020510,芝,3勝クラス,2,9,16,238,7,0
202606020510,芝,3勝クラス,15,10,16,119,0,0
202606020510,芝,3勝クラス,11,11,16,91,0,0
202606020510,芝,3勝クラス,14,12,16,118,-2,0
202606020510,芝,3勝クラス,12,13,16,76,4,0
202606020510,芝,3勝クラス,3,14,16,91,1,0
202606020510,芝,3勝クラス,1,15,16,77,2,0
202606020510,芝,3勝クラス,9,16,16,119,3,0
202606020511,芝,OP,15,6,16,48,-2,0
202606020511,芝,OP,12,7,16,161,1,1
202606020511,芝,OP,5,8,16,146,0,0
202606020511,芝,OP,13,10,16,202,0,0
202606020511,芝,OP,11,11,16,139,2,0
202606020511,芝,OP,1,16,16,83,0,0
202606020512,ダ,2勝クラス,6,1,16,69,0,0
202606020512,ダ,2勝クラス,12,2,16,118,1,0
202606020512,ダ,2勝クラス,15,3,16,196,-2,0
202606020512,ダ,2勝クラス,14,4,16,56,0,0
202606020512,ダ,2勝クラス,16,5,16,56,0,0
202606020512,ダ,2勝クラス,7,6,16,68,-2,0
202606020512,ダ,2勝クラス,8,7,16,84,2,0
202606020512,ダ,2勝クラス,3,8,16,125,1,0
202606020512,ダ,2勝クラス,4,9,16,97,0,0
202606020512,ダ,2勝クラス,11,10,16,69,1,0
202606020512,ダ,2勝クラス,2,11,16,105,0,0
202606020512,ダ,2勝クラス,10,12,16,104,-2,0
202606020512,ダ,2勝クラス,9,13,16,160,0,0
202606020512,ダ,2勝クラス,13,14,16,69,0,0
202606020512,ダ,2勝クラス,1,15,16,69,0,0
202606020512,ダ,2勝クラス,5,16,16,98,0,0
202606020608,芝,2勝クラス,7,2,10,64,-1,0
202606020608,芝,2勝クラス,4,4,10,106,-1,0
202606020608,芝,2勝クラス,5,6,10,70,0,0
202606020608,芝,2勝クラス,10,7,10,64,-2,0
202606020608,芝,2勝クラス,3,8,10,28,-1,0
202606020608,芝,2勝クラス,2,9,10,21,0,0
202606020608,芝,2勝クラス,9,10,10,168,-1,0
202606020609,ダ,2勝クラス,11,1,11,106,-1,0
202606020609,ダ,2勝クラス,8,3,11,42,2,0
202606020609,ダ,2勝クラス,10,4,11,162,-3,0
202606020609,ダ,2勝クラス,6,6,11,106,2,0
202606020609,ダ,2勝クラス,7,7,11,49,0,0
202606020609,ダ,2勝クラス,9,8,11,127,-3,0
202606020609,ダ,2勝クラス,3,9,11,211,-2,0
202606020609,ダ,2勝クラス,4,10,11,62,1,0
202606020609,ダ,2勝クラス,2,11,11,77,-2,0
202606020610,芝,OP,6,2,16,147,-1,1
202606020610,芝,OP,16,3,16,134,-1,0
202606020610,芝,OP,15,4,16,274,1,0
202606020610,芝,OP,7,5,16,62,-4,0
202606020610,芝,OP,2,6,16,147,2,0
202606020610,芝,OP,13,7,16,133,0,1
202606020610,芝,OP,3,8,16,470,-2,0
202606020610,芝,OP,9,9,16,133,0,0
202606020610,芝,OP,14,10,16,119,3,0
202606020610,芝,OP,11,11,16,92,1,0
202606020610,芝,OP,10,12,16,190,-2,0
202606020610,芝,OP,1,13,16,190,-1,0
202606020610,芝,OP,8,14,16,203,0,1
202606020610,芝,OP,4,16,16,148,0,0
202606020611,芝,重賞,2,2,16,106,0,0
202606020611,芝,重賞,14,3,16,99,1,0
202606020611,芝,重賞,10,5,16,99,1,0
202606020611,芝,重賞,8,8,16,211,1,0
202606020611,芝,重賞,6,10,16,120,0,0
202606020611,芝,重賞,7,12,16,78,0,0
202606020709,芝,2勝クラス,13,3,15,126,0,0
202606020709,芝,2勝クラス,8,4,15,117,3,0
202606020709,芝,2勝クラス,6,5,15,111,0,0
202606020709,芝,2勝クラス,16,6,15,237,-1,0
202606020709,芝,2勝クラス,2,7,15,146,0,0
202606020709,芝,2勝クラス,10,9,15,126,0,0
202606020709,芝,2勝クラス,3,10,15,75,0,0
202606020709,芝,2勝クラス,1,11,15,117,0,0
202606020709,芝,2勝クラス,14,12,15,195,0,0
202606020709,芝,2勝クラス,7,13,15,48,0,0
202606020709,芝,2勝クラス,12,14,15,118,2,0
202606020709,芝,2勝クラス,15,15,15,42,-1,0
202606020710,ダ,3勝クラス,11,1,13,97,-2,0
202606020710,ダ,3勝クラス,12,3,13,76,-2,0
202606020710,ダ,3勝クラス,5,4,13,76,-3,0
202606020710,ダ,3勝クラス,9,5,13,126,0,1
202606020710,ダ,3勝クラス,2,6,13,91,-1,0
202606020710,ダ,3勝クラス,6,7,13,126,0,1
202606020710,ダ,3勝クラス,8,9,13,97,-4,0
202606020710,ダ,3勝クラス,1,10,13,154,1,0
202606020710,ダ,3勝クラス,3,11,13,83,-3,0
202606020710,ダ,3勝クラス,10,12,13,84,1,0
202606020710,ダ,3勝クラス,7,13,13,104,2,1
202606020711,芝,重賞,10,1,16,55,0,0
202606020711,芝,重賞,14,5,16,203,2,0
202606020711,芝,重賞,12,9,16,238,2,0
202606020711,芝,重賞,9,12,16,119,7,0
202606020711,芝,重賞,15,13,16,91,0,0
202606020711,芝,重賞,4,16,16,209,0,0
202606020809,ダ,2勝クラス,13,1,16,112,1,0
202606020809,ダ,2勝クラス,2,4,16,113,0,0
202606020809,ダ,2勝クラス,6,5,16,77,0,0
202606020809,ダ,2勝クラス,12,6,16,105,0,0
202606020809,ダ,2勝クラス,16,7,16,211,1,0
202606020809,ダ,2勝クラス,3,9,16,141,0,0
202606020809,ダ,2勝クラス,4,11,16,113,0,0
202606020809,ダ,2勝クラス,9,12,16,118,-1,0
202606020809,ダ,2勝クラス,7,13,16,99,0,0
202606020809,ダ,2勝クラス,15,14,16,211,-1,0
202606020809,ダ,2勝クラス,1,15,16,105,1,0
202606020809,ダ,2勝クラス,14,16,16,99,0,0
202606020810,芝,3勝クラス,5,1,9,84,2,0
202606020810,芝,3勝クラス,2,2,9,133,5,0
202606020810,芝,3勝クラス,6,4,9,112,-4,0
202606020810,芝,3勝クラス,8,5,9,196,2,0
202606020810,芝,3勝クラス,7,7,9,76,0,0
202606020810,芝,3勝クラス,9,8,9,217,0,0
202606020810,芝,3勝クラス,1,9,9,99,0,0
202606020811,ダ,OP,10,1,16,140,0,1
202606020811,ダ,OP,11,2,16,147,1,0
202606020811,ダ,OP,4,3,16,84,1,0
202606020811,ダ,OP,14,4,16,98,2,0
202606020811,ダ,OP,16,5,16,585,0,0
202606020811,ダ,OP,1,6,16,119,0,0
202606020811,ダ,OP,15,7,16,56,1,1
202606020811,ダ,OP,9,8,16,99,1,1
202606020811,ダ,OP,6,9,16,76,1,1
202606020811,ダ,OP,3,10,16,280,-2,1
202606020811,ダ,OP,7,11,16,134,0,0
202606020811,ダ,OP,12,12,16,134,0,0
202606020811,ダ,OP,13,13,16,71,0,0
202606020811,ダ,OP,8,14,16,217,0,0
202606020811,ダ,OP,5,15,16,112,0,0
202606020812,ダ,2勝クラス,4,1,16,50,2,0
202606020812,ダ,2勝クラス,14,2,16,63,4,0
202606020812,ダ,2勝クラス,9,3,16,133,2,0
202606020812,ダ,2勝クラス,7,4,16,71,5,0
202606020812,ダ,2勝クラス,10,6,16,69,0,0
202606020812,ダ,2勝クラス,11,8,16,280,0,0
202606020812,ダ,2勝クラス,13,9,16,105,1,0
202606020812,ダ,2勝クラス,1,11,16,63,0,0
202606020812,ダ,2勝クラス,5,15,16,84,0,0
202606020812,ダ,2勝クラス,2,16,16,120,1,0
202606030108,芝,2勝クラス,3,2,12,63,-2,0
202606030108,芝,2勝クラス,11,4,12,63,1,0
202606030108,芝,2勝クラス,2,6,12,133,0,0
202606030108,芝,2勝クラス,7,7,12,118,-2,0
202606030108,芝,2勝クラス,9,8,12,104,0,0
202606030108,芝,2勝クラス,10,9,12,49,3,0
202606030108,芝,2勝クラス,4,10,12,70,1,0
202606030108,芝,2勝クラス,8,11,12,49,2,0
202606030108,芝,2勝クラス,1,12,12,119,1,0
202606030109,ダ,3勝クラス,2,1,16,105,-4,0
202606030109,ダ,3勝クラス,7,2,16,35,0,0
202606030109,ダ,3勝クラス,5,4,16,76,0,0
202606030109,ダ,3勝クラス,4,5,16,62,-1,0
202606030109,ダ,3勝クラス,15,6,16,126,0,1
202606030109,ダ,3勝クラス,3,7,16,119,1,0
202606030109,ダ,3勝クラス,11,8,16,175,-1,0
202606030109,ダ,3勝クラス,14,9,16,119,0,0
202606030109,ダ,3勝クラス,10,10,16,132,0,0
202606030109,ダ,3勝クラス,12,11,16,223,0,0
202606030109,ダ,3勝クラス,6,12,16,75,0,0
202606030109,ダ,3勝クラス,8,14,16,90,-1,0
202606030109,ダ,3勝クラス,9,15,16,90,0,0
202606030109,ダ,3勝クラス,16,16,16,237,-6,0
202606030110,ダ,OP,1,2,10,56,2,0
202606030110,ダ,OP,10,4,10,105,-1,0
202606030110,ダ,OP,9,9,10,56,0,0
202606030111,芝,重賞,15,1,15,77,1,1
202606030111,芝,重賞,1,2,15,111,0,0
202606030111,芝,重賞,14,3,15,286,-1,0
202606030111,芝,重賞,4,4,15,322,2,0
202606030111,芝,重賞,10,5,15,166,0,0
202606030111,芝,重賞,9,6,15,105,1,0
202606030111,芝,重賞,7,7,15,118,3,0
202606030111,芝,重賞,12,8,15,112,0,0
202606030111,芝,重賞,5,10,15,154,0,1
202606030111,芝,重賞,6,11,15,69,0,0
202606030111,芝,重賞,13,12,15,82,0,0
202606030111,芝,重賞,8,13,15,97,0,0
202606030111,芝,重賞,11,14,15,139,0,0
202606030111,芝,重賞,3,15,15,126,1,0
202606030112,ダ,2勝クラス,4,1,16,82,1,0
202606030112,ダ,2勝クラス,9,2,16,90,1,0
202606030112,ダ,2勝クラス,16,3,16,112,-4,0
202606030112,ダ,2勝クラス,13,5,16,56,4,0
202606030112,ダ,2勝クラス,1,6,16,69,2,0
202606030112,ダ,2勝クラス,12,8,16,105,-1,0
202606030112,ダ,2勝クラス,2,9,16,42,3,0
202606030112,ダ,2勝クラス,11,10,16,69,0,0
202606030112,ダ,2勝クラス,15,11,16,210,0,0
202606030112,ダ,2勝クラス,8,12,16,133,-1,0
202606030112,ダ,2勝クラス,3,14,16,119,-1,0
202606030210,芝,3勝クラス,10,1,15,126,1,0
202606030210,芝,3勝クラス,6,2,15,147,1,0
202606030210,芝,3勝クラス,15,3,15,141,1,0
202606030210,芝,3勝クラス,12,4,15,113,0,0
202606030210,芝,3勝クラス,4,5,15,238,0,0
202606030210,芝,3勝クラス,11,6,15,57,1,0
202606030210,芝,3勝クラス,7,7,15,112,-1,0
202606030210,芝,3勝クラス,8,8,15,168,0,0
202606030210,芝,3勝クラス,3,9,15,83,0,0
202606030210,芝,3勝クラス,14,10,15,35,1,0
202606030210,芝,3勝クラス,13,11,15,113,0,0
202606030210,芝,3勝クラス,9,12,15,83,0,0
202606030210,芝,3勝クラス,5,13,15,56,-1,0
202606030210,芝,3勝クラス,1,14,15,63,4,0
202606030210,芝,3勝クラス,2,15,15,35,0,0
202606030211,ダ,重賞,15,1,15,211,0,0
202606030211,ダ,重賞,7,2,15,105,0,0
202606030211,ダ,重賞,4,3,15,105,1,0
202606030211,ダ,重賞,6,4,15,105,4,0
202606030211,ダ,重賞,13,5,15,105,3,0
202606030211,ダ,重賞,14,6,15,112,1,1
202606030211,ダ,重賞,9,7,15,56,2,0
202606030211,ダ,重賞,11,8,15,63,0,0
202606030211,ダ,重賞,10,9,15,173,2,0
202606030211,ダ,重賞,3,10,15,105,1,0
202606030211,ダ,重賞,12,11,15,92,5,0
202606030211,ダ,重賞,16,13,15,162,-3,0
202606030211,ダ,重賞,8,14,15,113,-8,0
202606030211,ダ,重賞,5,15,15,95,-2,0
202606030212,芝,2勝クラス,10,1,11,47,1,0
202606030212,芝,2勝クラス,9,2,11,154,-1,0
202606030212,芝,2勝クラス,5,3,11,78,0,0
202606030212,芝,2勝クラス,2,4,11,98,0,0
202606030212,芝,2勝クラス,7,5,11,113,0,0
202606030212,芝,2勝クラス,3,6,11,29,0,0
202606030212,芝,2勝クラス,8,7,11,42,0,0
202606030212,芝,2勝クラス,4,8,11,71,1,0
202606030212,芝,2勝クラス,11,10,11,484,0,0
202606030212,芝,2勝クラス,1,11,11,134,0,0
202606030310,ダ,2勝クラス,3,1,15,20,3,0
202606030310,ダ,2勝クラス,6,2,15,118,0,0
202606030310,ダ,2勝クラス,11,3,15,112,0,0
202606030310,ダ,2勝クラス,13,4,15,70,-1,0
202606030310,ダ,2勝クラス,8,5,15,82,-3,0
202606030310,ダ,2勝クラス,10,6,15,35,0,0
202606030310,ダ,2勝クラス,7,7,15,70,1,0
202606030310,ダ,2勝クラス,5,8,15,76,-4,0
202606030310,ダ,2勝クラス,15,9,15,62,0,0
202606030310,ダ,2勝クラス,12,10,15,53,-2,0
202606030310,ダ,2勝クラス,9,11,15,84,1,0
202606030310,ダ,2勝クラス,2,12,15,69,0,0
202606030310,ダ,2勝クラス,4,13,15,146,2,0
202606030310,ダ,2勝クラス,14,14,15,69,0,0
202606030310,ダ,2勝クラス,1,15,15,41,5,0
202606030311,芝,重賞,11,1,15,70,0,0
202606030311,芝,重賞,16,2,15,322,1,0
202606030311,芝,重賞,8,3,15,168,0,0
202606030311,芝,重賞,2,4,15,167,0,0
202606030311,芝,重賞,5,6,15,126,-1,0
202606030311,芝,重賞,1,7,15,70,-2,0
202606030311,芝,重賞,3,8,15,53,1,0
202606030311,芝,重賞,4,9,15,53,0,1
202606030311,芝,重賞,10,10,15,90,-3,0
202606030311,芝,重賞,14,11,15,168,1,0
202606030311,芝,重賞,9,12,15,82,4,0
202606030311,芝,重賞,15,13,15,133,-2,0
202606030311,芝,重賞,12,14,15,286,-1,0
202606030311,芝,重賞,6,15,15,90,1,0
202606030312,ダ,2勝クラス,12,1,16,56,-4,0
202606030312,ダ,2勝クラス,1,2,16,69,0,0
202606030312,ダ,2勝クラス,13,5,16,34,1,0
202606030312,ダ,2勝クラス,7,6,16,105,-1,0
202606030312,ダ,2勝クラス,3,7,16,146,0,0
202606030312,ダ,2勝クラス,4,8,16,77,0,0
202606030312,ダ,2勝クラス,5,10,16,69,0,0
202606030312,ダ,2勝クラス,2,12,16,105,0,0
202606030312,ダ,2勝クラス,8,13,16,69,0,0
202606030312,ダ,2勝クラス,16,14,16,105,0,0
202606030312,ダ,2勝クラス,6,15,16,89,0,0
202606030312,ダ,2勝クラス,9,16,16,146,0,0
202606030409,芝,2勝クラス,1,1,8,98,-1,0
202606030409,芝,2勝クラス,8,2,8,71,2,0
202606030409,芝,2勝クラス,2,4,8,490,0,0
202606030409,芝,2勝クラス,6,6,8,112,1,0
202606030409,芝,2勝クラス,5,7,8,169,1,0
202606030409,芝,2勝クラス,7,8,8,132,0,0
202606030410,ダ,3勝クラス,16,1,16,113,0,0
202606030410,ダ,3勝クラス,7,2,16,246,-1,0
202606030410,ダ,3勝クラス,8,3,16,126,3,0
202606030410,ダ,3勝クラス,14,4,16,91,1,0
202606030410,ダ,3勝クラス,9,5,16,162,0,0
202606030410,ダ,3勝クラス,12,6,16,50,0,0
202606030410,ダ,3勝クラス,1,7,16,119,2,0
202606030410,ダ,3勝クラス,10,9,16,119,1,0
202606030410,ダ,3勝クラス,6,10,16,56,0,0
202606030410,ダ,3勝クラス,13,11,16,71,0,0
202606030410,ダ,3勝クラス,5,12,16,132,-1,0
202606030410,ダ,3勝クラス,11,13,16,78,0,0
202606030410,ダ,3勝クラス,15,14,16,106,0,1
202606030410,ダ,3勝クラス,4,15,16,132,1,0
202606030410,ダ,3勝クラス,2,16,16,141,1,0
202606030411,芝,3勝クラス,14,1,16,350,0,0
202606030411,芝,3勝クラス,1,2,16,105,0,1
202606030411,芝,3勝クラス,4,3,16,71,-1,0
202606030411,芝,3勝クラス,6,4,16,113,-1,0
202606030411,芝,3勝クラス,11,5,16,154,0,1
202606030411,芝,3勝クラス,12,6,16,57,2,0
202606030411,芝,3勝クラス,15,7,16,71,0,0
202606030411,芝,3勝クラス,8,8,16,43,3,0
202606030411,芝,3勝クラス,13,9,16,57,0,1
202606030411,芝,3勝クラス,3,11,16,71,0,1
202606030411,芝,3勝クラス,10,12,16,71,-1,0
202606030411,芝,3勝クラス,5,13,16,71,3,0
202606030411,芝,3勝クラス,7,14,16,435,-1,0
202606030411,芝,3勝クラス,16,15,16,35,2,0
202606030411,芝,3勝クラス,9,16,16,50,-3,0
202606030412,芝,2勝クラス,3,1,12,189,-1,0
202606030412,芝,2勝クラス,5,3,12,105,0,0
202606030412,芝,2勝クラス,2,4,12,252,0,0
202606030412,芝,2勝クラス,11,5,12,70,0,0
202606030412,芝,2勝クラス,8,6,12,70,-1,0
202606030412,芝,2勝クラス,7,7,12,36,-4,0
202606030412,芝,2勝クラス,1,8,12,71,0,0
202606030412,芝,2勝クラス,9,9,12,90,0,0
202606030412,芝,2勝クラス,10,10,12,70,0,0
202606030412,芝,2勝クラス,4,12,12,43,-2,0
202606030510,ダ,3勝クラス,5,1,13,56,-5,0
202606030510,ダ,3勝クラス,2,2,13,76,0,0
202606030510,ダ,3勝クラス,6,3,13,63,0,0
202606030510,ダ,3勝クラス,13,4,13,89,-1,0
202606030510,ダ,3勝クラス,11,5,13,96,0,0
202606030510,ダ,3勝クラス,4,6,13,133,0,0
202606030510,ダ,3勝クラス,3,7,13,84,0,0
202606030510,ダ,3勝クラス,1,8,13,90,1,0
202606030510,ダ,3勝クラス,7,9,13,28,0,0
202606030510,ダ,3勝クラス,8,10,13,63,0,0
202606030510,ダ,3勝クラス,9,11,13,63,2,0
202606030510,ダ,3勝クラス,12,12,13,370,0,0
202606030510,ダ,3勝クラス,10,13,13,258,0,1
202606030511,芝,重賞,5,3,15,83,0,0
202606030511,芝,重賞,12,5,15,104,2,0
202606030511,芝,重賞,4,7,15,118,0,0
202606030511,芝,重賞,8,8,15,80,3,0
202606030511,芝,重賞,10,9,15,118,3,0
202606030511,芝,重賞,15,10,15,157,0,0
202606030511,芝,重賞,13,11,15,55,1,0
202606030511,芝,重賞,6,13,15,182,2,0
202606030512,ダ,2勝クラス,6,1,16,147,0,0
202606030512,ダ,2勝クラス,15,3,16,83,1,0
202606030512,ダ,2勝クラス,3,4,16,41,0,0
202606030512,ダ,2勝クラス,8,7,16,125,1,0
202606030512,ダ,2勝クラス,4,8,16,41,0,0
202606030512,ダ,2勝クラス,9,9,16,90,1,0
202606030512,ダ,2勝クラス,12,10,16,231,0,0
202606030512,ダ,2勝クラス,2,11,16,77,0,0
202606030512,ダ,2勝クラス,14,12,16,138,1,0
202606030512,ダ,2勝クラス,7,13,16,133,0,0
202606030512,ダ,2勝クラス,13,15,16,126,0,0
202606030608,芝,2勝クラス,10,1,10,147,-3,0
202606030608,芝,2勝クラス,4,2,10,119,-1,0
202606030608,芝,2勝クラス,1,3,10,77,4,0
202606030608,芝,2勝クラス,5,4,10,78,4,0
202606030608,芝,2勝クラス,9,5,10,155,0,0
202606030608,芝,2勝クラス,7,6,10,112,-1,0
202606030608,芝,2勝クラス,6,8,10,43,-1,0
202606030608,芝,2勝クラス,2,9,10,155,0,0
202606030608,芝,2勝クラス,3,10,10,127,1,0
202606030609,ダ,2勝クラス,12,1,12,90,-1,0
202606030609,ダ,2勝クラス,7,2,12,90,5,0
202606030609,ダ,2勝クラス,5,3,12,56,2,0
202606030609,ダ,2勝クラス,8,4,12,90,0,0
202606030609,ダ,2勝クラス,2,5,12,77,6,0
202606030609,ダ,2勝クラス,11,6,12,28,0,0
202606030609,ダ,2勝クラス,9,7,12,90,-1,0
202606030609,ダ,2勝クラス,10,8,12,70,0,0
202606030609,ダ,2勝クラス,3,9,12,127,0,0
202606030609,ダ,2勝クラス,4,10,12,97,-4,0
202606030609,ダ,2勝クラス,1,11,12,90,1,0
202606030609,ダ,2勝クラス,6,12,12,43,0,0
202606030610,芝,3勝クラス,7,1,12,77,1,0
202606030610,芝,3勝クラス,5,2,12,155,2,0
202606030610,芝,3勝クラス,6,3,12,49,1,0
202606030610,芝,3勝クラス,10,4,12,105,-3,0
202606030610,芝,3勝クラス,3,5,12,92,3,1
202606030610,芝,3勝クラス,9,6,12,56,-1,0
202606030610,芝,3勝クラス,4,8,12,49,-1,0
202606030610,芝,3勝クラス,2,9,12,42,-1,0
202606030610,芝,3勝クラス,11,10,12,105,0,0
202606030610,芝,3勝クラス,8,11,12,98,0,0
202606030610,芝,3勝クラス,12,12,12,140,0,0
202606030611,芝,OP,9,1,16,190,0,0
202606030611,芝,OP,16,2,16,119,0,0
202606030611,芝,OP,7,3,16,85,0,0
202606030611,芝,OP,8,4,16,113,0,0
202606030611,芝,OP,10,5,16,56,2,0
202606030611,芝,OP,6,6,16,147,-2,0
202606030611,芝,OP,2,7,16,126,0,1
202606030611,芝,OP,3,8,16,56,1,0
202606030611,芝,OP,1,9,16,449,0,0
202606030611,芝,OP,4,10,16,56,1,0
202606030611,芝,OP,13,11,16,274,0,0
202606030611,芝,OP,11,12,16,126,1,0
202606030611,芝,OP,5,13,16,85,0,0
202606030611,芝,OP,15,14,16,91,0,0
202606030611,芝,OP,14,15,16,210,0,0
202606030611,芝,OP,12,16,16,70,-3,0
202606030709,芝,2勝クラス,8,1,12,118,-1,0
202606030709,芝,2勝クラス,7,2,12,245,0,0
202606030709,芝,2勝クラス,3,3,12,112,1,0
202606030709,芝,2勝クラス,2,4,12,34,0,0
202606030709,芝,2勝クラス,4,5,12,76,0,0
202606030709,芝,2勝クラス,10,6,12,48,0,0
202606030709,芝,2勝クラス,9,7,12,62,-1,0
202606030709,芝,2勝クラス,1,8,12,322,0,0
202606030709,芝,2勝クラス,12,9,12,67,0,0
202606030709,芝,2勝クラス,6,10,12,63,0,0
202606030709,芝,2勝クラス,11,12,12,41,1,0
202606030710,ダ,3勝クラス,9,1,13,96,1,0
202606030710,ダ,3勝クラス,5,2,13,98,1,0
202606030710,ダ,3勝クラス,3,3,13,96,-2,0
202606030710,ダ,3勝クラス,8,4,13,118,5,0
202606030710,ダ,3勝クラス,11,5,13,77,0,0
202606030710,ダ,3勝クラス,2,6,13,118,0,0
202606030710,ダ,3勝クラス,13,7,13,56,2,0
202606030710,ダ,3勝クラス,12,8,13,97,1,0
202606030710,ダ,3勝クラス,1,9,13,112,0,0
202606030710,ダ,3勝クラス,6,10,13,125,0,0
202606030710,ダ,3勝クラス,7,11,13,146,2,0
202606030710,ダ,3勝クラス,10,12,13,300,1,1
202606030710,ダ,3勝クラス,4,13,13,321,1,0
202606030712,ダ,2勝クラス,12,2,13,48,2,0
202606030712,ダ,2勝クラス,8,5,13,111,0,0
202606030712,ダ,2勝クラス,5,6,13,62,0,0
202606030712,ダ,2勝クラス,9,7,13,69,1,0
202606030712,ダ,2勝クラス,3,8,13,83,0,0
202606030712,ダ,2勝クラス,10,9,13,203,-1,0
202606030712,ダ,2勝クラス,4,10,13,139,1,0
202606030712,ダ,2勝クラス,2,11,13,153,-2,0
202606030712,ダ,2勝クラス,1,12,13,27,-2,0
202606030712,ダ,2勝クラス,6,13,13,62,0,0
202606030808,ダ,2勝クラス,9,1,11,85,4,0
202606030808,ダ,2勝クラス,3,2,11,57,2,0
202606030808,ダ,2勝クラス,12,4,11,84,2,0
202606030808,ダ,2勝クラス,2,6,11,99,-2,0
202606030808,ダ,2勝クラス,8,8,11,36,0,0
202606030808,ダ,2勝クラス,11,10,11,146,-2,0
202606030808,ダ,2勝クラス,6,11,11,70,7,0
202606030809,芝,2勝クラス,8,1,12,225,0,0
202606030809,芝,2勝クラス,2,2,12,140,-1,0
202606030809,芝,2勝クラス,3,3,12,98,0,0
202606030809,芝,2勝クラス,11,4,12,175,3,0
202606030809,芝,2勝クラス,5,5,12,63,-1,0
202606030809,芝,2勝クラス,6,7,12,146,6,0
202606030809,芝,2勝クラス,4,9,12,50,-1,0
202606030809,芝,2勝クラス,9,10,12,98,0,0
202606030809,芝,2勝クラス,7,11,12,140,5,0
202606030809,芝,2勝クラス,10,12,12,63,5,0
202606030810,ダ,OP,12,1,15,68,2,0
202606030810,ダ,OP,7,2,15,112,0,0
202606030810,ダ,OP,13,3,15,315,0,0
202606030810,ダ,OP,1,4,15,217,0,0
202606030810,ダ,OP,5,5,15,147,0,0
202606030810,ダ,OP,3,6,15,133,0,0
202606030810,ダ,OP,11,7,15,127,0,0
202606030810,ダ,OP,8,8,15,99,0,0
202606030810,ダ,OP,2,9,15,50,0,1
202606030810,ダ,OP,9,10,15,43,1,1
202606030810,ダ,OP,10,11,15,162,0,0
202606030810,ダ,OP,4,12,15,91,0,0
202606030810,ダ,OP,14,13,15,196,0,0
202606030810,ダ,OP,6,14,15,245,0,0
202606030810,ダ,OP,15,15,15,162,3,0
202606030811,芝,重賞,4,1,18,113,-1,0
202606030811,芝,重賞,15,2,18,119,0,0
202606030811,芝,重賞,9,3,18,146,-3,0
202606030811,芝,重賞,5,4,18,113,1,0
202606030811,芝,重賞,6,5,18,168,0,1
202606030811,芝,重賞,2,6,18,97,0,0
202606030811,芝,重賞,12,7,18,162,0,0
202606030811,芝,重賞,10,8,18,85,-3,0
202606030811,芝,重賞,3,9,18,63,0,0
202606030811,芝,重賞,8,10,18,91,0,0
202606030811,芝,重賞,18,11,18,120,1,0
202606030811,芝,重賞,14,12,18,266,0,0
202606030811,芝,重賞,1,13,18,155,1,0
202606030811,芝,重賞,17,15,18,119,3,0
202606030811,芝,重賞,13,16,18,85,5,0
202606030811,芝,重賞,7,17,18,253,-2,0
202606030811,芝,重賞,16,18,18,97,0,0
202606030812,芝,3勝クラス,7,1,18,56,1,0
202606030812,芝,3勝クラス,1,2,18,232,3,0
202606030812,芝,3勝クラス,2,3,18,36,-1,0
202606030812,芝,3勝クラス,10,4,18,113,0,0
202606030812,芝,3勝クラス,4,5,18,85,-3,0
202606030812,芝,3勝クラス,5,6,18,113,3,0
202606030812,芝,3勝クラス,9,7,18,71,0,0
202606030812,芝,3勝クラス,6,8,18,57,2,1
202606030812,芝,3勝クラス,8,9,18,85,3,0
202606030812,芝,3勝クラス,16,10,18,99,0,0
202606030812,芝,3勝クラス,15,11,18,140,2,0
202606030812,芝,3勝クラス,13,12,18,42,1,0
202606030812,芝,3勝クラス,3,13,18,154,1,0
202606030812,芝,3勝クラス,11,14,18,99,1,0
202606030812,芝,3勝クラス,17,15,18,97,3,1
202606030812,芝,3勝クラス,18,16,18,99,0,0
202606030812,芝,3勝クラス,12,18,18,140,-2,0
202607010110,芝,2勝クラス,1,1,10,28,3,0
202607010110,芝,2勝クラス,7,2,10,133,0,0
202607010110,芝,2勝クラス,6,3,10,68,0,0
202607010110,芝,2勝クラス,4,4,10,83,-2,0
202607010110,芝,2勝クラス,2,5,10,126,-1,1
202607010110,芝,2勝クラス,3,7,10,90,0,0
202607010110,芝,2勝クラス,5,8,10,56,0,0
202607010110,芝,2勝クラス,10,9,10,83,-1,0
202607010111,ダ,2勝クラス,7,1,14,62,-2,0
202607010111,ダ,2勝クラス,9,2,14,146,0,0
202607010111,ダ,2勝クラス,13,3,14,77,-3,0
202607010111,ダ,2勝クラス,10,5,14,126,6,0
202607010111,ダ,2勝クラス,11,6,14,118,0,0
202607010111,ダ,2勝クラス,5,7,14,61,0,0
202607010111,ダ,2勝クラス,3,8,14,91,0,0
202607010111,ダ,2勝クラス,6,9,14,69,-2,0
202607010111,ダ,2勝クラス,2,10,14,265,-1,0
202607010111,ダ,2勝クラス,8,11,14,63,6,0
202607010111,ダ,2勝クラス,12,12,14,119,3,0
202607010111,ダ,2勝クラス,1,13,14,41,0,0
202607010209,ダ,2勝クラス,16,1,15,154,0,0
202607010209,ダ,2勝クラス,7,2,15,69,0,0
202607010209,ダ,2勝クラス,15,3,15,154,0,0
202607010209,ダ,2勝クラス,6,4,15,92,0,0
202607010209,ダ,2勝クラス,4,5,15,98,1,0
202607010209,ダ,2勝クラス,3,6,15,56,1,0
202607010209,ダ,2勝クラス,9,7,15,85,-1,0
202607010209,ダ,2勝クラス,2,8,15,49,-1,0
202607010209,ダ,2勝クラス,5,9,15,148,0,0
202607010209,ダ,2勝クラス,10,10,15,99,0,0
202607010209,ダ,2勝クラス,8,12,15,33,0,0
202607010209,ダ,2勝クラス,1,13,15,133,-2,0
202607010209,ダ,2勝クラス,12,14,15,113,0,0
202607010209,ダ,2勝クラス,11,15,15,119,0,0
202607010210,ダ,OP,11,10,12,153,0,0
202607010210,ダ,OP,5,12,12,134,-1,0
202607010211,芝,重賞,9,1,14,92,-2,0
202607010211,芝,重賞,3,2,14,140,-7,0
202607010211,芝,重賞,12,3,14,301,1,0
202607010211,芝,重賞,2,4,14,92,6,0
202607010211,芝,重賞,1,5,14,175,6,0
202607010211,芝,重賞,6,6,14,105,1,0
202607010211,芝,重賞,5,7,14,126,-1,0
202607010211,芝,重賞,11,8,14,364,3,0
202607010211,芝,重賞,14,9,14,119,0,0
202607010211,芝,重賞,8,10,14,113,1,0
202607010211,芝,重賞,10,11,14,154,0,0
202607010211,芝,重賞,7,12,14,126,2,0
202607010211,芝,重賞,13,12,14,133,0,0
202607010211,芝,重賞,4,14,14,273,4,0
202607010309,芝,2勝クラス,1,1,10,90,2,0
202607010309,芝,2勝クラス,6,2,10,117,1,0
202607010309,芝,2勝クラス,8,4,10,147,0,0
202607010309,芝,2勝クラス,10,5,10,97,0,0
202607010309,芝,2勝クラス,4,6,10,118,0,0
202607010309,芝,2勝クラス,9,7,10,76,0,0
202607010309,芝,2勝クラス,5,8,10,161,-1,0
202607010309,芝,2勝クラス,2,10,10,75,-2,0
202607010310,ダ,3勝クラス,14,2,16,125,-1,0
202607010310,ダ,3勝クラス,9,3,16,140,0,0
202607010310,ダ,3勝クラス,16,4,16,153,1,0
202607010310,ダ,3勝クラス,11,5,16,117,0,0
202607010310,ダ,3勝クラス,8,7,16,117,-5,0
202607010310,ダ,3勝クラス,1,8,16,55,0,0
202607010310,ダ,3勝クラス,6,9,16,90,0,0
202607010310,ダ,3勝クラス,12,10,16,244,-3,0
202607010310,ダ,3勝クラス,3,11,16,147,0,0
202607010310,ダ,3勝クラス,7,13,16,118,0,0
202607010310,ダ,3勝クラス,10,14,16,140,3,0
202607010310,ダ,3勝クラス,15,15,16,139,0,0
202607010310,ダ,3勝クラス,4,16,16,104,0,0
202607010311,芝,重賞,9,1,17,133,0,0
202607010311,芝,重賞,10,2,17,244,0,0
202607010311,芝,重賞,7,3,17,133,0,0
202607010311,芝,重賞,11,4,17,119,0,1
202607010311,芝,重賞,14,5,17,91,0,0
202607010311,芝,重賞,17,6,17,91,0,0
202607010311,芝,重賞,8,8,17,90,0,0
202607010311,芝,重賞,6,9,17,91,0,0
202607010311,芝,重賞,5,13,17,49,0,0
202607010311,芝,重賞,13,15,17,98,0,0
202607010410,ダ,2勝クラス,9,1,16,92,2,0
202607010410,ダ,2勝クラス,8,2,16,113,0,0
202607010410,ダ,2勝クラス,13,4,16,119,1,0
202607010410,ダ,2勝クラス,11,5,16,36,3,0
202607010410,ダ,2勝クラス,16,7,16,148,0,0
202607010410,ダ,2勝クラス,1,8,16,84,-1,0
202607010410,ダ,2勝クラス,6,9,16,92,1,0
202607010410,ダ,2勝クラス,12,10,16,36,2,0
202607010410,ダ,2勝クラス,4,11,16,134,0,0
202607010410,ダ,2勝クラス,5,12,16,99,0,0
202607010410,ダ,2勝クラス,3,14,16,69,-1,0
202607010410,ダ,2勝クラス,2,15,16,69,-8,0
202607010410,ダ,2勝クラス,7,16,16,50,0,0
202607010411,芝,重賞,18,1,18,49,0,1
202607010411,芝,重賞,8,2,18,92,-2,0
202607010411,芝,重賞,10,3,18,113,-1,0
202607010411,芝,重賞,15,4,18,160,0,0
202607010411,芝,重賞,7,5,18,92,3,0
202607010411,芝,重賞,1,6,18,113,1,0
202607010411,芝,重賞,5,7,18,91,0,1
202607010411,芝,重賞,6,8,18,112,-3,0
202607010411,芝,重賞,17,9,18,69,0,0
202607010411,芝,重賞,16,10,18,92,-1,0
202607010411,芝,重賞,12,11,18,105,0,0
202607010411,芝,重賞,2,12,18,148,0,1
202607010411,芝,重賞,13,13,18,112,1,0
202607010411,芝,重賞,11,14,18,92,0,0
202607010411,芝,重賞,3,15,18,210,-1,0
202607010411,芝,重賞,14,16,18,105,3,0
202607010411,芝,重賞,9,17,18,77,0,0
202607010411,芝,重賞,4,18,18,84,0,0
202607010510,芝,2勝クラス,8,1,12,49,-5,0
202607010510,芝,2勝クラス,7,3,12,210,-1,0
202607010510,芝,2勝クラス,3,4,12,82,0,0
202607010510,芝,2勝クラス,6,5,12,329,-1,0
202607010510,芝,2勝クラス,1,6,12,49,-3,0
202607010510,芝,2勝クラス,9,8,12,153,0,0
202607010510,芝,2勝クラス,4,9,12,97,4,0
202607010510,芝,2勝クラス,5,10,12,426,2,0
202607010510,芝,2勝クラス,12,11,12,97,1,0
202607010510,芝,2勝クラス,2,12,12,111,1,0
202607010511,芝,3勝クラス,2,1,16,195,0,0
202607010511,芝,3勝クラス,12,2,16,76,0,0
202607010511,芝,3勝クラス,14,3,16,182,1,0
202607010511,芝,3勝クラス,15,4,16,167,2,0
202607010511,芝,3勝クラス,1,5,16,118,0,0
202607010511,芝,3勝クラス,6,6,16,112,1,0
202607010511,芝,3勝クラス,3,7,16,140,-1,0
202607010511,芝,3勝クラス,8,8,16,46,-2,0
202607010511,芝,3勝クラス,13,9,16,322,0,0
202607010511,芝,3勝クラス,9,10,16,62,-2,0
202607010511,芝,3勝クラス,5,11,16,82,0,0
202607010511,芝,3勝クラス,11,12,16,132,-1,0
202607010511,芝,3勝クラス,10,13,16,224,0,0
202607010511,芝,3勝クラス,16,14,16,97,0,0
202607010511,芝,3勝クラス,4,15,16,153,4,1
202607010511,芝,3勝クラス,7,16,16,111,-1,0
202607010512,芝,2勝クラス,12,3,16,182,-1,0
202607010512,芝,2勝クラス,8,4,16,41,-1,0
202607010512,芝,2勝クラス,2,5,16,112,1,0
202607010512,芝,2勝クラス,14,6,16,146,0,0
202607010512,芝,2勝クラス,3,7,16,111,2,0
202607010512,芝,2勝クラス,6,9,16,77,1,0
202607010512,芝,2勝クラス,5,10,16,104,2,0
202607010512,芝,2勝クラス,10,11,16,167,0,0
202607010512,芝,2勝クラス,16,12,16,77,1,0
202607010512,芝,2勝クラス,13,14,16,160,2,0
202607010512,芝,2勝クラス,15,15,16,139,0,0
202607010512,芝,2勝クラス,4,16,16,83,1,0
202607010610,ダ,3勝クラス,8,1,14,133,2,0
202607010610,ダ,3勝クラス,14,2,14,56,-1,0
202607010610,ダ,3勝クラス,13,3,14,64,-2,0
202607010610,ダ,3勝クラス,4,4,14,71,2,0
202607010610,ダ,3勝クラス,10,5,14,76,2,0
202607010610,ダ,3勝クラス,15,6,14,98,1,0
202607010610,ダ,3勝クラス,9,7,14,155,0,1
202607010610,ダ,3勝クラス,2,8,14,57,0,0
202607010610,ダ,3勝クラス,6,9,14,36,0,0
202607010610,ダ,3勝クラス,12,10,14,155,2,0
202607010610,ダ,3勝クラス,11,11,14,125,-3,0
202607010610,ダ,3勝クラス,7,12,14,133,2,0
202607010610,ダ,3勝クラス,3,13,14,148,0,0
202607010610,ダ,3勝クラス,1,14,14,99,0,0
202607010611,芝,重賞,6,2,18,167,1,0
202607010611,芝,重賞,14,5,18,56,1,0
202607010611,芝,重賞,13,6,18,182,2,0
202607010611,芝,重賞,4,7,18,92,-1,0
202607010611,芝,重賞,3,8,18,119,1,0
202607010611,芝,重賞,10,9,18,146,1,0
202607010611,芝,重賞,17,10,18,119,0,0
202607010611,芝,重賞,2,11,18,56,0,0
202607010611,芝,重賞,7,12,18,92,0,0
202607010611,芝,重賞,12,13,18,148,,0
202607010611,芝,重賞,5,14,18,119,-2,0
202607010611,芝,重賞,15,15,18,148,,0
202607010611,芝,重賞,11,16,18,63,1,0
202607010611,芝,重賞,18,17,18,182,0,0
202607010611,芝,重賞,16,18,18,56,-1,0
202607010612,ダ,2勝クラス,14,2,16,168,2,0
202607010612,ダ,2勝クラス,6,3,16,77,1,0
202607010612,ダ,2勝クラス,2,4,16,43,-2,0
202607010612,ダ,2勝クラス,5,5,16,35,0,0
202607010612,ダ,2勝クラス,8,6,16,155,0,0
202607010612,ダ,2勝クラス,9,8,16,147,0,0
202607010612,ダ,2勝クラス,16,9,16,119,0,0
202607010612,ダ,2勝クラス,10,10,16,119,-1,0
202607010612,ダ,2勝クラス,15,12,16,99,0,0
202607010612,ダ,2勝クラス,12,14,16,148,0,0
202607010612,ダ,2勝クラス,13,16,16,189,0,0
202608010109,ダ,2勝クラス,9,1,13,329,2,0
202608010109,ダ,2勝クラス,10,4,13,126,-1,0
202608010109,ダ,2勝クラス,6,6,13,253,-1,0
202608010109,ダ,2勝クラス,12,7,13,71,0,0
202608010109,ダ,2勝クラス,8,8,13,71,0,0
202608010109,ダ,2勝クラス,1,9,13,42,1,0
202608010109,ダ,2勝クラス,2,10,13,119,3,0
202608010109,ダ,2勝クラス,5,12,13,266,1,0
202608010109,ダ,2勝クラス,7,13,13,21,2,0
202608010110,芝,3勝クラス,2,1,9,71,1,0
202608010110,芝,3勝クラス,9,2,9,120,7,1
202608010110,芝,3勝クラス,7,3,9,42,-1,0
202608010110,芝,3勝クラス,1,4,9,134,0,0
202608010110,芝,3勝クラス,5,5,9,238,1,0
202608010110,芝,3勝クラス,8,6,9,183,1,0
202608010110,芝,3勝クラス,6,7,9,28,0,0
202608010110,芝,3勝クラス,3,8,9,35,-2,0
202608010111,芝,重賞,15,1,18,63,0,0
202608010111,芝,重賞,11,2,18,133,0,1
202608010111,芝,重賞,10,3,18,56,2,0
202608010111,芝,重賞,9,4,18,148,5,0
202608010111,芝,重賞,1,5,18,83,0,0
202608010111,芝,重賞,6,6,18,238,2,0
202608010111,芝,重賞,17,8,18,49,1,0
202608010111,芝,重賞,3,9,18,140,0,0
202608010111,芝,重賞,7,11,18,175,4,0
202608010111,芝,重賞,2,12,18,106,1,0
202608010111,芝,重賞,12,13,18,84,3,0
202608010111,芝,重賞,14,16,18,140,0,0
202608010111,芝,重賞,13,17,18,99,0,1
202608010111,芝,重賞,18,18,18,113,-2,0
202608010112,芝,2勝クラス,10,1,12,358,-2,0
202608010112,芝,2勝クラス,12,2,12,113,0,0
202608010112,芝,2勝クラス,6,3,12,28,-1,0
202608010112,芝,2勝クラス,8,4,12,127,1,0
202608010112,芝,2勝クラス,5,6,12,28,-1,0
202608010112,芝,2勝クラス,9,7,12,120,1,0
202608010112,芝,2勝クラス,1,8,12,57,1,0
202608010112,芝,2勝クラス,2,9,12,77,0,0
202608010112,芝,2勝クラス,3,10,12,28,-1,0
202608010112,芝,2勝クラス,7,11,12,35,-2,0
202608010112,芝,2勝クラス,4,12,12,63,1,0
202608010309,ダ,2勝クラス,4,1,8,111,1,0
202608010309,ダ,2勝クラス,3,3,8,111,6,0
202608010309,ダ,2勝クラス,8,4,8,55,5,0
202608010309,ダ,2勝クラス,2,5,8,62,2,0
202608010309,ダ,2勝クラス,1,6,8,112,0,0
202608010309,ダ,2勝クラス,7,8,8,265,-4,0
202608010310,芝,2勝クラス,10,1,18,83,0,0
202608010310,芝,2勝クラス,4,2,18,140,0,0
202608010310,芝,2勝クラス,12,3,18,76,0,0
202608010310,芝,2勝クラス,5,5,18,76,0,0
202608010310,芝,2勝クラス,1,6,18,76,0,0
202608010310,芝,2勝クラス,8,8,18,97,1,0
202608010310,芝,2勝クラス,14,9,18,42,-1,0
202608010310,芝,2勝クラス,3,10,18,224,0,0
202608010310,芝,2勝クラス,11,12,18,69,-3,0
202608010310,芝,2勝クラス,16,13,18,84,0,0
202608010310,芝,2勝クラス,7,16,18,231,0,0
202608010310,芝,2勝クラス,15,18,18,42,-1,0
202608010311,ダ,OP,4,1,16,63,2,0
202608010311,ダ,OP,1,2,16,98,1,0
202608010311,ダ,OP,8,3,16,56,0,0
202608010311,ダ,OP,7,4,16,112,1,1
202608010311,ダ,OP,14,5,16,63,-1,0
202608010311,ダ,OP,6,6,16,55,-1,0
202608010311,ダ,OP,2,7,16,76,0,0
202608010311,ダ,OP,11,8,16,97,1,0
202608010311,ダ,OP,5,9,16,41,1,0
202608010311,ダ,OP,15,10,16,42,2,0
202608010311,ダ,OP,16,11,16,48,1,0
202608010311,ダ,OP,3,12,16,126,0,0
202608010311,ダ,OP,13,13,16,95,-2,0
202608010311,ダ,OP,9,14,16,48,0,0
202608010311,ダ,OP,10,15,16,35,1,0
202608010311,ダ,OP,12,16,16,41,1,0
202608010408,ダ,2勝クラス,4,2,16,147,0,0
202608010408,ダ,2勝クラス,8,3,16,91,1,0
202608010408,ダ,2勝クラス,7,4,16,84,0,0
202608010408,ダ,2勝クラス,5,7,16,162,2,0
202608010408,ダ,2勝クラス,11,8,16,42,0,0
202608010408,ダ,2勝クラス,6,10,16,56,0,0
202608010408,ダ,2勝クラス,16,11,16,99,0,0
202608010408,ダ,2勝クラス,3,12,16,162,1,0
202608010408,ダ,2勝クラス,9,13,16,99,0,0
202608010408,ダ,2勝クラス,13,14,16,98,-1,0
202608010409,ダ,2勝クラス,9,1,10,120,0,0
202608010409,ダ,2勝クラス,6,2,10,624,0,0
202608010409,ダ,2勝クラス,7,3,10,78,0,0
202608010409,ダ,2勝クラス,2,4,10,77,2,0
202608010409,ダ,2勝クラス,4,5,10,113,0,0
202608010409,ダ,2勝クラス,5,7,10,133,2,0
202608010409,ダ,2勝クラス,3,8,10,49,-1,0
202608010409,ダ,2勝クラス,1,9,10,78,0,0
202608010409,ダ,2勝クラス,8,10,10,43,1,0
202608010410,芝,3勝クラス,11,1,15,210,0,0
202608010410,芝,3勝クラス,8,2,15,119,0,0
202608010410,芝,3勝クラス,15,3,15,36,1,0
202608010410,芝,3勝クラス,14,5,15,140,1,1
202608010410,芝,3勝クラス,4,6,15,106,-1,0
202608010410,芝,3勝クラス,3,7,15,169,0,0
202608010410,芝,3勝クラス,6,8,15,210,0,0
202608010410,芝,3勝クラス,10,9,15,64,0,0
202608010410,芝,3勝クラス,12,10,15,64,-1,0
202608010410,芝,3勝クラス,2,11,15,90,-4,0
202608010410,芝,3勝クラス,9,12,15,119,0,0
202608010410,芝,3勝クラス,13,13,15,127,0,0
202608010410,芝,3勝クラス,5,14,15,196,1,0
202608010410,芝,3勝クラス,7,15,15,36,0,0
202608010411,芝,OP,12,1,16,43,0,1
202608010411,芝,OP,6,2,16,176,-2,1
202608010411,芝,OP,7,4,16,154,1,0
202608010411,芝,OP,4,5,16,99,1,0
202608010411,芝,OP,9,6,16,77,0,0
202608010411,芝,OP,14,7,16,99,1,0
202608010411,芝,OP,15,9,16,90,1,0
202608010411,芝,OP,11,10,16,98,-1,0
202608010411,芝,OP,16,11,16,43,0,1
202608010411,芝,OP,5,12,16,140,0,0
202608010411,芝,OP,2,14,16,197,0,0
202608010411,芝,OP,1,15,16,43,1,0
202608010411,芝,OP,10,16,16,57,0,1
202608010609,芝,2勝クラス,9,1,10,96,1,0
202608010609,芝,2勝クラス,2,2,10,140,-7,0
202608010609,芝,2勝クラス,10,3,10,111,1,0
202608010609,芝,2勝クラス,4,4,10,223,-1,0
202608010609,芝,2勝クラス,8,6,10,91,2,0
202608010609,芝,2勝クラス,1,9,10,140,1,0
202608010609,芝,2勝クラス,7,10,10,91,2,0
202608010610,芝,OP,9,1,9,133,2,0
202608010610,芝,OP,2,6,9,105,0,1
202608010610,芝,OP,5,7,9,104,0,0
202608010611,ダ,3勝クラス,5,1,16,90,0,0
202608010611,ダ,3勝クラス,2,2,16,90,-1,0
202608010611,ダ,3勝クラス,4,3,16,105,1,0
202608010611,ダ,3勝クラス,15,4,16,90,0,0
202608010611,ダ,3勝クラス,7,5,16,83,0,1
202608010611,ダ,3勝クラス,13,6,16,91,1,0
202608010611,ダ,3勝クラス,3,7,16,224,0,0
202608010611,ダ,3勝クラス,14,8,16,224,0,0
202608010611,ダ,3勝クラス,8,10,16,105,-2,0
202608010611,ダ,3勝クラス,1,11,16,144,2,0
202608010611,ダ,3勝クラス,11,12,16,119,0,0
202608010611,ダ,3勝クラス,12,13,16,55,2,0
202608010611,ダ,3勝クラス,16,14,16,181,-1,0
202608010611,ダ,3勝クラス,9,15,16,124,-2,0
202608010611,ダ,3勝クラス,10,16,16,70,2,1
202608010612,芝,2勝クラス,11,4,18,83,0,1
202608010612,芝,2勝クラス,10,5,18,41,0,0
202608010612,芝,2勝クラス,4,6,18,132,2,0
202608010612,芝,2勝クラス,13,8,18,41,-1,0
202608010612,芝,2勝クラス,5,9,18,34,0,0
202608010612,芝,2勝クラス,7,11,18,105,0,0
202608010612,芝,2勝クラス,12,12,18,63,-2,0
202608010612,芝,2勝クラス,16,13,18,83,0,0
202608010612,芝,2勝クラス,6,14,18,55,1,0
202608010612,芝,2勝クラス,2,15,18,41,0,0
202608010612,芝,2勝クラス,18,17,18,112,0,0
202608010612,芝,2勝クラス,3,18,18,112,0,0
202608010709,ダ,2勝クラス,3,1,16,91,0,0
202608010709,ダ,2勝クラス,10,2,16,127,0,0
202608010709,ダ,2勝クラス,8,3,16,169,2,0
202608010709,ダ,2勝クラス,9,4,16,119,0,0
202608010709,ダ,2勝クラス,13,6,16,71,0,0
202608010709,ダ,2勝クラス,1,7,16,133,0,0
202608010709,ダ,2勝クラス,16,8,16,92,1,0
202608010709,ダ,2勝クラス,6,13,16,182,3,0
202608010709,ダ,2勝クラス,12,14,16,77,0,0
202608010709,ダ,2勝クラス,5,16,16,64,1,0
202608010710,ダ,2勝クラス,12,1,16,91,2,0
202608010710,ダ,2勝クラス,13,2,16,105,0,0
202608010710,ダ,2勝クラス,8,3,16,127,0,0
202608010710,ダ,2勝クラス,1,4,16,127,1,0
202608010710,ダ,2勝クラス,14,5,16,42,1,0
202608010710,ダ,2勝クラス,15,6,16,36,0,0
202608010710,ダ,2勝クラス,10,7,16,78,-1,0
202608010710,ダ,2勝クラス,4,9,16,64,1,0
202608010710,ダ,2勝クラス,6,10,16,28,1,0
202608010710,ダ,2勝クラス,16,11,16,36,0,0
202608010710,ダ,2勝クラス,5,12,16,169,-1,0
202608010710,ダ,2勝クラス,2,14,16,84,1,0
202608010710,ダ,2勝クラス,9,15,16,176,-2,0
202608010710,ダ,2勝クラス,3,16,16,36,1,0
202608010711,芝,重賞,6,1,13,141,2,1
202608010711,芝,重賞,7,2,13,119,0,1
202608010711,芝,重賞,9,3,13,119,-2,0
202608010711,芝,重賞,1,4,13,64,1,0
202608010711,芝,重賞,3,5,13,64,2,0
202608010711,芝,重賞,5,6,13,84,1,0
202608010711,芝,重賞,8,7,13,125,-1,0
202608010711,芝,重賞,11,8,13,119,0,1
202608010711,芝,重賞,10,9,13,127,0,0
202608010711,芝,重賞,12,12,13,98,-2,0
202608010711,芝,重賞,4,13,13,127,2,0
202608010808,ダ,2勝クラス,4,1,15,70,2,0
202608010808,ダ,2勝クラス,11,4,15,70,0,0
202608010808,ダ,2勝クラス,12,5,15,160,1,0
202608010808,ダ,2勝クラス,8,7,15,63,2,0
202608010808,ダ,2勝クラス,7,8,15,42,0,0
202608010808,ダ,2勝クラス,9,10,15,104,0,0
202608010808,ダ,2勝クラス,6,11,15,224,2,0
202608010808,ダ,2勝クラス,13,12,15,131,1,0
202608010808,ダ,2勝クラス,15,14,15,293,0,0
202608010808,ダ,2勝クラス,2,15,15,111,-1,0
202608010809,芝,OP,5,7,13,48,-2,0
202608010809,芝,OP,10,12,13,49,0,0
202608010810,ダ,3勝クラス,4,1,15,301,1,0
202608010810,ダ,3勝クラス,14,2,15,55,3,0
202608010810,ダ,3勝クラス,10,3,15,69,2,0
202608010810,ダ,3勝クラス,8,5,15,105,5,0
202608010810,ダ,3勝クラス,13,6,15,105,0,0
202608010810,ダ,3勝クラス,5,7,15,98,-3,0
202608010810,ダ,3勝クラス,3,8,15,84,1,0
202608010810,ダ,3勝クラス,7,9,15,69,0,0
202608010810,ダ,3勝クラス,1,11,15,83,0,0
202608010810,ダ,3勝クラス,12,13,15,48,5,0
202608010810,ダ,3勝クラス,11,14,15,28,-2,0
202608010810,ダ,3勝クラス,15,15,15,105,2,0
202608010811,芝,OP,5,1,14,69,0,0
202608010811,芝,OP,4,2,14,104,0,1
202608010811,芝,OP,14,3,14,83,0,0
202608010811,芝,OP,10,4,14,140,1,0
202608010811,芝,OP,7,5,14,153,0,0
202608010811,芝,OP,8,6,14,56,0,0
202608010811,芝,OP,12,7,14,168,0,0
202608010811,芝,OP,13,8,14,104,0,0
202608010811,芝,OP,2,9,14,266,0,0
202608010811,芝,OP,11,10,14,97,5,0
202608010811,芝,OP,1,12,14,237,1,0
202608010811,芝,OP,3,13,14,70,-1,0
202608010811,芝,OP,9,14,14,153,0,0
202608010812,芝,2勝クラス,8,1,11,48,-1,0
202608010812,芝,2勝クラス,4,2,11,34,0,0
202608010812,芝,2勝クラス,10,3,11,83,0,0
202608010812,芝,2勝クラス,3,4,11,103,-3,0
202608010812,芝,2勝クラス,11,5,11,61,0,0
202608010812,芝,2勝クラス,5,6,11,245,3,0
202608010812,芝,2勝クラス,1,7,11,61,0,0
202608010812,芝,2勝クラス,7,8,11,34,-9,0
202608010812,芝,2勝クラス,6,9,11,91,-1,0
202608010812,芝,2勝クラス,2,10,11,56,0,0
202608010812,芝,2勝クラス,9,11,11,92,0,0
202608010907,芝,2勝クラス,2,2,10,127,0,0
202608010907,芝,2勝クラス,1,4,10,169,0,1
202608010907,芝,2勝クラス,3,7,10,49,-1,0
202608010907,芝,2勝クラス,6,8,10,113,1,0
202608010907,芝,2勝クラス,7,9,10,91,0,0
202608010907,芝,2勝クラス,9,10,10,148,1,0
202608010908,ダ,2勝クラス,9,1,10,43,-1,0
202608010908,ダ,2勝クラス,4,2,10,56,8,0
202608010908,ダ,2勝クラス,7,4,10,104,1,0
202608010908,ダ,2勝クラス,1,5,10,525,0,0
202608010908,ダ,2勝クラス,3,6,10,113,0,0
202608010908,ダ,2勝クラス,2,7,10,91,0,0
202608010908,ダ,2勝クラス,6,8,10,113,-1,0
202608010908,ダ,2勝クラス,10,9,10,99,0,0
202608010910,芝,3勝クラス,17,1,18,35,1,0
202608010910,芝,3勝クラス,18,2,18,35,0,0
202608010910,芝,3勝クラス,5,3,18,71,1,0
202608010910,芝,3勝クラス,16,4,18,92,0,0
202608010910,芝,3勝クラス,8,5,18,176,-1,0
202608010910,芝,3勝クラス,7,6,18,133,0,0
202608010910,芝,3勝クラス,2,7,18,49,1,0
202608010910,芝,3勝クラス,12,8,18,42,0,0
202608010910,芝,3勝クラス,13,9,18,57,-1,0
202608010910,芝,3勝クラス,9,10,18,132,-1,1
202608010910,芝,3勝クラス,14,12,18,154,1,0
202608010910,芝,3勝クラス,11,13,18,112,2,1
202608010910,芝,3勝クラス,1,14,18,28,1,0
202608010910,芝,3勝クラス,6,15,18,71,-1,0
202608010910,芝,3勝クラス,10,16,18,70,-1,0
202608010910,芝,3勝クラス,3,17,18,63,0,0
202608010911,ダ,重賞,13,1,16,169,3,0
202608010911,ダ,重賞,1,3,16,91,-3,0
202608010911,ダ,重賞,9,4,16,77,2,0
202608010911,ダ,重賞,15,5,16,188,1,0
202608010911,ダ,重賞,14,6,16,105,3,0
202608010911,ダ,重賞,10,7,16,112,1,0
202608010911,ダ,重賞,2,9,16,120,3,0
202608010911,ダ,重賞,7,10,16,120,-1,0
202608010911,ダ,重賞,3,11,16,70,-1,0
202608010911,ダ,重賞,5,12,16,104,1,1
202608010911,ダ,重賞,12,13,16,91,0,0
202608010911,ダ,重賞,4,14,16,169,-3,0
202608010911,ダ,重賞,8,16,16,148,0,0
202608020109,ダ,2勝クラス,10,1,13,133,2,0
202608020109,ダ,2勝クラス,2,3,13,91,0,0
202608020109,ダ,2勝クラス,4,4,13,90,1,0
202608020109,ダ,2勝クラス,5,5,13,399,0,0
202608020109,ダ,2勝クラス,9,6,13,70,2,0
202608020109,ダ,2勝クラス,11,7,13,69,3,0
202608020109,ダ,2勝クラス,8,8,13,42,0,0
202608020109,ダ,2勝クラス,3,9,13,111,0,0
202608020109,ダ,2勝クラス,13,10,13,132,1,0
202608020109,ダ,2勝クラス,6,11,13,42,-2,0
202608020109,ダ,2勝クラス,1,12,13,146,-2,0
202608020109,ダ,2勝クラス,12,13,13,56,1,0
202608020110,芝,2勝クラス,1,1,8,41,8,0
202608020110,芝,2勝クラス,6,4,8,132,0,0
202608020110,芝,2勝クラス,4,5,8,76,-5,0
202608020110,芝,2勝クラス,5,7,8,34,-1,0
202608020111,ダ,3勝クラス,9,1,12,121,2,0
202608020111,ダ,3勝クラス,2,2,12,160,0,0
202608020111,ダ,3勝クラス,13,3,12,105,0,0
202608020111,ダ,3勝クラス,11,4,12,56,0,0
202608020111,ダ,3勝クラス,4,5,12,105,1,0
202608020111,ダ,3勝クラス,6,6,12,273,-1,0
202608020111,ダ,3勝クラス,10,7,12,132,0,0
202608020111,ダ,3勝クラス,7,8,12,83,1,0
202608020111,ダ,3勝クラス,5,9,12,83,1,0
202608020111,ダ,3勝クラス,12,11,12,182,2,0
202608020111,ダ,3勝クラス,3,12,12,62,1,0
202608020209,ダ,2勝クラス,2,1,11,50,3,0
202608020209,ダ,2勝クラス,5,3,11,50,0,0
202608020209,ダ,2勝クラス,6,4,11,99,0,0
202608020209,ダ,2勝クラス,10,6,11,70,-1,0
202608020209,ダ,2勝クラス,4,7,11,323,0,0
202608020209,ダ,2勝クラス,11,8,11,49,-2,0
202608020209,ダ,2勝クラス,3,9,11,21,0,0
202608020209,ダ,2勝クラス,8,11,11,84,0,0
202608020210,芝,3勝クラス,2,1,8,49,0,0
202608020210,芝,3勝クラス,3,2,8,168,-1,1
202608020210,芝,3勝クラス,8,3,8,155,6,1
202608020210,芝,3勝クラス,7,4,8,71,-2,1
202608020210,芝,3勝クラス,6,5,8,106,0,1
202608020210,芝,3勝クラス,4,6,8,77,0,0
202608020210,芝,3勝クラス,1,7,8,133,0,0
202608020210,芝,3勝クラス,5,8,8,133,2,0
202608020211,芝,重賞,14,1,18,56,0,0
202608020211,芝,重賞,17,2,18,84,0,0
202608020211,芝,重賞,6,3,18,126,-1,0
202608020211,芝,重賞,4,4,18,161,0,0
202608020211,芝,重賞,11,5,18,43,-1,0
202608020211,芝,重賞,1,6,18,147,0,0
202608020211,芝,重賞,8,7,18,154,0,1
202608020211,芝,重賞,12,8,18,161,1,0
202608020211,芝,重賞,16,9,18,140,0,0
202608020211,芝,重賞,10,10,18,77,1,0
202608020211,芝,重賞,13,11,18,63,0,0
202608020211,芝,重賞,3,13,18,111,0,0
202608020211,芝,重賞,5,14,18,99,0,1
202608020211,芝,重賞,2,15,18,126,-1,0
202608020211,芝,重賞,7,16,18,210,-1,0
202608020211,芝,重賞,18,17,18,56,-1,0
202608020211,芝,重賞,15,18,18,77,-2,0
202608020212,芝,2勝クラス,6,1,7,78,0,0
202608020212,芝,2勝クラス,5,2,7,183,0,0
202608020212,芝,2勝クラス,1,3,7,105,0,0
202608020212,芝,2勝クラス,7,4,7,70,0,0
202608020212,芝,2勝クラス,3,5,7,92,-2,0
202608020212,芝,2勝クラス,4,6,7,91,0,0
202608020212,芝,2勝クラス,2,7,7,217,0,0
202608020308,芝,2勝クラス,7,1,8,112,0,0
202608020308,芝,2勝クラス,6,2,8,111,0,0
202608020308,芝,2勝クラス,8,3,8,126,-4,0
202608020308,芝,2勝クラス,1,4,8,112,0,0
202608020308,芝,2勝クラス,4,5,8,104,0,0
202608020308,芝,2勝クラス,5,6,8,167,1,0
202608020308,芝,2勝クラス,2,7,8,42,3,0
202608020308,芝,2勝クラス,3,8,8,84,3,0
202608020309,ダ,3勝クラス,8,1,16,97,0,0
202608020309,ダ,3勝クラス,5,2,16,111,0,0
202608020309,ダ,3勝クラス,10,3,16,90,0,0
202608020309,ダ,3勝クラス,4,4,16,111,2,0
202608020309,ダ,3勝クラス,3,5,16,90,1,0
202608020309,ダ,3勝クラス,12,6,16,217,0,0
202608020309,ダ,3勝クラス,14,7,16,174,0,0
202608020309,ダ,3勝クラス,9,8,16,90,0,0
202608020309,ダ,3勝クラス,11,9,16,90,0,0
202608020309,ダ,3勝クラス,13,11,16,210,-1,0
202608020309,ダ,3勝クラス,15,12,16,140,1,0
202608020309,ダ,3勝クラス,16,13,16,63,-1,0
202608020309,ダ,3勝クラス,1,15,16,84,0,0
202608020309,ダ,3勝クラス,2,16,16,84,0,0
202608020310,芝,OP,4,1,9,69,-1,1
202608020310,芝,OP,5,3,9,56,-2,0
202608020311,ダ,OP,7,1,16,111,0,0
202608020311,ダ,OP,15,2,16,97,-2,1
202608020311,ダ,OP,1,3,16,111,-1,0
202608020311,ダ,OP,11,4,16,342,0,1
202608020311,ダ,OP,13,6,16,154,0,1
202608020311,ダ,OP,10,7,16,130,3,0
202608020311,ダ,OP,8,8,16,139,-1,0
202608020311,ダ,OP,12,9,16,104,1,0
202608020311,ダ,OP,5,10,16,118,0,0
202608020311,ダ,OP,9,11,16,343,-2,0
202608020311,ダ,OP,4,12,16,209,-3,0
202608020311,ダ,OP,3,13,16,175,0,1
202608020311,ダ,OP,16,14,16,104,1,0
202608020311,ダ,OP,2,15,16,119,0,1
202608020311,ダ,OP,6,16,16,251,0,0
202608020508,ダ,2勝クラス,5,2,13,112,0,0
202608020508,ダ,2勝クラス,10,3,13,34,1,0
202608020508,ダ,2勝クラス,12,4,13,34,0,0
202608020508,ダ,2勝クラス,11,5,13,48,-3,0
202608020508,ダ,2勝クラス,9,7,13,70,4,0
202608020508,ダ,2勝クラス,13,8,13,152,-1,0
202608020508,ダ,2勝クラス,7,9,13,69,-8,0
202608020508,ダ,2勝クラス,3,10,13,97,1,0
202608020508,ダ,2勝クラス,6,11,13,105,-2,0
202608020508,ダ,2勝クラス,8,13,13,41,0,0
202608020510,芝,3勝クラス,2,1,16,111,4,0
202608020510,芝,3勝クラス,14,2,16,152,0,0
202608020510,芝,3勝クラス,6,3,16,69,2,0
202608020510,芝,3勝クラス,5,4,16,48,-2,0
202608020510,芝,3勝クラス,7,6,16,48,0,0
202608020510,芝,3勝クラス,9,7,16,167,1,1
202608020510,芝,3勝クラス,11,8,16,97,-4,0
202608020510,芝,3勝クラス,3,9,16,175,3,0
202608020510,芝,3勝クラス,13,10,16,62,0,0
202608020510,芝,3勝クラス,15,11,16,63,4,0
202608020510,芝,3勝クラス,12,12,16,62,0,0
202608020510,芝,3勝クラス,16,13,16,846,3,0
202608020510,芝,3勝クラス,4,14,16,41,-1,0
202608020510,芝,3勝クラス,1,15,16,105,1,0
202608020511,芝,OP,11,1,14,77,-1,0
202608020511,芝,OP,14,2,14,105,0,1
202608020511,芝,OP,7,3,14,125,1,0
202608020511,芝,OP,12,4,14,63,-1,0
202608020511,芝,OP,1,5,14,70,-1,0
202608020511,芝,OP,13,6,14,160,,0
202608020511,芝,OP,4,7,14,90,-1,0
202608020511,芝,OP,5,8,14,98,0,1
202608020511,芝,OP,9,9,14,77,-1,0
202608020511,芝,OP,6,10,14,124,0,0
202608020511,芝,OP,10,11,14,133,1,0
202608020511,芝,OP,2,12,14,244,0,0
202608020511,芝,OP,3,13,14,139,0,0
202608020511,芝,OP,8,14,14,160,-1,0
202608020609,芝,2勝クラス,8,1,11,113,0,0
202608020609,芝,2勝クラス,2,5,11,29,0,0
202608020609,芝,2勝クラス,11,6,11,113,0,0
202608020609,芝,2勝クラス,3,7,11,63,-2,0
202608020609,芝,2勝クラス,4,8,11,49,0,0
202608020609,芝,2勝クラス,6,11,11,42,0,0
202608020610,ダ,3勝クラス,10,1,10,84,0,0
202608020610,ダ,3勝クラス,4,2,10,120,0,0
202608020610,ダ,3勝クラス,8,3,10,168,0,0
202608020610,ダ,3勝クラス,5,4,10,34,7,0
202608020610,ダ,3勝クラス,1,5,10,78,1,0
202608020610,ダ,3勝クラス,7,6,10,120,1,0
202608020610,ダ,3勝クラス,9,7,10,113,0,0
202608020610,ダ,3勝クラス,2,8,10,77,1,0
202608020610,ダ,3勝クラス,3,9,10,63,3,0
202608020610,ダ,3勝クラス,6,10,10,56,-1,0
202608020611,芝,重賞,12,1,12,133,-4,0
202608020611,芝,重賞,6,2,12,147,0,0
202608020611,芝,重賞,4,3,12,106,0,1
202608020611,芝,重賞,8,4,12,92,0,0
202608020611,芝,重賞,3,5,12,126,-2,0
202608020611,芝,重賞,10,6,12,92,2,0
202608020611,芝,重賞,2,7,12,147,1,0
202608020611,芝,重賞,9,9,12,56,3,0
202608020611,芝,重賞,11,10,12,155,0,0
202608020611,芝,重賞,7,11,12,98,0,0
202608020611,芝,重賞,5,12,12,323,0,0
202608020612,ダ,2勝クラス,12,2,16,238,1,0
202608020612,ダ,2勝クラス,9,3,16,85,1,0
202608020612,ダ,2勝クラス,6,5,16,162,1,0
202608020612,ダ,2勝クラス,15,7,16,105,0,0
202608020612,ダ,2勝クラス,11,8,16,141,0,0
202608020612,ダ,2勝クラス,7,9,16,141,0,0
202608020612,ダ,2勝クラス,3,10,16,70,-1,0
202608020612,ダ,2勝クラス,8,11,16,71,1,0
202608020612,ダ,2勝クラス,2,12,16,41,3,0
202608020612,ダ,2勝クラス,14,15,16,182,0,0
202608020612,ダ,2勝クラス,5,16,16,99,0,0
202608030110,ダ,3勝クラス,2,1,11,56,1,0
202608030110,ダ,3勝クラス,9,2,11,103,0,0
202608030110,ダ,3勝クラス,3,3,11,69,1,0
202608030110,ダ,3勝クラス,5,4,11,111,1,0
202608030110,ダ,3勝クラス,10,5,11,307,4,0
202608030110,ダ,3勝クラス,1,6,11,103,-1,0
202608030110,ダ,3勝クラス,11,7,11,55,0,0
202608030110,ダ,3勝クラス,4,8,11,98,2,0
202608030110,ダ,3勝クラス,8,9,11,153,-2,0
202608030110,ダ,3勝クラス,7,10,11,118,5,0
202608030110,ダ,3勝クラス,6,11,11,62,-1,0
202608030111,ダ,OP,2,1,12,21,-2,0
202608030111,ダ,OP,11,2,12,198,0,0
202608030111,ダ,OP,3,3,12,139,0,0
202608030111,ダ,OP,6,4,12,110,2,0
202608030111,ダ,OP,5,5,12,139,0,0
202608030111,ダ,OP,8,6,12,118,1,0
202608030111,ダ,OP,12,7,12,161,0,1
202608030111,ダ,OP,9,8,12,98,0,0
202608030111,ダ,OP,10,9,12,77,0,0
202608030111,ダ,OP,7,10,12,97,0,0
202608030111,ダ,OP,4,11,12,279,-1,0
202608030112,芝,2勝クラス,2,1,11,34,0,0
202608030112,芝,2勝クラス,9,2,11,119,0,0
202608030112,芝,2勝クラス,11,3,11,49,-1,0
202608030112,芝,2勝クラス,1,4,11,69,0,0
202608030112,芝,2勝クラス,7,5,11,28,0,0
202608030112,芝,2勝クラス,4,6,11,182,-12,0
202608030112,芝,2勝クラス,8,7,11,83,-1,0
202608030112,芝,2勝クラス,5,8,11,175,2,0
202608030112,芝,2勝クラス,10,9,11,91,-1,0
202608030112,芝,2勝クラス,3,10,11,90,0,0
202608030112,芝,2勝クラス,6,11,11,139,0,0
202608030209,芝,2勝クラス,1,1,11,98,-1,0
202608030209,芝,2勝クラス,6,3,11,85,1,0
202608030209,芝,2勝クラス,2,4,11,119,-1,0
202608030209,芝,2勝クラス,11,5,11,43,1,0
202608030209,芝,2勝クラス,3,6,11,84,0,0
202608030209,芝,2勝クラス,10,7,11,56,0,0
202608030209,芝,2勝クラス,9,8,11,119,1,0
202608030209,芝,2勝クラス,7,9,11,104,-1,0
202608030209,芝,2勝クラス,4,10,11,43,-1,0
202608030209,芝,2勝クラス,5,11,11,105,0,0
202608030210,芝,3勝クラス,5,1,18,133,0,1
202608030210,芝,3勝クラス,17,2,18,155,0,0
202608030210,芝,3勝クラス,2,3,18,315,-2,0
202608030210,芝,3勝クラス,10,4,18,147,0,0
202608030210,芝,3勝クラス,4,5,18,111,0,0
202608030210,芝,3勝クラス,3,6,18,140,6,1
202608030210,芝,3勝クラス,13,7,18,111,0,1
202608030210,芝,3勝クラス,7,8,18,133,3,0
202608030210,芝,3勝クラス,16,9,18,161,0,0
202608030210,芝,3勝クラス,1,10,18,75,0,0
202608030210,芝,3勝クラス,11,11,18,147,2,1
202608030210,芝,3勝クラス,9,12,18,154,-3,0
202608030210,芝,3勝クラス,14,13,18,49,0,0
202608030210,芝,3勝クラス,8,14,18,99,0,1
202608030210,芝,3勝クラス,6,15,18,274,0,0
202608030210,芝,3勝クラス,18,16,18,92,0,0
202608030210,芝,3勝クラス,12,17,18,197,1,0
202608030210,芝,3勝クラス,15,18,18,140,0,0
202608030211,芝,重賞,9,1,18,350,1,0
202608030211,芝,重賞,1,2,18,78,-14,0
202608030211,芝,重賞,7,3,18,105,0,0
202608030211,芝,重賞,5,4,18,112,-1,0
202608030211,芝,重賞,2,5,18,195,0,0
202608030211,芝,重賞,12,6,18,112,0,0
202608030211,芝,重賞,16,7,18,140,0,0
202608030211,芝,重賞,17,8,18,154,0,0
202608030211,芝,重賞,8,9,18,75,0,0
202608030211,芝,重賞,11,10,18,71,0,0
202608030211,芝,重賞,18,11,18,112,0,0
202608030211,芝,重賞,6,12,18,75,0,0
202608030211,芝,重賞,10,13,18,190,0,0
202608030211,芝,重賞,4,14,18,112,2,0
202608030211,芝,重賞,3,15,18,70,0,1
202608030211,芝,重賞,13,16,18,42,-2,0
202608030211,芝,重賞,15,17,18,260,1,0
202608030211,芝,重賞,14,18,18,154,1,0
202608030212,ダ,2勝クラス,6,1,14,63,2,0
202608030212,ダ,2勝クラス,12,2,14,35,-1,0
202608030212,ダ,2勝クラス,9,4,14,71,-1,0
202608030212,ダ,2勝クラス,8,5,14,127,0,0
202608030212,ダ,2勝クラス,5,6,14,36,2,0
202608030212,ダ,2勝クラス,1,7,14,134,1,0
202608030212,ダ,2勝クラス,10,9,14,49,1,0
202608030212,ダ,2勝クラス,11,10,14,134,2,0
202608030212,ダ,2勝クラス,4,11,14,119,-1,0
202608030212,ダ,2勝クラス,14,12,14,64,0,0
202608030212,ダ,2勝クラス,13,13,14,176,0,0
202608030212,ダ,2勝クラス,7,14,14,112,-1,0
202608030310,ダ,2勝クラス,5,1,12,168,0,0
202608030310,ダ,2勝クラス,8,2,12,42,0,0
202608030310,ダ,2勝クラス,10,3,12,147,1,0
202608030310,ダ,2勝クラス,2,5,12,117,3,0
202608030310,ダ,2勝クラス,1,6,12,117,1,0
202608030310,ダ,2勝クラス,12,7,12,20,2,0
202608030310,ダ,2勝クラス,11,8,12,98,0,0
202608030310,ダ,2勝クラス,3,10,12,28,-1,0
202608030310,ダ,2勝クラス,6,11,12,35,0,0
202608030310,ダ,2勝クラス,4,12,12,117,-3,0
202608030311,ダ,重賞,5,7,12,140,0,0
202608030408,芝,2勝クラス,11,1,15,91,0,0
202608030408,芝,2勝クラス,5,3,15,36,0,0
202608030408,芝,2勝クラス,6,4,15,91,-2,0
202608030408,芝,2勝クラス,3,5,15,56,0,0
202608030408,芝,2勝クラス,10,6,15,49,1,0
202608030408,芝,2勝クラス,2,7,15,43,0,0
202608030408,芝,2勝クラス,14,8,15,50,1,0
202608030408,芝,2勝クラス,4,9,15,35,0,0
202608030408,芝,2勝クラス,12,10,15,147,0,0
202608030408,芝,2勝クラス,1,11,15,56,1,0
202608030408,芝,2勝クラス,15,12,15,56,-2,0
202608030408,芝,2勝クラス,13,13,15,70,0,0
202608030408,芝,2勝クラス,7,14,15,260,0,0
202608030408,芝,2勝クラス,9,15,15,56,0,0
202608030409,ダ,2勝クラス,8,2,9,91,-1,0
202608030409,ダ,2勝クラス,3,3,9,42,0,0
202608030409,ダ,2勝クラス,2,4,9,56,1,0
202608030409,ダ,2勝クラス,5,5,9,64,2,0
202608030409,ダ,2勝クラス,1,6,9,91,0,0
202608030409,ダ,2勝クラス,7,7,9,147,3,0
202608030409,ダ,2勝クラス,9,9,9,414,0,0
202608030410,芝,3勝クラス,3,1,18,82,0,0
202608030410,芝,3勝クラス,2,2,18,63,0,0
202608030410,芝,3勝クラス,4,3,18,92,1,0
202608030410,芝,3勝クラス,8,4,18,161,1,0
202608030410,芝,3勝クラス,16,5,18,50,1,0
202608030410,芝,3勝クラス,1,6,18,91,1,0
202608030410,芝,3勝クラス,7,7,18,63,0,0
202608030410,芝,3勝クラス,18,8,18,56,1,0
202608030410,芝,3勝クラス,9,9,18,91,0,1
202608030410,芝,3勝クラス,17,10,18,126,0,0
202608030410,芝,3勝クラス,6,11,18,140,0,0
202608030410,芝,3勝クラス,5,12,18,92,1,0
202608030410,芝,3勝クラス,11,13,18,140,0,0
202608030410,芝,3勝クラス,14,14,18,155,0,0
202608030410,芝,3勝クラス,12,15,18,92,-2,0
202608030410,芝,3勝クラス,15,16,18,92,0,0
202608030410,芝,3勝クラス,13,17,18,71,2,0
202608030410,芝,3勝クラス,10,18,18,126,-1,0
202608030411,芝,重賞,7,1,15,154,-1,0
202608030411,芝,重賞,15,2,15,148,2,0
202608030411,芝,重賞,3,3,15,126,0,0
202608030411,芝,重賞,4,4,15,118,0,0
202608030411,芝,重賞,12,5,15,364,1,0
202608030411,芝,重賞,11,6,15,70,7,0
202608030411,芝,重賞,8,7,15,154,-2,0
202608030411,芝,重賞,13,8,15,126,-3,0
202608030411,芝,重賞,1,9,15,168,1,0
202608030411,芝,重賞,10,10,15,148,2,0
202608030411,芝,重賞,2,11,15,42,0,0
202608030411,芝,重賞,9,13,15,134,-1,1
202608030411,芝,重賞,14,14,15,148,0,0
202608030411,芝,重賞,6,15,15,98,0,0
202608030412,ダ,3勝クラス,13,1,16,99,-1,0
202608030412,ダ,3勝クラス,10,2,16,105,2,0
202608030412,ダ,3勝クラス,16,3,16,71,1,0
202608030412,ダ,3勝クラス,5,4,16,92,0,1
202608030412,ダ,3勝クラス,8,5,16,246,-6,0
202608030412,ダ,3勝クラス,7,6,16,85,2,0
202608030412,ダ,3勝クラス,3,7,16,148,0,0
202608030412,ダ,3勝クラス,2,8,16,63,0,0
202608030412,ダ,3勝クラス,9,9,16,111,1,0
202608030412,ダ,3勝クラス,6,10,16,99,4,0
202608030412,ダ,3勝クラス,15,11,16,71,1,0
202608030412,ダ,3勝クラス,12,12,16,98,1,0
202608030412,ダ,3勝クラス,4,13,16,133,0,0
202608030412,ダ,3勝クラス,11,14,16,217,-4,0
202608030412,ダ,3勝クラス,1,15,16,210,0,0
202608030509,芝,2勝クラス,7,1,11,97,3,0
202608030509,芝,2勝クラス,10,3,11,97,0,0
202608030509,芝,2勝クラス,11,4,11,48,0,0
202608030509,芝,2勝クラス,5,7,11,63,-1,0
202608030509,芝,2勝クラス,1,8,11,147,1,0
202608030509,芝,2勝クラス,9,9,11,76,0,0
202608030509,芝,2勝クラス,4,10,11,70,0,0
202608030509,芝,2勝クラス,2,11,11,98,0,0
202608030510,芝,2勝クラス,3,1,8,91,0,0
202608030510,芝,2勝クラス,2,2,8,97,0,0
202608030510,芝,2勝クラス,1,4,8,97,1,0
202608030510,芝,2勝クラス,4,6,8,28,-2,0
202608030510,芝,2勝クラス,7,7,8,77,-5,0
202608030510,芝,2勝クラス,8,8,8,90,0,0
202608030511,芝,重賞,15,2,16,147,5,0
202608030511,芝,重賞,6,3,16,181,0,0
202608030511,芝,重賞,10,4,16,117,4,0
202608030511,芝,重賞,9,9,16,62,0,0
202608030511,芝,重賞,16,10,16,174,6,0
202608030511,芝,重賞,8,11,16,195,1,0
202608030511,芝,重賞,1,14,16,133,-1,0
202608030511,芝,重賞,11,15,16,161,0,0
202608030511,芝,重賞,14,16,16,111,0,0
202608030512,ダ,2勝クラス,10,2,13,76,-1,0
202608030512,ダ,2勝クラス,9,5,13,34,0,0
202608030512,ダ,2勝クラス,4,6,13,125,2,0
202608030512,ダ,2勝クラス,6,7,13,111,1,0
202608030512,ダ,2勝クラス,11,8,13,125,0,0
202608030512,ダ,2勝クラス,3,9,13,111,0,0
202608030512,ダ,2勝クラス,5,10,13,132,0,0
202608030512,ダ,2勝クラス,2,11,13,139,0,0
202608030512,ダ,2勝クラス,1,12,13,46,2,0
202608030512,ダ,2勝クラス,12,13,13,161,0,0
202608030609,芝,3勝クラス,6,1,13,196,0,0
202608030609,芝,3勝クラス,1,2,13,70,1,0
202608030609,芝,3勝クラス,13,3,13,308,4,1
202608030609,芝,3勝クラス,3,4,13,57,0,0
202608030609,芝,3勝クラス,11,5,13,161,-5,0
202608030609,芝,3勝クラス,7,6,13,134,-3,0
202608030609,芝,3勝クラス,12,7,13,99,0,0
202608030609,芝,3勝クラス,5,8,13,98,-1,0
202608030609,芝,3勝クラス,9,9,13,182,-1,0
202608030609,芝,3勝クラス,2,10,13,43,0,1
202608030609,芝,3勝クラス,10,11,13,78,5,0
202608030609,芝,3勝クラス,8,13,13,154,0,0
202608030610,芝,OP,4,1,11,140,0,0
202608030610,芝,OP,6,2,11,71,0,0
202608030610,芝,OP,5,3,11,176,1,0
202608030610,芝,OP,10,4,11,71,0,0
202608030610,芝,OP,1,6,11,118,0,0
202608030610,芝,OP,9,7,11,232,0,0
202608030610,芝,OP,7,8,11,140,0,0
202608030610,芝,OP,3,10,11,203,0,0
202608030611,ダ,OP,4,1,16,147,-5,1
202608030611,ダ,OP,10,2,16,126,1,1
202608030611,ダ,OP,7,3,16,210,0,0
202608030611,ダ,OP,1,4,16,140,6,0
202608030611,ダ,OP,11,5,16,119,-2,0
202608030611,ダ,OP,3,6,16,210,0,0
202608030611,ダ,OP,6,8,16,147,2,0
202608030611,ダ,OP,14,9,16,134,3,1
202608030611,ダ,OP,5,10,16,99,0,1
202608030611,ダ,OP,2,11,16,99,0,1
202608030611,ダ,OP,16,12,16,119,1,0
202608030611,ダ,OP,8,13,16,176,0,0
202608030611,ダ,OP,15,14,16,85,1,0
202608030611,ダ,OP,12,15,16,203,1,0
202608030612,ダ,2勝クラス,14,1,14,155,0,0
202608030612,ダ,2勝クラス,8,2,14,84,0,0
202608030612,ダ,2勝クラス,5,3,14,176,0,0
202608030612,ダ,2勝クラス,11,4,14,99,0,0
202608030612,ダ,2勝クラス,1,5,14,14,0,0
202608030612,ダ,2勝クラス,3,6,14,141,1,0
202608030612,ダ,2勝クラス,6,7,14,105,0,0
202608030612,ダ,2勝クラス,13,8,14,43,1,0
202608030612,ダ,2勝クラス,10,9,14,77,0,0
202608030612,ダ,2勝クラス,12,10,14,42,0,0
202608030612,ダ,2勝クラス,2,12,14,42,0,0
202608030612,ダ,2勝クラス,7,13,14,119,1,0
202608030612,ダ,2勝クラス,9,14,14,167,0,0
202608030710,ダ,3勝クラス,13,1,15,167,1,0
202608030710,ダ,3勝クラス,1,2,15,34,0,0
202608030710,ダ,3勝クラス,14,3,15,55,6,1
202608030710,ダ,3勝クラス,3,4,15,62,-1,0
202608030710,ダ,3勝クラス,10,5,15,76,3,0
202608030710,ダ,3勝クラス,4,6,15,112,0,0
202608030710,ダ,3勝クラス,8,7,15,84,3,0
202608030710,ダ,3勝クラス,12,8,15,153,0,0
202608030710,ダ,3勝クラス,2,9,15,90,0,0
202608030710,ダ,3勝クラス,9,10,15,111,1,0
202608030710,ダ,3勝クラス,6,11,15,90,-1,0
202608030710,ダ,3勝クラス,11,12,15,173,6,0
202608030710,ダ,3勝クラス,15,13,15,62,10,0
202608030710,ダ,3勝クラス,7,14,15,76,3,0
202608030710,ダ,3勝クラス,5,15,15,62,-1,0
202608030711,芝,OP,12,1,14,210,0,0
202608030711,芝,OP,6,2,14,174,0,0
202608030711,芝,OP,3,3,14,146,0,0
202608030711,芝,OP,5,4,14,90,2,0
202608030711,芝,OP,8,5,14,62,0,0
202608030711,芝,OP,7,6,14,104,-1,0
202608030711,芝,OP,9,7,14,160,-1,0
202608030711,芝,OP,2,8,14,119,0,0
202608030711,芝,OP,16,9,14,62,2,0
202608030711,芝,OP,1,10,14,105,1,0
202608030711,芝,OP,4,11,14,181,0,0
202608030711,芝,OP,14,12,14,104,1,0
202608030711,芝,OP,11,13,14,139,1,0
202608030711,芝,OP,15,14,14,125,0,0
202608030712,ダ,2勝クラス,10,1,15,55,-1,0
202608030712,ダ,2勝クラス,13,2,15,95,1,0
202608030712,ダ,2勝クラス,15,3,15,147,0,0
202608030712,ダ,2勝クラス,2,5,15,48,0,0
202608030712,ダ,2勝クラス,9,6,15,48,-1,0
202608030712,ダ,2勝クラス,11,7,15,62,1,0
202608030712,ダ,2勝クラス,7,8,15,28,0,0
202608030712,ダ,2勝クラス,3,9,15,28,7,0
202608030712,ダ,2勝クラス,8,9,15,308,1,0
202608030712,ダ,2勝クラス,5,11,15,28,0,0
202608030712,ダ,2勝クラス,1,12,15,48,0,0
202608030712,ダ,2勝クラス,4,13,15,307,1,0
202608030712,ダ,2勝クラス,12,14,15,63,0,0
202608030712,ダ,2勝クラス,6,15,15,56,0,0
202608030808,ダ,2勝クラス,8,1,8,155,0,0
202608030808,ダ,2勝クラス,3,2,8,155,0,0
202608030808,ダ,2勝クラス,7,3,8,50,0,0
202608030808,ダ,2勝クラス,4,4,8,63,1,0
202608030808,ダ,2勝クラス,6,5,8,113,1,0
202608030808,ダ,2勝クラス,1,6,8,161,2,0
202608030808,ダ,2勝クラス,5,7,8,85,2,0
202608030808,ダ,2勝クラス,2,8,8,85,0,0
202608030809,芝,2勝クラス,3,1,10,85,1,0
202608030809,芝,2勝クラス,5,2,10,99,0,0
202608030809,芝,2勝クラス,1,3,10,57,0,0
202608030809,芝,2勝クラス,9,6,10,77,-2,0
202608030809,芝,2勝クラス,10,7,10,35,4,0
202608030809,芝,2勝クラス,4,8,10,113,-2,0
202608030809,芝,2勝クラス,7,9,10,36,1,0
202608030809,芝,2勝クラス,2,10,10,92,1,0
202608030810,芝,3勝クラス,12,1,13,238,-1,0
202608030810,芝,3勝クラス,3,2,13,189,1,1
202608030810,芝,3勝クラス,7,3,13,96,2,0
202608030810,芝,3勝クラス,1,4,13,140,1,0
202608030810,芝,3勝クラス,4,5,13,84,-1,1
202608030810,芝,3勝クラス,9,6,13,50,0,0
202608030810,芝,3勝クラス,2,7,13,92,0,0
202608030810,芝,3勝クラス,10,8,13,113,0,0
202608030810,芝,3勝クラス,11,9,13,70,0,0
202608030810,芝,3勝クラス,13,10,13,77,-2,0
202608030810,芝,3勝クラス,5,11,13,105,0,0
202608030810,芝,3勝クラス,6,12,13,126,0,0
202608030810,芝,3勝クラス,8,13,13,64,0,0
202608030811,ダ,OP,4,1,16,96,-2,0
202608030811,ダ,OP,11,2,16,85,0,0
202608030811,ダ,OP,1,3,16,203,0,0
202608030811,ダ,OP,6,4,16,84,0,0
202608030811,ダ,OP,14,5,16,154,0,0
202608030811,ダ,OP,13,6,16,168,2,0
202608030811,ダ,OP,10,7,16,143,3,0
202608030811,ダ,OP,12,8,16,28,0,0
202608030811,ダ,OP,5,9,16,42,0,1
202608030811,ダ,OP,2,10,16,84,0,0
202608030811,ダ,OP,8,11,16,28,-2,0
202608030811,ダ,OP,16,12,16,91,1,0
202608030811,ダ,OP,3,13,16,96,0,0
202608030811,ダ,OP,15,14,16,36,-1,0
202608030811,ダ,OP,7,15,16,168,-1,0
202608030811,ダ,OP,9,16,16,127,0,0
202608030812,芝,2勝クラス,2,1,12,78,0,0
202608030812,芝,2勝クラス,10,2,12,78,0,0
202608030812,芝,2勝クラス,3,3,12,91,-1,0
202608030812,芝,2勝クラス,11,4,12,133,0,0
202608030812,芝,2勝クラス,4,5,12,77,0,0
202608030812,芝,2勝クラス,13,6,12,64,-1,0
202608030812,芝,2勝クラス,5,7,12,197,-1,0
202608030812,芝,2勝クラス,12,8,12,49,1,0
202608030812,芝,2勝クラス,9,9,12,96,1,0
202608030812,芝,2勝クラス,6,10,12,323,1,0
202608030812,芝,2勝クラス,8,11,12,42,0,0
202608030812,芝,2勝クラス,1,12,12,267,0,0
202608030910,芝,3勝クラス,15,1,16,118,1,0
202608030910,芝,3勝クラス,1,2,16,118,2,0
202608030910,芝,3勝クラス,4,3,16,119,10,0
202608030910,芝,3勝クラス,10,4,16,62,4,0
202608030910,芝,3勝クラス,16,5,16,146,4,0
202608030910,芝,3勝クラス,8,6,16,83,1,0
202608030910,芝,3勝クラス,13,7,16,244,0,0
202608030910,芝,3勝クラス,6,8,16,258,-2,0
202608030910,芝,3勝クラス,12,9,16,98,1,0
202608030910,芝,3勝クラス,9,10,16,102,0,0
202608030910,芝,3勝クラス,7,11,16,98,0,0
202608030910,芝,3勝クラス,11,12,16,265,0,0
202608030910,芝,3勝クラス,5,13,16,56,0,0
202608030910,芝,3勝クラス,3,14,16,161,-1,0
202608030910,芝,3勝クラス,14,15,16,97,2,1
202608030910,芝,3勝クラス,2,16,16,231,1,0
202608030911,ダ,重賞,14,1,16,118,0,0
202608030911,ダ,重賞,5,2,16,132,0,0
202608030911,ダ,重賞,11,3,16,62,2,0
202608030911,ダ,重賞,9,4,16,84,0,0
202608030911,ダ,重賞,8,5,16,266,1,0
202608030911,ダ,重賞,12,6,16,90,-2,0
202608030911,ダ,重賞,1,7,16,132,1,0
202608030911,ダ,重賞,15,8,16,227,0,0
202608030911,ダ,重賞,7,9,16,84,2,0
202608030911,ダ,重賞,10,10,16,62,-2,0
202608030911,ダ,重賞,4,11,16,84,3,0
202608030911,ダ,重賞,3,12,16,250,0,1
202608030911,ダ,重賞,13,13,16,126,0,0
202608030911,ダ,重賞,16,14,16,76,0,0
202608030911,ダ,重賞,2,15,16,105,-1,0
202608030911,ダ,重賞,6,16,16,76,0,0
202608030912,ダ,2勝クラス,4,1,14,62,0,0
202608030912,ダ,2勝クラス,7,2,14,98,-1,0
202608030912,ダ,2勝クラス,6,3,14,63,0,0
202608030912,ダ,2勝クラス,14,4,14,102,2,0
202608030912,ダ,2勝クラス,10,5,14,97,0,0
202608030912,ダ,2勝クラス,8,6,14,35,0,0
202608030912,ダ,2勝クラス,5,7,14,102,0,0
202608030912,ダ,2勝クラス,13,8,14,98,0,0
202608030912,ダ,2勝クラス,9,9,14,49,0,0
202608030912,ダ,2勝クラス,1,10,14,97,1,0
202608030912,ダ,2勝クラス,11,11,14,70,0,0
202608030912,ダ,2勝クラス,3,12,14,42,0,0
202608030912,ダ,2勝クラス,12,13,14,112,0,0
202608031008,ダ,2勝クラス,5,1,12,85,0,0
202608031008,ダ,2勝クラス,8,2,12,28,0,0
202608031008,ダ,2勝クラス,6,3,12,99,0,0
202608031008,ダ,2勝クラス,3,4,12,71,0,0
202608031008,ダ,2勝クラス,1,5,12,63,0,0
202608031008,ダ,2勝クラス,4,6,12,28,0,0
202608031008,ダ,2勝クラス,9,7,12,126,0,0
202608031008,ダ,2勝クラス,7,8,12,70,0,0
202608031008,ダ,2勝クラス,10,9,12,49,3,0
202608031008,ダ,2勝クラス,11,10,12,64,-1,0
202608031008,ダ,2勝クラス,2,11,12,71,-3,0
202608031008,ダ,2勝クラス,12,12,12,323,-5,0
202608031009,芝,2勝クラス,9,1,10,211,0,0
202608031009,芝,2勝クラス,5,2,10,78,2,0
202608031009,芝,2勝クラス,8,3,10,57,0,0
202608031009,芝,2勝クラス,2,4,10,127,0,0
202608031009,芝,2勝クラス,6,5,10,71,0,0
202608031009,芝,2勝クラス,11,6,10,29,0,0
202608031009,芝,2勝クラス,3,7,10,106,1,0
202608031009,芝,2勝クラス,7,8,10,49,0,0
202608031009,芝,2勝クラス,4,9,10,70,-1,0
202608031009,芝,2勝クラス,10,10,10,119,1,0
202608031010,ダ,3勝クラス,12,1,14,85,0,0
202608031010,ダ,3勝クラス,5,2,14,120,0,0
202608031010,ダ,3勝クラス,14,3,14,63,0,0
202608031010,ダ,3勝クラス,13,4,14,106,0,0
202608031010,ダ,3勝クラス,2,5,14,139,0,0
202608031010,ダ,3勝クラス,11,6,14,92,0,0
202608031010,ダ,3勝クラス,9,7,14,92,1,0
202608031010,ダ,3勝クラス,3,8,14,43,0,0
202608031010,ダ,3勝クラス,1,9,14,139,-1,0
202608031010,ダ,3勝クラス,4,10,14,133,0,0
202608031010,ダ,3勝クラス,7,11,14,85,2,0
202608031010,ダ,3勝クラス,6,12,14,99,0,1
202608031010,ダ,3勝クラス,10,13,14,42,-1,0
202608031010,ダ,3勝クラス,8,14,14,29,-2,0
202608031011,芝,OP,2,1,13,91,5,0
202608031011,芝,OP,10,2,13,99,0,0
202608031011,芝,OP,12,3,13,99,1,1
202608031011,芝,OP,8,4,13,223,2,0
202608031011,芝,OP,4,5,13,78,1,0
202608031011,芝,OP,7,6,13,189,2,0
202608031011,芝,OP,6,7,13,91,0,0
202608031011,芝,OP,3,8,13,28,0,1
202608031011,芝,OP,13,9,13,533,0,0
202608031011,芝,OP,9,10,13,427,-2,0
202608031011,芝,OP,5,11,13,56,0,0
202608031011,芝,OP,11,12,13,84,0,0
202608031011,芝,OP,1,13,13,148,2,0
202608031108,芝,2勝クラス,1,2,12,63,3,0
202608031108,芝,2勝クラス,7,3,12,63,0,0
202608031108,芝,2勝クラス,6,4,12,63,0,0
202608031108,芝,2勝クラス,8,5,12,84,-1,0
202608031108,芝,2勝クラス,12,8,12,63,0,0
202608031108,芝,2勝クラス,5,9,12,63,2,0
202608031108,芝,2勝クラス,11,10,12,126,0,0
202608031108,芝,2勝クラス,9,11,12,63,0,0
202608031108,芝,2勝クラス,4,12,12,35,0,0
202608031109,ダ,OP,8,1,9,97,0,0
202608031109,ダ,OP,4,2,9,119,0,0
202608031109,ダ,OP,2,3,9,196,4,0
202608031109,ダ,OP,7,6,9,119,0,0
202608031109,ダ,OP,9,8,9,49,0,0
202608031110,ダ,3勝クラス,2,1,16,77,-2,1
202608031110,ダ,3勝クラス,4,2,16,329,0,1
202608031110,ダ,3勝クラス,7,3,16,104,0,0
202608031110,ダ,3勝クラス,8,4,16,97,0,0
202608031110,ダ,3勝クラス,1,5,16,70,-2,0
202608031110,ダ,3勝クラス,9,6,16,252,0,0
202608031110,ダ,3勝クラス,12,7,16,35,0,0
202608031110,ダ,3勝クラス,10,8,16,97,2,0
202608031110,ダ,3勝クラス,16,9,16,97,0,0
202608031110,ダ,3勝クラス,15,10,16,83,4,0
202608031110,ダ,3勝クラス,5,11,16,132,0,0
202608031110,ダ,3勝クラス,6,12,16,76,0,0
202608031110,ダ,3勝クラス,11,13,16,97,-1,0
202608031110,ダ,3勝クラス,14,14,16,188,0,0
202608031110,ダ,3勝クラス,3,15,16,97,-1,0
202608031111,芝,OP,2,1,16,112,-1,0
202608031111,芝,OP,12,2,16,138,0,0
202608031111,芝,OP,13,3,16,91,0,0
202608031111,芝,OP,5,6,16,196,0,0
202608031111,芝,OP,11,7,16,70,0,0
202608031111,芝,OP,10,9,16,259,0,0
202608031111,芝,OP,16,10,16,84,-2,0
202608031111,芝,OP,4,11,16,70,1,0
202608031111,芝,OP,14,13,16,111,2,0
202608031111,芝,OP,15,15,16,126,0,0
202608031112,ダ,2勝クラス,5,1,16,90,0,0
202608031112,ダ,2勝クラス,16,2,16,77,0,0
202608031112,ダ,2勝クラス,13,3,16,90,2,0
202608031112,ダ,2勝クラス,4,4,16,49,2,0
202608031112,ダ,2勝クラス,8,5,16,49,-2,0
202608031112,ダ,2勝クラス,1,6,16,42,0,0
202608031112,ダ,2勝クラス,2,7,16,90,0,0
202608031112,ダ,2勝クラス,3,8,16,69,2,0
202608031112,ダ,2勝クラス,14,9,16,245,1,0
202608031112,ダ,2勝クラス,15,10,16,109,1,0
202608031112,ダ,2勝クラス,12,11,16,105,1,0
202608031112,ダ,2勝クラス,6,12,16,139,1,0
202608031112,ダ,2勝クラス,10,13,16,175,0,0
202608031112,ダ,2勝クラス,11,14,16,97,0,0
202608031112,ダ,2勝クラス,7,15,16,62,0,0
202608031112,ダ,2勝クラス,9,16,16,90,0,0
202608031208,芝,2勝クラス,7,3,8,63,1,0
202608031208,芝,2勝クラス,8,4,8,169,2,0
202608031208,芝,2勝クラス,2,5,8,78,1,0
202608031208,芝,2勝クラス,6,6,8,56,-5,0
202608031208,芝,2勝クラス,5,7,8,78,1,0
202608031208,芝,2勝クラス,3,8,8,169,0,0
202608031209,ダ,2勝クラス,10,1,10,140,4,0
202608031209,ダ,2勝クラス,11,2,10,35,0,0
202608031209,ダ,2勝クラス,6,3,10,28,0,0
202608031209,ダ,2勝クラス,3,4,10,119,0,0
202608031209,ダ,2勝クラス,8,5,10,210,0,0
202608031209,ダ,2勝クラス,7,6,10,85,1,0
202608031209,ダ,2勝クラス,5,7,10,49,0,0
202608031209,ダ,2勝クラス,9,8,10,77,-3,0
202608031209,ダ,2勝クラス,4,9,10,77,8,0
202608031209,ダ,2勝クラス,2,10,10,161,2,0
202608031210,芝,OP,5,2,17,210,0,0
202608031210,芝,OP,7,3,17,99,1,0
202608031210,芝,OP,12,4,17,92,0,0
202608031210,芝,OP,3,5,17,168,0,0
202608031210,芝,OP,15,6,17,99,2,0
202608031210,芝,OP,13,7,17,140,0,0
202608031210,芝,OP,1,8,17,119,1,0
202608031210,芝,OP,14,9,17,63,0,0
202608031210,芝,OP,4,10,17,77,-1,0
202608031210,芝,OP,11,11,17,99,0,0
202608031210,芝,OP,8,12,17,99,0,0
202608031210,芝,OP,16,13,17,49,0,0
202608031210,芝,OP,10,14,17,105,,0
202608031210,芝,OP,6,15,17,140,0,0
202608031210,芝,OP,9,16,17,98,-4,0
202608031210,芝,OP,2,17,17,77,0,0
202608031211,芝,OP,4,3,9,168,1,0
202608031211,芝,OP,9,4,9,71,0,0
202608031211,芝,OP,2,6,9,77,0,0
202608031211,芝,OP,8,7,9,155,6,0
202608031212,芝,3勝クラス,8,1,18,119,2,0
202608031212,芝,3勝クラス,6,2,18,98,0,0
202608031212,芝,3勝クラス,7,3,18,106,2,0
202608031212,芝,3勝クラス,14,4,18,110,0,0
202608031212,芝,3勝クラス,17,5,18,64,-1,1
202608031212,芝,3勝クラス,12,6,18,161,-2,0
202608031212,芝,3勝クラス,11,7,18,92,0,0
202608031212,芝,3勝クラス,3,8,18,57,0,0
202608031212,芝,3勝クラス,13,9,18,126,1,0
202608031212,芝,3勝クラス,9,10,18,71,0,0
202608031212,芝,3勝クラス,1,11,18,106,2,0
202608031212,芝,3勝クラス,16,12,18,110,0,0
202608031212,芝,3勝クラス,18,13,18,302,0,0
202608031212,芝,3勝クラス,5,14,18,98,0,0
202608031212,芝,3勝クラス,15,15,18,189,0,0
202608031212,芝,3勝クラス,4,16,18,183,-1,0
202608031212,芝,3勝クラス,2,17,18,85,1,0
202608031212,芝,3勝クラス,10,18,18,204,2,0
202609010108,芝,OP,4,1,7,69,1,0
202609010108,芝,OP,2,2,7,97,2,1
202609010108,芝,OP,3,3,7,97,3,1
202609010108,芝,OP,5,5,7,111,0,0
202609010110,ダ,3勝クラス,8,1,16,258,-2,1
202609010110,ダ,3勝クラス,15,2,16,159,-1,0
202609010110,ダ,3勝クラス,3,3,16,147,0,0
202609010110,ダ,3勝クラス,7,4,16,105,0,0
202609010110,ダ,3勝クラス,4,5,16,182,0,0
202609010110,ダ,3勝クラス,6,6,16,77,2,0
202609010110,ダ,3勝クラス,5,7,16,126,0,0
202609010110,ダ,3勝クラス,1,8,16,70,3,0
202609010110,ダ,3勝クラス,9,9,16,385,0,0
202609010110,ダ,3勝クラス,14,10,16,90,1,0
202609010110,ダ,3勝クラス,16,11,16,91,1,0
202609010110,ダ,3勝クラス,11,12,16,125,2,0
202609010110,ダ,3勝クラス,12,13,16,140,1,0
202609010110,ダ,3勝クラス,10,14,16,90,-2,0
202609010110,ダ,3勝クラス,13,15,16,62,-2,0
202609010110,ダ,3勝クラス,2,16,16,40,-1,0
202609010111,芝,重賞,6,2,18,48,1,0
202609010111,芝,重賞,5,3,18,146,1,0
202609010111,芝,重賞,8,4,18,202,0,1
202609010111,芝,重賞,7,5,18,98,0,0
202609010111,芝,重賞,12,6,18,105,0,0
202609010111,芝,重賞,13,7,18,70,0,0
202609010111,芝,重賞,2,8,18,84,0,0
202609010111,芝,重賞,9,9,18,98,0,0
202609010111,芝,重賞,14,10,18,279,0,0
202609010111,芝,重賞,10,11,18,97,-2,0
202609010111,芝,重賞,15,12,18,84,0,0
202609010111,芝,重賞,16,13,18,287,-1,0
202609010111,芝,重賞,18,15,18,146,-1,0
202609010111,芝,重賞,3,16,18,119,0,1
202609010111,芝,重賞,4,17,18,41,0,0
202609010111,芝,重賞,17,18,18,140,0,0
202609010112,ダ,2勝クラス,11,2,13,131,3,0
202609010112,ダ,2勝クラス,12,3,13,69,0,0
202609010112,ダ,2勝クラス,10,4,13,48,2,0
202609010112,ダ,2勝クラス,1,6,13,97,0,0
202609010112,ダ,2勝クラス,15,7,13,84,0,0
202609010112,ダ,2勝クラス,8,8,13,266,-1,0
202609010112,ダ,2勝クラス,5,9,13,27,-2,0
202609010112,ダ,2勝クラス,9,10,13,42,-2,0
202609010112,ダ,2勝クラス,6,11,13,63,-1,0
202609010112,ダ,2勝クラス,3,12,13,139,0,0
202609010112,ダ,2勝クラス,14,13,13,195,0,0
202609010209,芝,2勝クラス,4,1,10,105,1,0
202609010209,芝,2勝クラス,9,2,10,77,-1,0
202609010209,芝,2勝クラス,2,3,10,48,1,0
202609010209,芝,2勝クラス,10,4,10,162,0,0
202609010209,芝,2勝クラス,1,5,10,120,0,0
202609010209,芝,2勝クラス,7,6,10,106,-1,0
202609010209,芝,2勝クラス,5,7,10,112,0,0
202609010209,芝,2勝クラス,6,9,10,176,0,0
202609010209,芝,2勝クラス,8,10,10,99,0,0
202609010210,芝,3勝クラス,2,1,8,106,0,0
202609010210,芝,3勝クラス,7,2,8,63,0,0
202609010210,芝,3勝クラス,1,3,8,78,0,0
202609010210,芝,3勝クラス,4,5,8,42,-2,0
202609010210,芝,3勝クラス,3,6,8,99,0,0
202609010210,芝,3勝クラス,5,7,8,77,0,0
202609010210,芝,3勝クラス,8,8,8,85,0,0
202609010211,ダ,OP,8,1,12,91,-6,0
202609010211,ダ,OP,6,2,12,63,0,0
202609010211,ダ,OP,7,3,12,56,1,0
202609010211,ダ,OP,4,4,12,113,1,0
202609010211,ダ,OP,3,5,12,119,0,0
202609010211,ダ,OP,1,6,12,77,0,0
202609010211,ダ,OP,11,7,12,78,-1,1
202609010211,ダ,OP,9,8,12,77,0,0
202609010211,ダ,OP,5,9,12,77,0,0
202609010211,ダ,OP,12,10,12,224,-1,0
202609010211,ダ,OP,2,11,12,284,-10,0
202609010211,ダ,OP,10,12,12,106,0,0
202609010212,ダ,2勝クラス,11,1,16,78,-2,0
202609010212,ダ,2勝クラス,6,3,16,238,0,0
202609010212,ダ,2勝クラス,3,4,16,57,1,0
202609010212,ダ,2勝クラス,5,5,16,36,0,0
202609010212,ダ,2勝クラス,14,6,16,56,0,0
202609010212,ダ,2勝クラス,7,7,16,57,-1,0
202609010212,ダ,2勝クラス,12,8,16,238,-4,0
202609010212,ダ,2勝クラス,9,9,16,43,1,0
202609010212,ダ,2勝クラス,1,10,16,99,2,0
202609010212,ダ,2勝クラス,4,11,16,119,3,0
202609010212,ダ,2勝クラス,2,12,16,85,2,0
202609010212,ダ,2勝クラス,13,13,16,141,6,0
202609010212,ダ,2勝クラス,8,14,16,92,2,0
202609010212,ダ,2勝クラス,16,15,16,42,0,0
202609010212,ダ,2勝クラス,10,16,16,70,1,0
202609010308,ダ,2勝クラス,5,2,14,97,1,0
202609010308,ダ,2勝クラス,10,3,14,84,0,0
202609010308,ダ,2勝クラス,11,5,14,160,0,0
202609010308,ダ,2勝クラス,3,6,14,139,-1,0
202609010308,ダ,2勝クラス,7,7,14,98,4,0
202609010308,ダ,2勝クラス,8,8,14,105,-1,0
202609010308,ダ,2勝クラス,15,10,14,91,4,0
202609010308,ダ,2勝クラス,14,11,14,49,0,0
202609010308,ダ,2勝クラス,2,12,14,91,0,0
202609010308,ダ,2勝クラス,1,14,14,139,1,0
202609010309,芝,3勝クラス,5,1,9,125,-7,0
202609010309,芝,3勝クラス,2,2,9,47,0,0
202609010309,芝,3勝クラス,6,3,9,98,2,0
202609010309,芝,3勝クラス,8,4,9,140,0,1
202609010309,芝,3勝クラス,1,5,9,111,0,0
202609010309,芝,3勝クラス,7,6,9,62,1,0
202609010309,芝,3勝クラス,3,7,9,168,1,1
202609010310,芝,OP,2,1,9,104,-1,0
202609010310,芝,OP,8,3,9,84,0,1
202609010310,芝,OP,7,5,9,77,0,0
202609010310,芝,OP,9,6,9,63,0,0
202609010311,ダ,OP,4,1,16,98,4,0
202609010311,ダ,OP,7,2,16,161,0,0
202609010311,ダ,OP,1,3,16,98,0,0
202609010311,ダ,OP,11,4,16,98,2,0
202609010311,ダ,OP,5,5,16,76,1,0
202609010311,ダ,OP,3,6,16,203,3,0
202609010311,ダ,OP,6,7,16,104,0,0
202609010311,ダ,OP,16,8,16,69,-1,0
202609010311,ダ,OP,14,9,16,98,4,0
202609010311,ダ,OP,8,10,16,69,2,0
202609010311,ダ,OP,10,11,16,125,-1,0
202609010311,ダ,OP,2,12,16,76,6,0
202609010311,ダ,OP,13,13,16,252,0,0
202609010311,ダ,OP,15,14,16,132,0,0
202609010311,ダ,OP,9,15,16,111,0,0
202609010311,ダ,OP,12,16,16,91,0,0
202609010312,芝,2勝クラス,6,1,18,104,-1,0
202609010312,芝,2勝クラス,4,2,18,97,0,0
202609010312,芝,2勝クラス,9,3,18,49,-1,0
202609010312,芝,2勝クラス,11,4,18,69,0,0
202609010312,芝,2勝クラス,16,6,18,83,1,0
202609010312,芝,2勝クラス,17,7,18,104,0,0
202609010312,芝,2勝クラス,3,8,18,35,0,0
202609010312,芝,2勝クラス,1,9,18,69,-1,0
202609010312,芝,2勝クラス,8,10,18,280,0,0
202609010312,芝,2勝クラス,13,11,18,146,1,0
202609010312,芝,2勝クラス,12,12,18,104,0,0
202609010312,芝,2勝クラス,2,13,18,132,0,0
202609010312,芝,2勝クラス,10,15,18,63,-1,0
202609010312,芝,2勝クラス,18,16,18,251,-1,0
202609010312,芝,2勝クラス,14,17,18,83,0,0
202609010312,芝,2勝クラス,7,18,18,125,-1,0
202609010409,芝,2勝クラス,3,1,9,196,1,1
202609010409,芝,2勝クラス,4,3,9,133,1,0
202609010409,芝,2勝クラス,9,4,9,105,5,0
202609010409,芝,2勝クラス,6,5,9,148,0,0
202609010409,芝,2勝クラス,1,6,9,91,0,0
202609010409,芝,2勝クラス,5,7,9,43,1,0
202609010409,芝,2勝クラス,2,8,9,43,-1,0
202609010409,芝,2勝クラス,7,9,9,42,1,0
202609010410,ダ,3勝クラス,2,1,14,91,2,0
202609010410,ダ,3勝クラス,10,2,14,139,0,1
202609010410,ダ,3勝クラス,9,3,14,154,2,0
202609010410,ダ,3勝クラス,12,4,14,78,0,1
202609010410,ダ,3勝クラス,13,5,14,78,7,1
202609010410,ダ,3勝クラス,3,6,14,113,0,0
202609010410,ダ,3勝クラス,4,7,14,78,-1,0
202609010410,ダ,3勝クラス,1,8,14,71,0,0
202609010410,ダ,3勝クラス,14,9,14,224,0,0
202609010410,ダ,3勝クラス,6,10,14,84,-1,0
202609010410,ダ,3勝クラス,11,11,14,84,1,0
202609010410,ダ,3勝クラス,7,12,14,84,0,0
202609010410,ダ,3勝クラス,8,13,14,154,1,0
202609010410,ダ,3勝クラス,5,14,14,49,-1,0
202609010411,芝,重賞,13,1,15,127,0,0
202609010411,芝,重賞,12,3,15,162,1,0
202609010411,芝,重賞,4,6,15,176,1,0
202609010411,芝,重賞,9,15,15,155,0,0
202609010412,ダ,2勝クラス,15,2,16,113,0,0
202609010412,ダ,2勝クラス,6,3,16,42,-1,0
202609010412,ダ,2勝クラス,4,4,16,119,-1,0
202609010412,ダ,2勝クラス,5,7,16,77,0,0
202609010412,ダ,2勝クラス,11,9,16,92,0,0
202609010412,ダ,2勝クラス,12,10,16,106,-2,0
202609010412,ダ,2勝クラス,1,11,16,113,0,0
202609010412,ダ,2勝クラス,16,12,16,43,-2,0
202609010412,ダ,2勝クラス,7,13,16,119,2,0
202609010412,ダ,2勝クラス,9,14,16,92,0,0
202609010508,芝,2勝クラス,6,1,10,145,0,0
202609010508,芝,2勝クラス,3,2,10,61,0,0
202609010508,芝,2勝クラス,10,3,10,118,0,0
202609010508,芝,2勝クラス,7,4,10,49,-1,0
202609010508,芝,2勝クラス,4,5,10,76,1,0
202609010508,芝,2勝クラス,5,6,10,161,1,0
202609010508,芝,2勝クラス,8,7,10,112,0,0
202609010508,芝,2勝クラス,1,8,10,49,0,0
202609010508,芝,2勝クラス,9,9,10,76,0,0
202609010508,芝,2勝クラス,2,10,10,103,0,0
202609010509,芝,2勝クラス,3,1,9,77,0,0
202609010509,芝,2勝クラス,4,2,9,61,-1,0
202609010509,芝,2勝クラス,2,4,9,133,2,0
202609010509,芝,2勝クラス,9,6,9,503,1,0
202609010509,芝,2勝クラス,7,7,9,140,0,0
202609010509,芝,2勝クラス,1,8,9,49,3,0
202609010509,芝,2勝クラス,5,9,9,70,1,0
202609010510,ダ,3勝クラス,2,1,15,61,0,0
202609010510,ダ,3勝クラス,3,2,15,55,-2,0
202609010510,ダ,3勝クラス,15,3,15,84,0,0
202609010510,ダ,3勝クラス,14,4,15,34,1,0
202609010510,ダ,3勝クラス,4,5,15,61,0,0
202609010510,ダ,3勝クラス,10,6,15,54,0,0
202609010510,ダ,3勝クラス,5,7,15,104,0,0
202609010510,ダ,3勝クラス,13,8,15,83,0,0
202609010510,ダ,3勝クラス,11,9,15,62,0,0
202609010510,ダ,3勝クラス,6,10,15,245,1,0
202609010510,ダ,3勝クラス,8,11,15,161,0,0
202609010510,ダ,3勝クラス,9,12,15,118,1,0
202609010510,ダ,3勝クラス,12,13,15,69,1,0
202609010510,ダ,3勝クラス,1,14,15,173,-1,1
202609010511,芝,重賞,2,1,18,161,1,0
202609010511,芝,重賞,17,2,18,139,0,0
202609010511,芝,重賞,7,3,18,49,0,0
202609010511,芝,重賞,13,4,18,69,1,0
202609010511,芝,重賞,3,5,18,84,0,0
202609010511,芝,重賞,1,6,18,126,0,0
202609010511,芝,重賞,12,7,18,119,0,0
202609010511,芝,重賞,4,8,18,126,0,0
202609010511,芝,重賞,18,9,18,111,0,0
202609010511,芝,重賞,14,10,18,111,1,0
202609010511,芝,重賞,5,11,18,83,0,0
202609010511,芝,重賞,16,14,18,188,0,0
202609010511,芝,重賞,8,15,18,154,0,1
202609010511,芝,重賞,15,16,18,100,-2,0
202609010511,芝,重賞,10,17,18,154,0,1
202609010511,芝,重賞,11,18,18,168,0,0
202609010608,ダ,2勝クラス,3,2,9,49,0,0
202609010608,ダ,2勝クラス,6,3,9,119,-2,0
202609010608,ダ,2勝クラス,7,4,9,70,0,0
202609010608,ダ,2勝クラス,9,5,9,36,0,0
202609010608,ダ,2勝クラス,2,6,9,42,-3,0
202609010608,ダ,2勝クラス,8,7,9,63,-1,0
202609010608,ダ,2勝クラス,4,8,9,196,-1,0
202609010608,ダ,2勝クラス,1,9,9,78,-3,0
202609010610,芝,3勝クラス,1,1,14,70,-4,0
202609010610,芝,3勝クラス,6,2,14,147,0,1
202609010610,芝,3勝クラス,11,2,14,196,0,0
202609010610,芝,3勝クラス,7,4,14,35,-1,0
202609010610,芝,3勝クラス,13,6,14,147,0,0
202609010610,芝,3勝クラス,3,7,14,147,0,0
202609010610,芝,3勝クラス,5,8,14,134,0,0
202609010610,芝,3勝クラス,12,9,14,43,2,0
202609010610,芝,3勝クラス,9,10,14,77,0,0
202609010610,芝,3勝クラス,4,11,14,35,1,0
202609010610,芝,3勝クラス,2,12,14,77,1,0
202609010610,芝,3勝クラス,10,13,14,92,0,0
202609010610,芝,3勝クラス,14,14,14,120,0,0
202609010611,芝,OP,2,1,12,77,0,0
202609010611,芝,OP,8,2,12,154,2,0
202609010611,芝,OP,6,3,12,77,3,0
202609010611,芝,OP,7,4,12,161,0,0
202609010611,芝,OP,11,6,12,161,-1,0
202609010611,芝,OP,1,7,12,267,-1,0
202609010611,芝,OP,4,8,12,92,0,0
202609010611,芝,OP,10,9,12,92,0,0
202609010611,芝,OP,5,10,12,182,1,0
202609010611,芝,OP,3,12,12,77,1,0
202609010612,ダ,2勝クラス,12,1,13,70,0,0
202609010612,ダ,2勝クラス,13,2,13,105,0,0
202609010612,ダ,2勝クラス,7,4,13,134,-1,0
202609010612,ダ,2勝クラス,6,5,13,56,-2,0
202609010612,ダ,2勝クラス,1,6,13,92,3,0
202609010612,ダ,2勝クラス,8,7,13,71,0,0
202609010612,ダ,2勝クラス,10,8,13,106,-1,0
202609010612,ダ,2勝クラス,3,9,13,62,-1,0
202609010612,ダ,2勝クラス,11,10,13,78,0,0
202609010612,ダ,2勝クラス,14,11,13,92,0,0
202609010612,ダ,2勝クラス,2,13,13,106,1,0
202609010709,芝,2勝クラス,7,1,15,63,0,0
202609010709,芝,2勝クラス,6,3,15,237,-3,0
202609010709,芝,2勝クラス,1,4,15,63,0,0
202609010709,芝,2勝クラス,15,5,15,91,1,0
202609010709,芝,2勝クラス,14,6,15,160,0,0
202609010709,芝,2勝クラス,11,8,15,196,0,0
202609010709,芝,2勝クラス,13,9,15,41,0,0
202609010709,芝,2勝クラス,2,10,15,84,1,0
202609010709,芝,2勝クラス,9,11,15,139,0,0
202609010709,芝,2勝クラス,4,12,15,84,-1,0
202609010709,芝,2勝クラス,10,14,15,105,0,0
202609010710,芝,3勝クラス,8,1,11,139,-3,0
202609010710,芝,3勝クラス,4,2,11,196,0,1
202609010710,芝,3勝クラス,1,3,11,97,0,0
202609010710,芝,3勝クラス,7,4,11,189,0,0
202609010710,芝,3勝クラス,3,5,11,118,1,0
202609010710,芝,3勝クラス,6,6,11,32,0,0
202609010710,芝,3勝クラス,2,7,11,83,0,1
202609010710,芝,3勝クラス,11,8,11,62,1,0
202609010710,芝,3勝クラス,10,9,11,118,2,0
202609010710,芝,3勝クラス,9,10,11,104,1,0
202609010710,芝,3勝クラス,5,11,11,83,0,0
202609010711,ダ,OP,11,1,13,139,-1,0
202609010711,ダ,OP,1,2,13,104,-1,0
202609010711,ダ,OP,4,3,13,97,1,0
202609010711,ダ,OP,7,4,13,76,1,0
202609010711,ダ,OP,10,5,13,55,-1,0
202609010711,ダ,OP,5,6,13,32,1,0
202609010711,ダ,OP,13,7,13,118,0,0
202609010711,ダ,OP,6,8,13,111,-2,0
202609010711,ダ,OP,8,9,13,98,0,1
202609010711,ダ,OP,3,10,13,83,2,0
202609010711,ダ,OP,9,11,13,160,1,0
202609010711,ダ,OP,2,12,13,76,0,0
202609010711,ダ,OP,12,13,13,105,0,1
202609010808,ダ,2勝クラス,11,1,11,120,0,0
202609010808,ダ,2勝クラス,6,2,11,77,2,0
202609010808,ダ,2勝クラス,9,3,11,56,8,0
202609010808,ダ,2勝クラス,4,5,11,36,-2,0
202609010808,ダ,2勝クラス,1,6,11,147,0,0
202609010808,ダ,2勝クラス,3,7,11,56,-3,0
202609010808,ダ,2勝クラス,5,9,11,162,0,0
202609010808,ダ,2勝クラス,7,10,11,49,-2,0
202609010808,ダ,2勝クラス,2,11,11,77,0,0
202609010810,ダ,3勝クラス,5,1,14,119,1,0
202609010810,ダ,3勝クラス,4,2,14,85,0,0
202609010810,ダ,3勝クラス,14,3,14,69,0,0
202609010810,ダ,3勝クラス,3,4,14,36,-2,0
202609010810,ダ,3勝クラス,12,5,14,77,0,0
202609010810,ダ,3勝クラス,11,6,14,119,0,0
202609010810,ダ,3勝クラス,13,7,14,287,1,0
202609010810,ダ,3勝クラス,9,8,14,134,1,0
202609010810,ダ,3勝クラス,7,9,14,50,0,0
202609010810,ダ,3勝クラス,2,10,14,98,-2,0
202609010810,ダ,3勝クラス,1,11,14,119,0,0
202609010810,ダ,3勝クラス,10,12,14,127,0,0
202609010810,ダ,3勝クラス,8,13,14,127,-1,0
202609010810,ダ,3勝クラス,6,14,14,91,1,0
202609010811,芝,OP,12,1,15,126,0,0
202609010811,芝,OP,14,2,15,63,0,0
202609010811,芝,OP,8,3,15,78,0,0
202609010811,芝,OP,6,4,15,98,2,0
202609010811,芝,OP,10,5,15,203,-1,0
202609010811,芝,OP,4,6,15,132,-1,0
202609010811,芝,OP,11,7,15,105,-2,0
202609010811,芝,OP,9,9,15,98,1,0
202609010811,芝,OP,1,10,15,260,-3,0
202609010811,芝,OP,3,11,15,119,3,0
202609010811,芝,OP,7,12,15,105,1,0
202609010811,芝,OP,13,13,15,85,0,0
202609010811,芝,OP,5,14,15,162,-3,0
202609010811,芝,OP,15,15,15,85,0,0
202609010812,ダ,2勝クラス,5,1,13,153,0,0
202609010812,ダ,2勝クラス,8,2,13,43,0,0
202609010812,ダ,2勝クラス,7,3,13,56,0,0
202609010812,ダ,2勝クラス,6,4,13,148,-5,0
202609010812,ダ,2勝クラス,12,5,13,158,0,0
202609010812,ダ,2勝クラス,13,6,13,98,-6,0
202609010812,ダ,2勝クラス,11,7,13,85,0,0
202609010812,ダ,2勝クラス,9,8,13,56,0,0
202609010812,ダ,2勝クラス,1,9,13,33,2,0
202609010812,ダ,2勝クラス,10,10,13,111,-1,0
202609010812,ダ,2勝クラス,3,11,13,43,1,0
202609010812,ダ,2勝クラス,4,12,13,175,-2,0
202609010908,ダ,2勝クラス,9,1,12,48,0,0
202609010908,ダ,2勝クラス,5,2,12,105,0,0
202609010908,ダ,2勝クラス,8,3,12,90,3,0
202609010908,ダ,2勝クラス,7,4,12,68,-1,0
202609010908,ダ,2勝クラス,6,6,12,118,0,0
202609010908,ダ,2勝クラス,10,7,12,21,5,0
202609010908,ダ,2勝クラス,3,8,12,159,0,0
202609010908,ダ,2勝クラス,2,9,12,97,3,0
202609010908,ダ,2勝クラス,11,10,12,76,0,0
202609010908,ダ,2勝クラス,4,11,12,37,1,0
202609010908,ダ,2勝クラス,12,12,12,62,0,0
202609010909,芝,2勝クラス,5,1,8,68,0,0
202609010909,芝,2勝クラス,8,2,8,104,1,0
202609010909,芝,2勝クラス,2,4,8,56,2,0
202609010909,芝,2勝クラス,4,5,8,68,2,0
202609010909,芝,2勝クラス,7,6,8,125,-2,0
202609010909,芝,2勝クラス,1,7,8,139,0,0
202609010909,芝,2勝クラス,6,8,8,161,1,0
202609010910,芝,3勝クラス,10,1,16,49,0,0
202609010910,芝,3勝クラス,1,2,16,75,2,0
202609010910,芝,3勝クラス,6,3,16,97,0,0
202609010910,芝,3勝クラス,3,4,16,83,0,0
202609010910,芝,3勝クラス,12,5,16,259,-1,0
202609010910,芝,3勝クラス,9,6,16,39,1,0
202609010910,芝,3勝クラス,13,7,16,154,1,0
202609010910,芝,3勝クラス,2,8,16,133,1,0
202609010910,芝,3勝クラス,7,9,16,49,-1,0
202609010910,芝,3勝クラス,4,10,16,175,-2,0
202609010910,芝,3勝クラス,8,11,16,105,0,0
202609010910,芝,3勝クラス,14,12,16,154,2,0
202609010910,芝,3勝クラス,11,13,16,83,1,0
202609010910,芝,3勝クラス,5,14,16,231,0,0
202609010910,芝,3勝クラス,16,15,16,238,-1,0
202609010910,芝,3勝クラス,15,16,16,195,0,0
202609010911,芝,OP,1,1,12,132,0,0
202609010911,芝,OP,6,6,12,105,2,0
202609010911,芝,OP,12,9,12,195,0,0
202609011009,芝,2勝クラス,4,1,8,84,1,0
202609011009,芝,2勝クラス,8,2,8,84,-1,0
202609011009,芝,2勝クラス,5,3,8,133,0,0
202609011009,芝,2勝クラス,1,4,8,35,1,0
202609011009,芝,2勝クラス,2,5,8,64,0,0
202609011009,芝,2勝クラス,7,6,8,84,0,0
202609011009,芝,2勝クラス,6,7,8,98,0,0
202609011009,芝,2勝クラス,3,8,8,64,-1,0
202609011010,ダ,OP,4,1,16,141,0,0
202609011010,ダ,OP,7,2,16,162,5,1
202609011010,ダ,OP,5,3,16,169,-2,0
202609011010,ダ,OP,9,4,16,70,5,0
202609011010,ダ,OP,15,5,16,91,0,0
202609011010,ダ,OP,6,6,16,126,1,1
202609011010,ダ,OP,13,7,16,176,2,0
202609011010,ダ,OP,10,8,16,85,-1,1
202609011010,ダ,OP,16,9,16,112,6,1
202609011010,ダ,OP,14,11,16,315,1,0
202609011010,ダ,OP,1,12,16,113,1,1
202609011010,ダ,OP,11,13,16,161,1,0
202609011010,ダ,OP,12,14,16,126,7,0
202609011010,ダ,OP,8,15,16,91,3,0
202609011010,ダ,OP,3,16,16,176,-4,0
202609011011,芝,重賞,1,1,10,168,3,0
202609011011,芝,重賞,4,2,10,274,0,1
202609011011,芝,重賞,5,3,10,120,0,0
202609011011,芝,重賞,2,4,10,138,,0
202609011011,芝,重賞,7,5,10,84,3,0
202609011011,芝,重賞,9,6,10,196,2,0
202609011011,芝,重賞,6,7,10,63,2,0
202609011011,芝,重賞,8,8,10,76,0,0
202609011011,芝,重賞,3,9,10,99,0,0
202609011011,芝,重賞,10,10,10,120,5,0
202609011012,ダ,2勝クラス,8,1,12,175,-1,0
202609011012,ダ,2勝クラス,13,5,12,106,0,0
202609011012,ダ,2勝クラス,2,6,12,70,-1,0
202609011012,ダ,2勝クラス,9,7,12,35,-1,0
202609011012,ダ,2勝クラス,4,8,12,119,0,0
202609011012,ダ,2勝クラス,6,9,12,50,1,0
202609011012,ダ,2勝クラス,3,11,12,70,1,0
202609011012,ダ,2勝クラス,12,12,12,98,0,0
202609020110,芝,2勝クラス,11,1,11,97,-2,0
202609020110,芝,2勝クラス,10,2,11,111,0,0
202609020110,芝,2勝クラス,4,4,11,55,0,0
202609020110,芝,2勝クラス,8,5,11,83,0,0
202609020110,芝,2勝クラス,1,6,11,160,,0
202609020110,芝,2勝クラス,9,7,11,97,1,0
202609020110,芝,2勝クラス,6,8,11,133,0,0
202609020110,芝,2勝クラス,5,9,11,46,-1,0
202609020110,芝,2勝クラス,3,10,11,97,0,0
202609020111,芝,重賞,1,5,7,55,0,0
202609020111,芝,重賞,7,7,7,82,0,0
202609020112,ダ,2勝クラス,4,2,14,132,0,0
202609020112,ダ,2勝クラス,14,4,14,55,0,0
202609020112,ダ,2勝クラス,13,6,14,223,-5,0
202609020112,ダ,2勝クラス,8,7,14,90,0,0
202609020112,ダ,2勝クラス,11,8,14,28,0,0
202609020112,ダ,2勝クラス,9,9,14,62,1,0
202609020112,ダ,2勝クラス,6,11,14,82,7,0
202609020112,ダ,2勝クラス,2,12,14,104,2,0
202609020112,ダ,2勝クラス,3,13,14,132,2,0
202609020112,ダ,2勝クラス,5,14,14,216,2,0
202609020208,芝,2勝クラス,4,1,7,127,-4,0
202609020208,芝,2勝クラス,5,2,7,134,3,0
202609020208,芝,2勝クラス,7,3,7,76,0,0
202609020208,芝,2勝クラス,3,4,7,47,-1,0
202609020208,芝,2勝クラス,6,5,7,190,0,0
202609020208,芝,2勝クラス,2,6,7,63,1,0
202609020208,芝,2勝クラス,1,7,7,470,1,0
202609020210,芝,3勝クラス,4,1,11,287,0,0
202609020210,芝,3勝クラス,1,3,11,91,1,0
202609020210,芝,3勝クラス,10,4,11,99,0,1
202609020210,芝,3勝クラス,11,5,11,154,3,0
202609020210,芝,3勝クラス,7,6,11,92,5,0
202609020210,芝,3勝クラス,6,7,11,371,4,0
202609020210,芝,3勝クラス,5,8,11,112,1,0
202609020210,芝,3勝クラス,9,9,11,127,-1,0
202609020210,芝,3勝クラス,3,10,11,105,0,0
202609020210,芝,3勝クラス,8,11,11,64,0,1
202609020211,芝,OP,6,1,13,112,1,1
202609020211,芝,OP,7,2,13,106,0,0
202609020211,芝,OP,1,3,13,47,0,0
202609020211,芝,OP,3,4,13,106,1,0
202609020211,芝,OP,5,5,13,84,-1,0
202609020211,芝,OP,12,6,13,92,0,0
202609020211,芝,OP,2,7,13,119,0,0
202609020211,芝,OP,13,8,13,98,1,0
202609020211,芝,OP,11,9,13,42,1,0
202609020211,芝,OP,10,10,13,141,0,0
202609020211,芝,OP,8,11,13,76,-1,0
202609020211,芝,OP,4,12,13,154,1,0
202609020211,芝,OP,9,13,13,106,0,0
202609020212,ダ,2勝クラス,10,1,16,35,0,0
202609020212,ダ,2勝クラス,16,2,16,92,3,0
202609020212,ダ,2勝クラス,9,3,16,112,0,0
202609020212,ダ,2勝クラス,5,4,16,77,0,0
202609020212,ダ,2勝クラス,13,5,16,83,1,0
202609020212,ダ,2勝クラス,8,6,16,56,0,0
202609020212,ダ,2勝クラス,12,7,16,120,0,0
202609020212,ダ,2勝クラス,2,8,16,141,2,0
202609020212,ダ,2勝クラス,4,9,16,63,0,0
202609020212,ダ,2勝クラス,11,10,16,43,0,0
202609020212,ダ,2勝クラス,6,11,16,154,0,0
202609020212,ダ,2勝クラス,14,12,16,134,0,0
202609020212,ダ,2勝クラス,1,13,16,175,-1,0
202609020212,ダ,2勝クラス,15,14,16,84,0,0
202609020212,ダ,2勝クラス,7,15,16,140,0,0
202609020212,ダ,2勝クラス,3,16,16,57,-1,0
202609020308,芝,2勝クラス,2,1,9,34,0,0
202609020308,芝,2勝クラス,1,2,9,217,0,0
202609020308,芝,2勝クラス,7,3,9,175,0,0
202609020308,芝,2勝クラス,6,4,9,90,0,0
202609020308,芝,2勝クラス,5,5,9,76,1,0
202609020308,芝,2勝クラス,8,6,9,21,0,0
202609020308,芝,2勝クラス,4,8,9,223,1,0
202609020308,芝,2勝クラス,3,9,9,84,-2,0
202609020310,ダ,OP,5,1,16,84,-1,0
202609020310,ダ,OP,7,2,16,84,2,0
202609020310,ダ,OP,12,3,16,98,-1,0
202609020310,ダ,OP,10,4,16,48,0,0
202609020310,ダ,OP,3,5,16,97,-1,0
202609020310,ダ,OP,15,6,16,147,0,1
202609020310,ダ,OP,9,7,16,152,0,0
202609020310,ダ,OP,11,8,16,104,0,0
202609020310,ダ,OP,6,9,16,118,0,0
202609020310,ダ,OP,13,10,16,160,0,0
202609020310,ダ,OP,1,13,16,182,-2,0
202609020310,ダ,OP,14,14,16,377,-1,0
202609020310,ダ,OP,16,15,16,160,,0
202609020310,ダ,OP,2,16,16,167,1,0
202609020311,芝,重賞,11,2,14,63,2,0
202609020311,芝,重賞,10,3,14,173,1,0
202609020311,芝,重賞,5,4,14,175,0,0
202609020311,芝,重賞,9,6,14,223,0,0
202609020311,芝,重賞,1,7,14,131,0,0
202609020311,芝,重賞,8,8,14,168,0,0
202609020311,芝,重賞,3,9,14,105,0,0
202609020311,芝,重賞,2,10,14,126,0,0
202609020311,芝,重賞,13,14,14,77,0,0
202609020312,ダ,2勝クラス,5,2,15,147,0,0
202609020312,ダ,2勝クラス,3,3,15,82,-2,0
202609020312,ダ,2勝クラス,13,4,15,63,0,0
202609020312,ダ,2勝クラス,4,5,15,112,-1,0
202609020312,ダ,2勝クラス,9,6,15,63,0,0
202609020312,ダ,2勝クラス,7,7,15,119,1,0
202609020312,ダ,2勝クラス,14,8,15,49,3,0
202609020312,ダ,2勝クラス,12,10,15,69,3,0
202609020312,ダ,2勝クラス,8,11,15,76,0,0
202609020312,ダ,2勝クラス,10,12,15,53,-1,0
202609020312,ダ,2勝クラス,15,13,15,48,2,0
202609020312,ダ,2勝クラス,6,15,15,217,0,0
202609020407,ダ,2勝クラス,13,1,15,70,5,0
202609020407,ダ,2勝クラス,3,3,15,77,0,0
202609020407,ダ,2勝クラス,5,5,15,50,-1,0
202609020407,ダ,2勝クラス,1,6,15,113,0,0
202609020407,ダ,2勝クラス,11,7,15,36,0,0
202609020407,ダ,2勝クラス,7,8,15,98,1,0
202609020407,ダ,2勝クラス,14,9,15,113,-1,0
202609020407,ダ,2勝クラス,2,10,15,70,1,0
202609020407,ダ,2勝クラス,15,11,15,70,-2,0
202609020407,ダ,2勝クラス,10,12,15,183,7,0
202609020407,ダ,2勝クラス,9,13,15,71,0,0
202609020407,ダ,2勝クラス,4,14,15,274,-1,0
202609020407,ダ,2勝クラス,12,15,15,372,1,0
202609020408,芝,2勝クラス,4,1,11,29,0,0
202609020408,芝,2勝クラス,3,2,11,49,1,0
202609020408,芝,2勝クラス,1,3,11,281,0,0
202609020408,芝,2勝クラス,9,4,11,42,1,0
202609020408,芝,2勝クラス,10,5,11,70,0,0
202609020408,芝,2勝クラス,2,6,11,127,0,0
202609020408,芝,2勝クラス,6,7,11,43,-2,0
202609020408,芝,2勝クラス,8,8,11,85,2,0
202609020408,芝,2勝クラス,5,9,11,57,0,0
202609020409,ダ,OP,2,3,12,57,-1,0
202609020409,ダ,OP,7,4,12,169,0,0
202609020409,ダ,OP,5,6,12,168,0,0
202609020409,ダ,OP,4,7,12,112,0,0
202609020409,ダ,OP,9,10,12,112,0,0
202609020409,ダ,OP,8,11,12,119,0,0
202609020410,芝,3勝クラス,6,1,18,85,-1,0
202609020410,芝,3勝クラス,2,2,18,190,0,0
202609020410,芝,3勝クラス,13,3,18,330,-1,0
202609020410,芝,3勝クラス,8,4,18,98,0,0
202609020410,芝,3勝クラス,5,5,18,70,0,0
202609020410,芝,3勝クラス,1,6,18,49,-2,0
202609020410,芝,3勝クラス,10,7,18,105,0,0
202609020410,芝,3勝クラス,7,8,18,162,0,0
202609020410,芝,3勝クラス,15,9,18,203,0,0
202609020410,芝,3勝クラス,11,10,18,84,0,0
202609020410,芝,3勝クラス,18,11,18,64,0,0
202609020410,芝,3勝クラス,4,12,18,132,1,0
202609020410,芝,3勝クラス,12,13,18,90,0,0
202609020410,芝,3勝クラス,17,14,18,77,-3,0
202609020410,芝,3勝クラス,16,15,18,120,0,0
202609020410,芝,3勝クラス,3,16,18,98,0,0
202609020410,芝,3勝クラス,9,17,18,105,0,0
202609020410,芝,3勝クラス,14,18,18,155,1,0
202609020411,芝,重賞,15,1,15,182,,0
202609020411,芝,重賞,6,2,15,154,0,0
202609020411,芝,重賞,4,3,15,126,-1,0
202609020411,芝,重賞,14,4,15,91,3,0
202609020411,芝,重賞,3,5,15,126,0,0
202609020411,芝,重賞,12,6,15,133,0,0
202609020411,芝,重賞,9,7,15,126,0,0
202609020411,芝,重賞,11,8,15,287,0,0
202609020411,芝,重賞,10,9,15,182,1,0
202609020411,芝,重賞,5,10,15,161,0,0
202609020411,芝,重賞,2,11,15,120,2,0
202609020411,芝,重賞,1,12,15,70,2,0
202609020411,芝,重賞,13,13,15,70,0,0
202609020411,芝,重賞,8,14,15,134,-3,0
202609020411,芝,重賞,7,15,15,112,3,0
202609020412,ダ,3勝クラス,16,1,16,64,0,0
202609020412,ダ,3勝クラス,5,2,16,84,0,0
202609020412,ダ,3勝クラス,8,3,16,400,-1,0
202609020412,ダ,3勝クラス,4,4,16,99,-4,0
202609020412,ダ,3勝クラス,12,5,16,133,-2,0
202609020412,ダ,3勝クラス,10,6,16,133,0,0
202609020412,ダ,3勝クラス,13,7,16,105,0,0
202609020412,ダ,3勝クラス,14,8,16,90,1,0
202609020412,ダ,3勝クラス,15,9,16,182,1,0
202609020412,ダ,3勝クラス,11,10,16,105,0,0
202609020412,ダ,3勝クラス,1,11,16,78,0,0
202609020412,ダ,3勝クラス,6,12,16,127,-1,0
202609020412,ダ,3勝クラス,9,13,16,105,0,0
202609020412,ダ,3勝クラス,7,14,16,70,-3,0
202609020412,ダ,3勝クラス,3,16,16,162,0,0
202609020509,芝,2勝クラス,1,1,8,48,1,0
202609020509,芝,2勝クラス,4,2,8,138,0,0
202609020509,芝,2勝クラス,2,3,8,202,0,0
202609020509,芝,2勝クラス,7,4,8,70,0,0
202609020509,芝,2勝クラス,3,5,8,83,0,0
202609020509,芝,2勝クラス,5,6,8,89,0,0
202609020509,芝,2勝クラス,8,7,8,63,1,0
202609020509,芝,2勝クラス,6,8,8,132,-1,0
202609020510,芝,OP,10,1,13,153,-1,0
202609020510,芝,OP,7,2,13,126,-3,0
202609020510,芝,OP,1,3,13,105,0,1
202609020510,芝,OP,12,4,13,83,1,0
202609020510,芝,OP,11,5,13,180,-1,0
202609020510,芝,OP,3,6,13,153,2,0
202609020510,芝,OP,5,7,13,119,1,0
202609020510,芝,OP,9,8,13,140,2,0
202609020510,芝,OP,2,9,13,83,-1,0
202609020510,芝,OP,4,10,13,76,-1,0
202609020510,芝,OP,6,11,13,188,1,0
202609020510,芝,OP,8,12,13,132,1,0
202609020510,芝,OP,13,13,13,96,0,0
202609020511,芝,重賞,1,1,10,321,1,0
202609020511,芝,重賞,5,2,10,209,-1,0
202609020511,芝,重賞,3,3,10,60,0,1
202609020511,芝,重賞,7,4,10,77,-1,0
202609020511,芝,重賞,10,5,10,112,0,0
202609020511,芝,重賞,8,6,10,181,-1,0
202609020511,芝,重賞,9,7,10,104,0,1
202609020511,芝,重賞,4,8,10,181,-3,0
202609020511,芝,重賞,2,9,10,195,1,0
202609020511,芝,重賞,6,10,10,237,,0
202609020512,ダ,2勝クラス,1,1,16,56,-2,0
202609020512,ダ,2勝クラス,11,2,16,41,0,0
202609020512,ダ,2勝クラス,6,4,16,60,-1,0
202609020512,ダ,2勝クラス,4,5,16,180,0,0
202609020512,ダ,2勝クラス,12,6,16,55,2,0
202609020512,ダ,2勝クラス,3,7,16,48,2,0
202609020512,ダ,2勝クラス,15,8,16,41,1,0
202609020512,ダ,2勝クラス,13,9,16,60,-2,0
202609020512,ダ,2勝クラス,9,10,16,55,2,0
202609020512,ダ,2勝クラス,5,11,16,147,0,0
202609020512,ダ,2勝クラス,2,12,16,115,0,0
202609020512,ダ,2勝クラス,14,13,16,77,-1,0
202609020512,ダ,2勝クラス,10,14,16,84,-3,0
202609020512,ダ,2勝クラス,8,15,16,76,0,0
202609020512,ダ,2勝クラス,16,16,16,70,0,0
202609020607,芝,2勝クラス,2,1,11,134,0,0
202609020607,芝,2勝クラス,11,2,11,84,0,0
202609020607,芝,2勝クラス,4,3,11,70,0,0
202609020607,芝,2勝クラス,3,4,11,92,1,0
202609020607,芝,2勝クラス,6,5,11,70,0,0
202609020607,芝,2勝クラス,10,6,11,147,-1,0
202609020607,芝,2勝クラス,5,7,11,179,0,0
202609020607,芝,2勝クラス,9,8,11,84,0,0
202609020607,芝,2勝クラス,1,9,11,84,0,0
202609020607,芝,2勝クラス,8,10,11,70,3,0
202609020607,芝,2勝クラス,7,11,11,42,1,0
202609020608,ダ,2勝クラス,1,1,11,92,-5,0
202609020608,ダ,2勝クラス,11,2,11,91,0,0
202609020608,ダ,2勝クラス,8,3,11,112,0,0
202609020608,ダ,2勝クラス,2,4,11,175,-5,0
202609020608,ダ,2勝クラス,6,5,11,113,0,0
202609020608,ダ,2勝クラス,9,6,11,112,-1,0
202609020608,ダ,2勝クラス,10,7,11,43,-1,0
202609020608,ダ,2勝クラス,4,8,11,120,0,0
202609020608,ダ,2勝クラス,3,9,11,57,2,0
202609020608,ダ,2勝クラス,5,10,11,168,-3,0
202609020608,ダ,2勝クラス,7,11,11,77,1,0
202609020609,芝,OP,14,1,14,160,4,0
202609020609,芝,OP,8,4,14,134,0,0
202609020609,芝,OP,4,6,14,113,-2,0
202609020609,芝,OP,12,7,14,155,1,0
202609020609,芝,OP,7,8,14,98,0,0
202609020609,芝,OP,13,10,14,77,0,0
202609020609,芝,OP,3,12,14,90,0,0
202609020609,芝,OP,2,14,14,162,-1,0
202609020610,芝,3勝クラス,2,1,15,105,0,0
202609020610,芝,3勝クラス,7,2,15,106,0,0
202609020610,芝,3勝クラス,5,3,15,189,-1,0
202609020610,芝,3勝クラス,6,4,15,92,-7,0
202609020610,芝,3勝クラス,3,5,15,175,2,0
202609020610,芝,3勝クラス,11,6,15,133,-1,0
202609020610,芝,3勝クラス,14,6,15,77,-1,0
202609020610,芝,3勝クラス,1,8,15,78,0,0
202609020610,芝,3勝クラス,9,9,15,98,5,0
202609020610,芝,3勝クラス,4,10,15,105,-1,0
202609020610,芝,3勝クラス,13,11,15,98,0,0
202609020610,芝,3勝クラス,10,12,15,43,0,0
202609020610,芝,3勝クラス,12,13,15,141,2,0
202609020610,芝,3勝クラス,15,14,15,148,4,0
202609020610,芝,3勝クラス,8,15,15,84,0,0
202609020611,芝,重賞,15,1,18,224,0,0
202609020611,芝,重賞,5,2,18,119,-1,0
202609020611,芝,重賞,11,3,18,112,1,0
202609020611,芝,重賞,6,4,18,64,0,0
202609020611,芝,重賞,7,5,18,119,9,0
202609020611,芝,重賞,10,6,18,57,1,0
202609020611,芝,重賞,2,7,18,91,2,0
202609020611,芝,重賞,4,8,18,61,0,0
202609020611,芝,重賞,14,9,18,133,-1,0
202609020611,芝,重賞,16,10,18,119,1,0
202609020611,芝,重賞,13,11,18,175,0,0
202609020611,芝,重賞,3,12,18,90,-2,0
202609020611,芝,重賞,12,13,18,119,2,0
202609020611,芝,重賞,9,14,18,106,-1,0
202609020611,芝,重賞,17,15,18,162,1,0
202609020611,芝,重賞,18,16,18,85,1,0
202609020611,芝,重賞,1,17,18,231,1,0
202609020611,芝,重賞,8,18,18,85,0,0
202609020612,ダ,3勝クラス,6,1,13,90,0,0
202609020612,ダ,3勝クラス,8,2,13,120,1,0
202609020612,ダ,3勝クラス,13,3,13,78,0,0
202609020612,ダ,3勝クラス,11,4,13,119,0,0
202609020612,ダ,3勝クラス,5,5,13,106,0,0
202609020612,ダ,3勝クラス,2,6,13,78,0,0
202609020612,ダ,3勝クラス,1,7,13,78,-5,0
202609020612,ダ,3勝クラス,3,8,13,42,-7,0
202609020612,ダ,3勝クラス,10,9,13,84,0,1
202609020612,ダ,3勝クラス,9,10,13,119,-1,0
202609020612,ダ,3勝クラス,12,11,13,78,3,0
202609020612,ダ,3勝クラス,4,12,13,119,0,0
202609020612,ダ,3勝クラス,7,13,13,78,0,0
202609020709,ダ,2勝クラス,3,1,14,77,0,0
202609020709,ダ,2勝クラス,4,2,14,49,-1,0
202609020709,ダ,2勝クラス,2,3,14,49,-2,0
202609020709,ダ,2勝クラス,13,6,14,41,1,0
202609020709,ダ,2勝クラス,7,7,14,77,0,0
202609020709,ダ,2勝クラス,11,8,14,97,-1,0
202609020709,ダ,2勝クラス,9,9,14,41,1,0
202609020709,ダ,2勝クラス,10,10,14,55,0,0
202609020709,ダ,2勝クラス,8,11,14,83,-3,0
202609020709,ダ,2勝クラス,6,12,14,160,1,0
202609020709,ダ,2勝クラス,14,13,14,83,-1,0
202609020709,ダ,2勝クラス,5,14,14,55,0,0
202609020710,芝,2勝クラス,7,1,9,119,-1,0
202609020710,芝,2勝クラス,6,2,9,55,1,0
202609020710,芝,2勝クラス,1,3,9,483,0,0
202609020710,芝,2勝クラス,5,4,9,153,0,0
202609020710,芝,2勝クラス,2,5,9,49,0,0
202609020710,芝,2勝クラス,3,7,9,84,-2,0
202609020710,芝,2勝クラス,8,8,9,49,-1,0
202609020710,芝,2勝クラス,9,9,9,119,-1,0
202609020711,ダ,重賞,4,1,16,147,0,0
202609020711,ダ,重賞,2,2,16,96,1,0
202609020711,ダ,重賞,5,3,16,76,0,0
202609020711,ダ,重賞,3,4,16,118,6,0
202609020711,ダ,重賞,8,5,16,83,0,0
202609020711,ダ,重賞,1,6,16,83,1,0
202609020711,ダ,重賞,11,7,16,83,0,0
202609020711,ダ,重賞,14,8,16,202,1,0
202609020711,ダ,重賞,15,9,16,118,0,0
202609020711,ダ,重賞,10,10,16,168,0,0
202609020711,ダ,重賞,7,11,16,49,1,0
202609020711,ダ,重賞,16,12,16,70,0,0
202609020711,ダ,重賞,13,13,16,119,0,0
202609020711,ダ,重賞,12,14,16,83,-1,0
202609020711,ダ,重賞,6,15,16,83,1,0
202609020711,ダ,重賞,9,16,16,182,0,0
202609020809,芝,2勝クラス,2,1,10,49,0,0
202609020809,芝,2勝クラス,10,2,10,92,1,0
202609020809,芝,2勝クラス,4,3,10,84,0,0
202609020809,芝,2勝クラス,6,4,10,50,-1,0
202609020809,芝,2勝クラス,7,5,10,133,0,0
202609020809,芝,2勝クラス,9,5,10,91,5,0
202609020809,芝,2勝クラス,8,7,10,252,0,0
202609020809,芝,2勝クラス,5,9,10,344,1,0
202609020809,芝,2勝クラス,1,10,10,364,3,0
202609020810,ダ,3勝クラス,3,1,13,217,0,0
202609020810,ダ,3勝クラス,10,2,13,112,1,0
202609020810,ダ,3勝クラス,13,3,13,92,-1,0
202609020810,ダ,3勝クラス,9,4,13,71,0,0
202609020810,ダ,3勝クラス,8,5,13,43,0,0
202609020810,ダ,3勝クラス,4,6,13,78,0,0
202609020810,ダ,3勝クラス,12,7,13,81,1,0
202609020810,ダ,3勝クラス,11,8,13,104,0,0
202609020810,ダ,3勝クラス,1,9,13,68,0,0
202609020810,ダ,3勝クラス,5,10,13,22,1,0
202609020810,ダ,3勝クラス,2,11,13,29,0,0
202609020810,ダ,3勝クラス,7,12,13,78,1,0
202609020810,ダ,3勝クラス,6,13,13,162,0,0
202609020811,芝,3勝クラス,5,1,10,68,-3,0
202609020811,芝,3勝クラス,3,2,10,133,0,0
202609020811,芝,3勝クラス,4,3,10,154,0,0
202609020811,芝,3勝クラス,1,4,10,84,-1,0
202609020811,芝,3勝クラス,9,5,10,71,-3,0
202609020811,芝,3勝クラス,2,6,10,68,-1,0
202609020811,芝,3勝クラス,8,7,10,91,1,0
202609020811,芝,3勝クラス,10,8,10,127,0,0
202609020811,芝,3勝クラス,7,9,10,42,-2,0
202609020811,芝,3勝クラス,6,10,10,98,0,0
202609020812,ダ,2勝クラス,1,1,10,161,3,0
202609020812,ダ,2勝クラス,10,2,10,50,4,0
202609020812,ダ,2勝クラス,2,3,10,78,-2,0
202609020812,ダ,2勝クラス,4,4,10,147,1,0
202609020812,ダ,2勝クラス,9,6,10,78,4,0
202609020812,ダ,2勝クラス,5,7,10,113,2,0
202609020812,ダ,2勝クラス,7,8,10,210,-2,0
202609020812,ダ,2勝クラス,8,9,10,91,-3,0
202609020812,ダ,2勝クラス,6,10,10,97,0,0
202609030408,ダ,2勝クラス,7,2,9,106,1,0
202609030408,ダ,2勝クラス,8,4,9,85,1,0
202609030408,ダ,2勝クラス,2,5,9,106,1,0
202609030408,ダ,2勝クラス,4,7,9,92,-5,0
202609030408,ダ,2勝クラス,3,8,9,99,1,0
202609030408,ダ,2勝クラス,9,9,9,106,-3,0
202609030409,芝,2勝クラス,6,1,13,71,1,0
202609030409,芝,2勝クラス,1,2,13,28,0,0
202609030409,芝,2勝クラス,8,4,13,106,0,0
202609030409,芝,2勝クラス,2,5,13,106,-3,0
202609030409,芝,2勝クラス,11,6,13,42,0,0
202609030409,芝,2勝クラス,9,7,13,98,-5,0
202609030409,芝,2勝クラス,4,9,13,42,0,0
202609030409,芝,2勝クラス,5,10,13,126,-1,0
202609030409,芝,2勝クラス,12,11,13,155,0,0
202609030409,芝,2勝クラス,10,12,13,42,0,0
202609030409,芝,2勝クラス,13,13,13,77,0,0
202609030410,芝,3勝クラス,8,1,14,49,0,0
202609030410,芝,3勝クラス,10,2,14,56,1,0
202609030410,芝,3勝クラス,11,3,14,124,0,0
202609030410,芝,3勝クラス,6,4,14,98,3,0
202609030410,芝,3勝クラス,14,5,14,56,0,0
202609030410,芝,3勝クラス,7,6,14,140,0,0
202609030410,芝,3勝クラス,4,7,14,63,1,0
202609030410,芝,3勝クラス,5,8,14,64,0,0
202609030410,芝,3勝クラス,3,9,14,112,0,0
202609030410,芝,3勝クラス,2,10,14,78,-1,0
202609030410,芝,3勝クラス,1,11,14,160,2,0
202609030410,芝,3勝クラス,13,13,14,127,-1,0
202609030410,芝,3勝クラス,12,14,14,147,0,0
202609030411,芝,重賞,16,1,17,168,1,0
202609030411,芝,重賞,5,2,17,70,4,0
202609030411,芝,重賞,1,3,17,168,2,0
202609030411,芝,重賞,9,4,17,168,0,0
202609030411,芝,重賞,8,5,17,70,6,0
202609030411,芝,重賞,7,6,17,147,0,0
202609030411,芝,重賞,17,7,17,210,1,0
202609030411,芝,重賞,10,8,17,119,0,0
202609030411,芝,重賞,2,9,17,224,0,0
202609030411,芝,重賞,12,10,17,140,2,0
202609030411,芝,重賞,11,11,17,119,,0
202609030411,芝,重賞,4,12,17,169,7,0
202609030411,芝,重賞,14,13,17,217,6,0
202609030411,芝,重賞,13,14,17,119,1,0
202609030411,芝,重賞,18,16,17,78,-11,0
202609030411,芝,重賞,3,17,17,749,1,0
202609030412,ダ,3勝クラス,12,1,15,85,0,0
202609030412,ダ,3勝クラス,10,2,15,84,0,0
202609030412,ダ,3勝クラス,1,3,15,98,0,0
202609030412,ダ,3勝クラス,11,4,15,127,2,0
202609030412,ダ,3勝クラス,15,5,15,119,1,0
202609030412,ダ,3勝クラス,13,6,15,175,0,0
202609030412,ダ,3勝クラス,16,8,15,148,-1,0
202609030412,ダ,3勝クラス,5,9,15,99,1,0
202609030412,ダ,3勝クラス,3,10,15,161,2,0
202609030412,ダ,3勝クラス,4,11,15,140,1,0
202609030412,ダ,3勝クラス,8,12,15,106,-2,0
202609030412,ダ,3勝クラス,2,13,15,175,0,0
202609030412,ダ,3勝クラス,9,14,15,64,0,0
202609030412,ダ,3勝クラス,7,15,15,103,3,0
202609030609,芝,2勝クラス,1,2,7,84,0,0
202609030609,芝,2勝クラス,5,3,7,112,1,0
202609030609,芝,2勝クラス,3,4,7,43,2,0
202609030609,芝,2勝クラス,4,5,7,106,0,0
202609030609,芝,2勝クラス,7,6,7,84,0,0
202609030609,芝,2勝クラス,6,7,7,92,0,0
202609030610,ダ,3勝クラス,13,1,16,98,-1,0
202609030610,ダ,3勝クラス,8,2,16,160,-5,0
202609030610,ダ,3勝クラス,7,3,16,196,0,1
202609030610,ダ,3勝クラス,6,4,16,131,3,0
202609030610,ダ,3勝クラス,10,5,16,92,1,0
202609030610,ダ,3勝クラス,9,6,16,119,0,0
202609030610,ダ,3勝クラス,14,7,16,63,5,0
202609030610,ダ,3勝クラス,15,8,16,127,4,0
202609030610,ダ,3勝クラス,2,9,16,98,0,0
202609030610,ダ,3勝クラス,11,10,16,56,-1,0
202609030610,ダ,3勝クラス,1,11,16,112,0,0
202609030610,ダ,3勝クラス,16,12,16,63,8,0
202609030610,ダ,3勝クラス,3,13,16,56,2,0
202609030610,ダ,3勝クラス,5,14,16,148,-2,0
202609030610,ダ,3勝クラス,12,15,16,84,-1,0
202609030611,芝,重賞,10,1,18,131,0,0
202609030611,芝,重賞,7,2,18,168,0,0
202609030611,芝,重賞,11,3,18,182,-1,0
202609030611,芝,重賞,9,4,18,113,0,0
202609030611,芝,重賞,17,5,18,105,0,1
202609030611,芝,重賞,14,6,18,131,-1,0
202609030611,芝,重賞,4,7,18,78,1,0
202609030611,芝,重賞,12,8,18,155,2,0
202609030611,芝,重賞,5,9,18,78,-4,0
202609030611,芝,重賞,13,10,18,99,0,0
202609030611,芝,重賞,2,11,18,105,0,0
202609030611,芝,重賞,18,12,18,148,0,0
202609030611,芝,重賞,16,13,18,91,0,0
202609030611,芝,重賞,8,14,18,112,0,0
202609030611,芝,重賞,15,15,18,119,0,0
202609030611,芝,重賞,1,16,18,105,-3,1
202609030611,芝,重賞,6,17,18,42,0,0
202609030611,芝,重賞,3,18,18,84,-3,0
202609030612,ダ,2勝クラス,12,1,13,162,1,0
202609030612,ダ,2勝クラス,3,2,13,35,1,0
202609030612,ダ,2勝クラス,4,3,13,85,-1,0
202609030612,ダ,2勝クラス,5,4,13,196,-1,0
202609030612,ダ,2勝クラス,13,5,13,77,2,0
202609030612,ダ,2勝クラス,9,6,13,85,4,0
202609030612,ダ,2勝クラス,8,7,13,42,0,0
202609030612,ダ,2勝クラス,10,8,13,196,3,0
202609030612,ダ,2勝クラス,2,9,13,43,-1,0
202609030612,ダ,2勝クラス,1,10,13,133,0,0
202609030612,ダ,2勝クラス,6,11,13,161,-2,0
202609030612,ダ,2勝クラス,7,12,13,274,2,0
202609030612,ダ,2勝クラス,11,13,13,127,-9,0
202610010110,芝,2勝クラス,4,1,8,112,0,0
202610010110,芝,2勝クラス,2,2,8,98,1,0
202610010110,芝,2勝クラス,9,3,8,48,2,0
202610010110,芝,2勝クラス,3,4,8,69,-1,0
202610010110,芝,2勝クラス,1,5,8,160,-4,0
202610010110,芝,2勝クラス,7,7,8,69,7,0
202610010111,芝,重賞,17,1,18,139,0,0
202610010111,芝,重賞,16,2,18,69,-1,0
202610010111,芝,重賞,8,3,18,160,1,0
202610010111,芝,重賞,1,4,18,132,0,0
202610010111,芝,重賞,3,5,18,97,4,0
202610010111,芝,重賞,7,6,18,97,-1,0
202610010111,芝,重賞,9,7,18,174,-1,0
202610010111,芝,重賞,5,8,18,132,0,1
202610010111,芝,重賞,4,9,18,97,-4,0
202610010111,芝,重賞,6,10,18,104,5,0
202610010111,芝,重賞,13,11,18,70,0,0
202610010111,芝,重賞,12,12,18,104,0,0
202610010111,芝,重賞,2,13,18,244,-1,0
202610010111,芝,重賞,11,14,18,216,0,0
202610010111,芝,重賞,15,15,18,161,0,1
202610010111,芝,重賞,14,16,18,174,0,0
202610010111,芝,重賞,18,17,18,182,0,1
202610010111,芝,重賞,10,18,18,34,0,0
202610010210,ダ,2勝クラス,1,1,16,119,0,0
202610010210,ダ,2勝クラス,4,2,16,71,0,0
202610010210,ダ,2勝クラス,3,3,16,168,0,0
202610010210,ダ,2勝クラス,8,4,16,71,0,0
202610010210,ダ,2勝クラス,11,7,16,105,0,0
202610010210,ダ,2勝クラス,5,8,16,84,0,0
202610010210,ダ,2勝クラス,14,9,16,99,-1,0
202610010210,ダ,2勝クラス,6,10,16,127,0,0
202610010210,ダ,2勝クラス,2,12,16,134,-1,0
202610010210,ダ,2勝クラス,10,13,16,77,-2,0
202610010210,ダ,2勝クラス,12,14,16,105,0,0
202610010210,ダ,2勝クラス,9,15,16,62,4,0
202610010211,芝,3勝クラス,3,2,12,162,-1,0
202610010211,芝,3勝クラス,4,3,12,105,-2,1
202610010211,芝,3勝クラス,2,5,12,62,0,0
202610010211,芝,3勝クラス,10,6,12,92,1,0
202610010211,芝,3勝クラス,12,7,12,126,1,0
202610010211,芝,3勝クラス,7,8,12,92,1,0
202610010211,芝,3勝クラス,1,9,12,42,0,0
202610010211,芝,3勝クラス,11,10,12,70,0,0
202610010211,芝,3勝クラス,9,11,12,42,-1,0
202610010211,芝,3勝クラス,8,12,12,70,0,0
202610010309,ダ,2勝クラス,9,1,14,42,0,0
202610010309,ダ,2勝クラス,8,2,14,167,0,0
202610010309,ダ,2勝クラス,12,4,14,90,0,0
202610010309,ダ,2勝クラス,4,5,14,154,0,0
202610010309,ダ,2勝クラス,5,7,14,160,0,0
202610010309,ダ,2勝クラス,1,9,14,167,0,0
202610010309,ダ,2勝クラス,2,10,14,160,0,0
202610010309,ダ,2勝クラス,13,11,14,181,0,0
202610010309,ダ,2勝クラス,10,12,14,126,0,0
202610010310,ダ,2勝クラス,13,2,16,111,2,0
202610010310,ダ,2勝クラス,12,3,16,34,-2,0
202610010310,ダ,2勝クラス,8,5,16,83,1,0
202610010310,ダ,2勝クラス,14,6,16,55,2,0
202610010310,ダ,2勝クラス,5,8,16,97,0,0
202610010310,ダ,2勝クラス,3,10,16,83,-1,0
202610010310,ダ,2勝クラス,2,11,16,41,0,0
202610010310,ダ,2勝クラス,15,13,16,83,-2,0
202610010310,ダ,2勝クラス,1,15,16,63,0,0
202610010310,ダ,2勝クラス,11,16,16,273,1,0
202610010311,芝,3勝クラス,3,1,18,126,0,0
202610010311,芝,3勝クラス,7,2,18,84,-1,0
202610010311,芝,3勝クラス,6,3,18,126,0,0
202610010311,芝,3勝クラス,1,4,18,210,0,1
202610010311,芝,3勝クラス,9,5,18,126,-1,0
202610010311,芝,3勝クラス,14,7,18,140,-2,0
202610010311,芝,3勝クラス,8,8,18,84,1,0
202610010311,芝,3勝クラス,11,9,18,84,2,0
202610010311,芝,3勝クラス,17,10,18,153,6,0
202610010311,芝,3勝クラス,15,11,18,69,-3,0
202610010311,芝,3勝クラス,5,12,18,69,0,0
202610010311,芝,3勝クラス,18,13,18,69,-1,0
202610010311,芝,3勝クラス,4,14,18,84,-1,0
202610010311,芝,3勝クラス,10,15,18,196,-3,0
202610010311,芝,3勝クラス,12,16,18,97,0,0
202610010311,芝,3勝クラス,13,17,18,69,0,0
202610010311,芝,3勝クラス,16,18,18,168,1,1
202610010410,芝,2勝クラス,3,1,15,85,0,0
202610010410,芝,2勝クラス,12,2,15,148,0,0
202610010410,芝,2勝クラス,2,3,15,64,1,0
202610010410,芝,2勝クラス,10,4,15,119,2,0
202610010410,芝,2勝クラス,8,6,15,64,-1,0
202610010410,芝,2勝クラス,7,8,15,175,0,0
202610010410,芝,2勝クラス,1,9,15,57,-1,0
202610010410,芝,2勝クラス,6,10,15,169,0,0
202610010410,芝,2勝クラス,9,11,15,85,2,0
202610010410,芝,2勝クラス,15,12,15,281,1,0
202610010410,芝,2勝クラス,4,13,15,127,-1,0
202610010410,芝,2勝クラス,11,14,15,43,0,0
202610010410,芝,2勝クラス,5,15,15,127,0,0
202610010411,ダ,OP,6,1,15,155,-1,0
202610010411,ダ,OP,13,2,15,71,1,0
202610010411,ダ,OP,3,3,15,56,6,0
202610010411,ダ,OP,11,4,15,134,0,0
202610010411,ダ,OP,4,5,15,134,3,0
202610010411,ダ,OP,10,6,15,197,12,0
202610010411,ダ,OP,7,7,15,112,0,0
202610010411,ダ,OP,1,8,15,98,6,0
202610010411,ダ,OP,12,9,15,78,-3,0
202610010411,ダ,OP,15,10,15,116,1,0
202610010411,ダ,OP,9,11,15,140,1,0
202610010411,ダ,OP,2,12,15,106,0,1
202610010411,ダ,OP,8,13,15,98,0,0
202610010411,ダ,OP,14,14,15,155,-2,0
202610010411,ダ,OP,5,15,15,49,-4,0
202610010510,芝,2勝クラス,12,1,16,145,0,0
202610010510,芝,2勝クラス,14,2,16,63,0,0
202610010510,芝,2勝クラス,1,3,16,104,0,0
202610010510,芝,2勝クラス,8,5,16,188,0,0
202610010510,芝,2勝クラス,7,6,16,168,-3,0
202610010510,芝,2勝クラス,3,7,16,55,0,0
202610010510,芝,2勝クラス,2,10,16,62,0,0
202610010510,芝,2勝クラス,11,11,16,105,1,0
202610010510,芝,2勝クラス,16,12,16,117,-1,0
202610010510,芝,2勝クラス,13,13,16,196,-7,0
202610010510,芝,2勝クラス,4,15,16,69,-1,0
202610010510,芝,2勝クラス,15,16,16,90,0,0
202610010511,ダ,3勝クラス,15,1,16,90,3,1
202610010511,ダ,3勝クラス,10,3,16,140,0,0
202610010511,ダ,3勝クラス,16,5,16,83,0,0
202610010511,ダ,3勝クラス,12,7,16,26,3,0
202610010511,ダ,3勝クラス,5,8,16,33,2,0
202610010511,ダ,3勝クラス,9,10,16,69,0,0
202610010511,ダ,3勝クラス,2,11,16,62,-1,0
202610010511,ダ,3勝クラス,1,12,16,118,0,0
202610010511,ダ,3勝クラス,13,13,16,118,1,0
202610010511,ダ,3勝クラス,7,14,16,56,0,0
202610010511,ダ,3勝クラス,14,15,16,76,1,0
202610010511,ダ,3勝クラス,11,16,16,265,1,0
202610010610,ダ,2勝クラス,8,1,15,91,0,0
202610010610,ダ,2勝クラス,12,3,15,85,0,0
202610010610,ダ,2勝クラス,2,4,15,64,0,0
202610010610,ダ,2勝クラス,3,5,15,85,0,0
202610010610,ダ,2勝クラス,7,7,15,168,2,0
202610010610,ダ,2勝クラス,13,8,15,77,0,0
202610010610,ダ,2勝クラス,9,9,15,84,0,0
202610010610,ダ,2勝クラス,5,10,15,568,1,0
202610010610,ダ,2勝クラス,15,11,15,322,0,0
202610010610,ダ,2勝クラス,11,12,15,182,-2,0
202610010610,ダ,2勝クラス,4,14,15,155,1,0
202610010610,ダ,2勝クラス,16,15,15,217,3,0
202610010611,芝,OP,10,1,12,189,0,0
202610010611,芝,OP,12,2,12,106,0,0
202610010611,芝,OP,3,4,12,162,0,0
202610010611,芝,OP,7,5,12,126,2,0
202610010611,芝,OP,6,6,12,49,0,0
202610010611,芝,OP,5,7,12,84,0,0
202610010611,芝,OP,9,8,12,183,0,0
202610010611,芝,OP,2,9,12,182,0,0
202610010611,芝,OP,8,10,12,57,1,1
202610010611,芝,OP,1,11,12,85,0,0
202610010710,ダ,2勝クラス,4,2,14,91,0,0
202610010710,ダ,2勝クラス,13,3,14,77,0,0
202610010710,ダ,2勝クラス,1,4,14,20,0,0
202610010710,ダ,2勝クラス,8,5,14,84,2,0
202610010710,ダ,2勝クラス,14,7,14,56,0,0
202610010710,ダ,2勝クラス,5,8,14,41,0,0
202610010710,ダ,2勝クラス,3,9,14,202,0,0
202610010710,ダ,2勝クラス,12,11,14,118,0,0
202610010710,ダ,2勝クラス,6,12,14,84,1,0
202610010710,ダ,2勝クラス,7,13,14,167,0,0
202610010710,ダ,2勝クラス,11,14,14,175,0,0
202610010711,芝,3勝クラス,16,1,18,98,0,0
202610010711,芝,3勝クラス,2,2,18,35,0,0
202610010711,芝,3勝クラス,8,3,18,83,0,0
202610010711,芝,3勝クラス,15,4,18,69,-2,0
202610010711,芝,3勝クラス,10,5,18,91,-2,0
202610010711,芝,3勝クラス,12,6,18,69,0,0
202610010711,芝,3勝クラス,6,7,18,69,-2,0
202610010711,芝,3勝クラス,18,8,18,132,0,0
202610010711,芝,3勝クラス,13,9,18,119,1,0
202610010711,芝,3勝クラス,11,10,18,98,2,0
202610010711,芝,3勝クラス,9,11,18,133,-2,0
202610010711,芝,3勝クラス,7,12,18,62,0,0
202610010711,芝,3勝クラス,14,13,18,91,1,0
202610010711,芝,3勝クラス,17,14,18,40,1,0
202610010711,芝,3勝クラス,1,15,18,62,0,0
202610010711,芝,3勝クラス,4,16,18,69,1,0
202610010711,芝,3勝クラス,3,17,18,140,0,0
202610010711,芝,3勝クラス,5,18,18,224,0,0
202610010809,芝,2勝クラス,6,1,7,134,-1,0
202610010809,芝,2勝クラス,3,2,7,64,1,0
202610010809,芝,2勝クラス,1,3,7,85,-1,0
202610010809,芝,2勝クラス,7,4,7,41,0,0
202610010809,芝,2勝クラス,5,5,7,148,1,0
202610010809,芝,2勝クラス,2,6,7,56,1,0
202610010809,芝,2勝クラス,4,7,7,56,0,0
202610010810,芝,2勝クラス,16,1,18,98,-1,0
202610010810,芝,2勝クラス,11,2,18,162,0,0
202610010810,芝,2勝クラス,14,3,18,78,0,0
202610010810,芝,2勝クラス,9,4,18,99,0,0
202610010810,芝,2勝クラス,7,5,18,78,-1,0
202610010810,芝,2勝クラス,1,6,18,35,0,0
202610010810,芝,2勝クラス,13,7,18,50,0,0
202610010810,芝,2勝クラス,5,9,18,153,0,0
202610010810,芝,2勝クラス,12,10,18,189,0,0
202610010810,芝,2勝クラス,17,11,18,57,-1,0
202610010810,芝,2勝クラス,4,14,18,168,-1,0
202610010810,芝,2勝クラス,6,16,18,162,0,0
202610010810,芝,2勝クラス,3,17,18,133,0,0
202610010811,芝,OP,7,1,18,98,0,0
202610010811,芝,OP,13,2,18,98,1,0
202610010811,芝,OP,1,3,18,112,,0
202610010811,芝,OP,6,4,18,98,-1,0
202610010811,芝,OP,15,5,18,70,0,0
202610010811,芝,OP,18,6,18,134,0,0
202610010811,芝,OP,5,7,18,98,-1,0
202610010811,芝,OP,17,8,18,134,3,0
202610010811,芝,OP,14,10,18,175,-1,0
202610010811,芝,OP,8,11,18,189,0,0
202610010811,芝,OP,16,13,18,98,0,0
202610010811,芝,OP,4,14,18,98,2,0
202610010811,芝,OP,11,16,18,70,1,0
202610010811,芝,OP,2,17,18,78,-1,1
202610010811,芝,OP,12,18,18,125,2,0
202610010910,芝,2勝クラス,9,1,16,76,1,0
202610010910,芝,2勝クラス,7,4,16,97,-1,0
202610010910,芝,2勝クラス,14,6,16,83,0,0
202610010910,芝,2勝クラス,16,7,16,97,-1,0
202610010910,芝,2勝クラス,13,8,16,146,1,0
202610010910,芝,2勝クラス,12,9,16,391,0,0
202610010910,芝,2勝クラス,8,10,16,40,1,0
202610010910,芝,2勝クラス,2,12,16,76,1,0
202610010910,芝,2勝クラス,5,14,16,55,-4,0
202610010910,芝,2勝クラス,6,15,16,97,3,0
202610010910,芝,2勝クラス,3,16,16,203,-2,0
202610010911,ダ,3勝クラス,6,1,13,47,0,1
202610010911,ダ,3勝クラス,9,2,13,90,-1,0
202610010911,ダ,3勝クラス,3,3,13,28,-3,0
202610010911,ダ,3勝クラス,5,4,13,89,-1,0
202610010911,ダ,3勝クラス,12,5,13,27,1,1
202610010911,ダ,3勝クラス,7,6,13,89,1,0
202610010911,ダ,3勝クラス,10,7,13,133,-10,0
202610010911,ダ,3勝クラス,8,8,13,90,3,0
202610010911,ダ,3勝クラス,1,9,13,118,0,1
202610010911,ダ,3勝クラス,11,10,13,104,0,0
202610010911,ダ,3勝クラス,13,11,13,89,6,0
202610010911,ダ,3勝クラス,4,12,13,69,0,0
202610010911,ダ,3勝クラス,2,13,13,118,0,1
202610011010,ダ,2勝クラス,9,1,16,71,2,0
202610011010,ダ,2勝クラス,15,2,16,140,1,0
202610011010,ダ,2勝クラス,11,3,16,148,1,0
202610011010,ダ,2勝クラス,13,4,16,92,1,0
202610011010,ダ,2勝クラス,10,5,16,28,2,0
202610011010,ダ,2勝クラス,8,6,16,126,1,0
202610011010,ダ,2勝クラス,16,7,16,126,-1,0
202610011010,ダ,2勝クラス,14,8,16,224,2,0
202610011010,ダ,2勝クラス,6,9,16,35,5,0
202610011010,ダ,2勝クラス,4,10,16,176,1,0
202610011010,ダ,2勝クラス,7,11,16,105,0,0
202610011010,ダ,2勝クラス,3,12,16,64,0,0
202610011010,ダ,2勝クラス,1,13,16,35,6,0
202610011010,ダ,2勝クラス,12,14,16,119,2,0
202610011010,ダ,2勝クラス,5,15,16,63,-1,0
202610011010,ダ,2勝クラス,2,16,16,49,0,0
202610011011,芝,重賞,16,1,16,70,3,1
202610011011,芝,重賞,10,2,16,189,1,0
202610011011,芝,重賞,4,3,16,71,4,0
202610011011,芝,重賞,9,4,16,120,0,0
202610011011,芝,重賞,7,5,16,41,0,0
202610011011,芝,重賞,15,6,16,92,-3,0
202610011011,芝,重賞,13,7,16,98,2,0
202610011011,芝,重賞,3,8,16,112,0,0
202610011011,芝,重賞,6,9,16,92,3,0
202610011011,芝,重賞,8,10,16,49,0,0
202610011011,芝,重賞,14,12,16,204,0,1
202610011011,芝,重賞,2,13,16,147,0,0
202610011011,芝,重賞,12,14,16,120,1,0
202610011011,芝,重賞,1,15,16,85,0,0
202610011011,芝,重賞,5,16,16,112,2,0
202610011110,ダ,2勝クラス,14,1,16,83,-1,0
202610011110,ダ,2勝クラス,12,2,16,118,0,0
202610011110,ダ,2勝クラス,4,3,16,83,-1,0
202610011110,ダ,2勝クラス,9,4,16,77,0,0
202610011110,ダ,2勝クラス,3,6,16,119,0,0
202610011110,ダ,2勝クラス,10,7,16,195,1,0
202610011110,ダ,2勝クラス,16,9,16,83,-2,0
202610011110,ダ,2勝クラス,7,10,16,111,0,0
202610011110,ダ,2勝クラス,15,11,16,125,0,0
202610011110,ダ,2勝クラス,11,12,16,153,0,0
202610011110,ダ,2勝クラス,1,13,16,98,-1,0
202610011110,ダ,2勝クラス,2,16,16,132,0,0
202610011111,芝,2勝クラス,9,1,15,119,0,0
202610011111,芝,2勝クラス,12,2,15,104,2,0
202610011111,芝,2勝クラス,7,3,15,54,-1,0
202610011111,芝,2勝クラス,15,5,15,96,-1,0
202610011111,芝,2勝クラス,13,7,15,167,1,0
202610011111,芝,2勝クラス,6,9,15,69,-1,0
202610011111,芝,2勝クラス,5,10,15,77,1,0
202610011111,芝,2勝クラス,11,11,15,76,6,0
202610011111,芝,2勝クラス,10,12,15,398,-3,0
202610011111,芝,2勝クラス,2,13,15,202,0,0
202610011111,芝,2勝クラス,4,15,15,119,1,0
202610011210,芝,2勝クラス,16,1,18,105,-1,0
202610011210,芝,2勝クラス,13,2,18,126,2,0
202610011210,芝,2勝クラス,1,4,18,35,0,0
202610011210,芝,2勝クラス,14,6,18,92,2,0
202610011210,芝,2勝クラス,17,9,18,113,0,0
202610011210,芝,2勝クラス,9,11,18,50,0,0
202610011210,芝,2勝クラス,12,12,18,155,0,0
202610011210,芝,2勝クラス,18,13,18,63,0,0
202610011210,芝,2勝クラス,11,14,18,29,0,0
202610011210,芝,2勝クラス,4,18,18,133,0,0
202610011211,芝,3勝クラス,8,1,17,77,2,1
202610011211,芝,3勝クラス,10,2,17,112,0,0
202610011211,芝,3勝クラス,11,3,17,99,0,0
202610011211,芝,3勝クラス,16,4,17,91,0,0
202610011211,芝,3勝クラス,9,5,17,98,2,0
202610011211,芝,3勝クラス,4,6,17,211,0,0
202610011211,芝,3勝クラス,5,7,17,147,0,0
202610011211,芝,3勝クラス,17,8,17,127,0,0
202610011211,芝,3勝クラス,3,9,17,35,-1,0
202610011211,芝,3勝クラス,7,10,17,36,0,0
202610011211,芝,3勝クラス,6,11,17,91,0,0
202610011211,芝,3勝クラス,14,12,17,98,0,0
202610011211,芝,3勝クラス,1,13,17,63,-1,0
202610011211,芝,3勝クラス,13,14,17,112,0,0
202610011211,芝,3勝クラス,15,15,17,98,0,0
202610011211,芝,3勝クラス,2,16,17,218,0,0
