rid,cls,偏差値
202403030101,未勝利,49.64335725251737
202403030102,未勝利,48.25508495135932
202403030103,未勝利,47.957962726069674
202403030104,1勝クラス,48.53528003915229
202403030106,1勝クラス,45.09314224060161
202403030107,1勝クラス,48.34643904398404
202403030108,1勝クラス,47.082580195133
202403030109,1勝クラス,43.61959773965347
202403030110,2勝クラス,55.73414246157834
202403030111,3勝クラス,53.71864705519557
202403030112,1勝クラス,45.079193868358004
202403030201,未勝利,45.56157306330712
202403030202,未勝利,41.7303269708477
202403030203,1勝クラス,46.466632206606405
202403030207,1勝クラス,44.738832921601585
202403030208,1勝クラス,46.68891551174535
202403030209,1勝クラス,50.977739571450556
202403030210,2勝クラス,54.54656645195129
202403030211,OP,63.06211042524567
202403030212,1勝クラス,43.69942172680213
202403030301,未勝利,45.136942506370005
202403030302,未勝利,43.399413764093424
202403030303,未勝利,40.9332555160379
202403030304,1勝クラス,43.19023140725815
202403030306,1勝クラス,41.7711894257646
202403030307,1勝クラス,44.178252060105
202403030308,1勝クラス,42.53701026048551
202403030309,1勝クラス,49.321975545188884
202403030310,2勝クラス,53.37516518244038
202403030311,3勝クラス,66.44170904129003
202403030312,1勝クラス,44.91118137930717
202403030401,1勝クラス,46.83244373412216
202403030402,未勝利,43.36912082213078
202403030403,1勝クラス,48.91678580270583
202403030407,1勝クラス,45.133621317844714
202403030408,1勝クラス,47.23852986189348
202403030409,OP,56.02217644514389
202403030410,2勝クラス,57.44123085890115
202403030411,重賞,61.9268211688049
202403030412,1勝クラス,45.10034930146867
202403030501,1勝クラス,44.4397567238587
202403030502,未勝利,50.4807620930236
202403030503,未勝利,44.605567638402924
202403030506,1勝クラス,45.800912683143075
202403030507,未勝利,43.88905957075151
202403030508,1勝クラス,41.365874635487856
202403030509,1勝クラス,47.29392253450484
202403030510,2勝クラス,57.257214848496616
202403030511,3勝クラス,59.97860790236548
202403030512,1勝クラス,41.238746705103715
202403030601,未勝利,47.22621387397796
202403030602,1勝クラス,43.10242875120512
202403030603,1勝クラス,47.73428929487533
202403030606,未勝利,47.573343139014625
202403030607,1勝クラス,41.80790318362689
202403030608,1勝クラス,50.29348230774076
202403030609,1勝クラス,46.200925190716134
202403030610,2勝クラス,55.70953924318523
202403030611,OP,66.95389017413473
202403030612,1勝クラス,44.87807345127723
202404040102,未勝利,48.65108005851971
202404040103,1勝クラス,42.947066853513746
202404040106,未勝利,42.78421804843763
202404040107,1勝クラス,45.946378827763056
202404040108,1勝クラス,47.839244448717366
202404040109,1勝クラス,49.888302043054004
202404040110,1勝クラス,46.00645386148278
202404040111,2勝クラス,59.190646733633095
202404040112,1勝クラス,41.2443813234638
202404040201,未勝利,46.354433605272014
202404040202,未勝利,45.81826903770258
202404040203,1勝クラス,53.50099357756064
202404040206,未勝利,42.12585260917254
202404040207,1勝クラス,44.75465248808221
202404040208,1勝クラス,51.42231641083533
202404040209,1勝クラス,45.17815975684739
202404040210,2勝クラス,54.0186175252587
202404040211,3勝クラス,56.666194819677386
202404040212,1勝クラス,47.96326259410981
202404040302,未勝利,43.811860118657414
202404040303,1勝クラス,42.71111873268904
202404040306,未勝利,49.49812004203824
202404040307,1勝クラス,46.75269006600086
202404040308,1勝クラス,52.35870492142154
202404040309,1勝クラス,44.54721871858204
202404040310,1勝クラス,51.491228940221184
202404040311,2勝クラス,51.74557789799833
202404040312,1勝クラス,51.297180599249174
202404040401,未勝利,43.808000093206545
202404040402,未勝利,44.18694188470084
202404040403,未勝利,39.92032164115583
202404040404,1勝クラス,48.58845560592487
202404040406,1勝クラス,41.28333698978379
202404040407,1勝クラス,48.156025324960446
202404040408,1勝クラス,49.778720274620106
202404040409,1勝クラス,42.56148200030463
202404040410,2勝クラス,59.56774669906811
202404040411,OP,65.1414078906818
202404040412,1勝クラス,53.11140005594791
202404040502,未勝利,60.28684988945842
202404040503,未勝利,43.33371682604449
202404040505,未勝利,35.37888949260622
202404040506,1勝クラス,47.246204422784245
202404040507,1勝クラス,48.740644944940286
202404040508,1勝クラス,48.789780477388526
202404040509,1勝クラス,50.08738467673181
202404040510,2勝クラス,61.33735564742376
202404040511,3勝クラス,59.43309308825667
202404040512,1勝クラス,45.87985911077541
202404040601,未勝利,47.26571645569337
202404040602,未勝利,53.15955968434052
202404040603,1勝クラス,46.76364059311683
202404040606,1勝クラス,48.99127429259753
202404040607,1勝クラス,45.83750767298898
202404040608,1勝クラス,35.159477800653114
202404040609,1勝クラス,50.39206546906321
202404040610,2勝クラス,52.84412181426225
202404040611,OP,63.26950195834335
202404040612,1勝クラス,48.25157410775929
202404040702,未勝利,47.553665079543265
202404040703,1勝クラス,50.840598867522914
202404040706,未勝利,48.924834334072585
202404040707,1勝クラス,52.06781264347088
202404040708,1勝クラス,49.67878021076017
202404040709,1勝クラス,46.577620395233865
202404040710,2勝クラス,59.196395724277195
202404040711,3勝クラス,57.79170914213714
202404040712,1勝クラス,41.40446497818402
202404040801,未勝利,46.23171452607171
202404040802,未勝利,43.695694066959646
202404040803,1勝クラス,46.80680941073823
202404040805,未勝利,46.998051938591715
202404040806,1勝クラス,40.91883261017569
202404040807,1勝クラス,44.29126485147093
202404040808,1勝クラス,43.80017253196901
202404040809,1勝クラス,47.30374464017394
202404040810,2勝クラス,54.14539315676572
202404040811,OP,57.62067785735795
202404040812,1勝クラス,51.87169169774393
202405040101,未勝利,41.9289544010862
202405040102,未勝利,44.56180556023017
202405040103,未勝利,48.3406592313169
202405040106,1勝クラス,55.97282121780087
202405040107,1勝クラス,52.76823979601033
202405040108,1勝クラス,45.57092130481866
202405040109,2勝クラス,61.84451816939503
202405040110,3勝クラス,61.70899897060521
202405040111,重賞,56.4260145265044
202405040112,2勝クラス,59.80044212430896
202405040201,未勝利,41.35636944794298
202405040202,未勝利,53.94059519194692
202405040206,1勝クラス,44.53088222382159
202405040207,1勝クラス,53.70837434121003
202405040208,2勝クラス,56.2124727846337
202405040209,3勝クラス,68.85529205783817
202405040210,OP,62.265778488558794
202405040211,重賞,71.9515711535643
202405040212,2勝クラス,50.78160901955209
202405040301,未勝利,41.72382802928876
202405040302,未勝利,47.19953330977263
202405040303,未勝利,51.96887211880806
202405040306,1勝クラス,51.123196970201334
202405040307,1勝クラス,47.78978965798234
202405040308,2勝クラス,57.92886190536772
202405040310,3勝クラス,52.07690315301902
202405040311,OP,63.41311943138783
202405040312,2勝クラス,55.774906284674245
202405040401,未勝利,45.9583636271302
202405040402,未勝利,44.84780682927064
202405040403,未勝利,38.365424415673445
202405040406,1勝クラス,46.60587432946883
202405040407,2勝クラス,47.931515553467975
202405040408,1勝クラス,38.77812045253788
202405040409,1勝クラス,54.42224494345795
202405040410,3勝クラス,55.40971270585863
202405040411,重賞,69.09758638166673
202405040412,2勝クラス,56.29342212182476
202405040501,未勝利,43.875970425150406
202405040502,未勝利,48.17313719707621
202405040503,未勝利,48.19497020736775
202405040507,1勝クラス,43.29535320636439
202405040508,2勝クラス,53.9729575504144
202405040509,OP,60.94924272180994
202405040510,3勝クラス,61.874143781051856
202405040511,重賞,69.48181706827039
202405040512,1勝クラス,52.13299268912474
202405040601,未勝利,45.68535897012862
202405040602,未勝利,41.855030322754
202405040603,未勝利,48.29545703649587
202405040606,1勝クラス,52.26179828815924
202405040607,1勝クラス,41.209644174147535
202405040608,1勝クラス,49.876906707492886
202405040609,2勝クラス,63.254359834609666
202405040610,3勝クラス,64.86867726381297
202405040611,OP,70.1996646930113
202405040612,2勝クラス,57.43499425684964
202405040701,未勝利,51.01671102122187
202405040702,未勝利,44.855925214974306
202405040703,未勝利,45.574033789982686
202405040706,1勝クラス,56.7303318736737
202405040707,1勝クラス,46.4856398372419
202405040708,1勝クラス,52.25144046832418
202405040709,2勝クラス,55.128110562863974
202405040710,3勝クラス,61.05130544251337
202405040711,重賞,62.01166111035661
202405040712,2勝クラス,57.545861336824316
202405040801,未勝利,49.098075543707196
202405040802,未勝利,45.753273017930894
202405040803,未勝利,46.98122716661932
202405040806,1勝クラス,46.492516058825075
202405040807,1勝クラス,41.85809141595
202405040808,2勝クラス,57.941925688244424
202405040809,2勝クラス,57.141504940902266
202405040810,3勝クラス,61.12467996941868
202405040811,重賞,79.16566623940423
202405040812,OP,65.29503339127224
202405050101,未勝利,44.52966903816278
202405050102,未勝利,46.75926718721623
202405050103,未勝利,42.1516628793523
202405050104,未勝利,46.12960458355542
202405050107,1勝クラス,50.94747689658384
202405050109,2勝クラス,60.2586166211473
202405050110,3勝クラス,58.49008727940314
202405050111,重賞,62.381161859040134
202405050112,2勝クラス,56.79208785600368
202405050201,未勝利,43.439954181808034
202405050202,未勝利,49.50654168292155
202405050203,未勝利,47.49441219710663
202405050206,1勝クラス,42.975811122240394
202405050207,1勝クラス,45.022052151372975
202405050208,2勝クラス,53.89577717509397
202405050209,1勝クラス,55.23829407529264
202405050210,3勝クラス,72.70401033618785
202405050211,重賞,68.26578575940516
202405050212,2勝クラス,54.7385561324056
202405050301,未勝利,46.11475827066065
202405050302,未勝利,40.77125362049426
202405050303,未勝利,45.08204174675592
202405050304,未勝利,47.58985848090715
202405050307,1勝クラス,42.99039454610547
202405050308,2勝クラス,57.04978126595347
202405050309,1勝クラス,58.19370526604444
202405050310,3勝クラス,56.97329517930353
202405050311,重賞,75.8884031965684
202405050312,2勝クラス,57.198526375705555
202405050401,未勝利,46.807855886237675
202405050402,未勝利,46.68869000897193
202405050403,未勝利,45.63855519119976
202405050406,1勝クラス,45.16180627182476
202405050407,2勝クラス,52.37146167050505
202405050408,2勝クラス,59.12189767861752
202405050409,3勝クラス,62.198518062357536
202405050410,3勝クラス,64.81752503004765
202405050411,OP,62.975884077292804
202405050412,1勝クラス,48.467272279393974
202405050501,未勝利,48.81096009087366
202405050502,未勝利,44.47591677769865
202405050503,未勝利,46.7023865828518
202405050506,1勝クラス,53.03663542329805
202405050507,1勝クラス,45.878452559067306
202405050508,2勝クラス,56.14266939724232
202405050509,2勝クラス,56.66554068689799
202405050510,3勝クラス,73.23460363053456
202405050511,重賞,57.36787010832731
202405050512,1勝クラス,44.3004990344167
202405050601,未勝利,47.336513380033765
202405050602,未勝利,44.74296437458648
202405050603,未勝利,43.813488758678254
202405050606,1勝クラス,50.86974235696651
202405050607,1勝クラス,38.7579077240347
202405050608,1勝クラス,58.46335117536326
202405050609,2勝クラス,57.95237370835311
202405050610,3勝クラス,60.40353368334022
202405050611,OP,67.09074644658124
202405050612,2勝クラス,52.24955306249363
202405050701,未勝利,43.90747329165741
202405050702,未勝利,49.16166539066491
202405050703,未勝利,48.280803281939896
202405050706,1勝クラス,49.40527582023085
202405050707,1勝クラス,49.230443865956595
202405050708,2勝クラス,59.56414624322848
202405050709,OP,56.86265693398281
202405050710,3勝クラス,71.2035339006449
202405050711,OP,69.5438053120248
202405050712,2勝クラス,55.34787410095467
202405050801,未勝利,46.34109760050037
202405050802,未勝利,44.66297303433303
202405050803,未勝利,55.241864361537914
202405050804,未勝利,44.46978407348406
202405050807,1勝クラス,48.84710907008413
202405050808,1勝クラス,56.195066340782034
202405050809,2勝クラス,59.92452939275174
202405050810,2勝クラス,59.20301512974776
202405050811,3勝クラス,65.31632007156757
202405050812,重賞,81.45352739980565
202406050101,未勝利,43.25853668702537
202406050102,未勝利,45.872062904000295
202406050103,未勝利,43.592081752983546
202406050104,未勝利,44.469557039096884
202406050107,1勝クラス,45.912574494428505
202406050109,1勝クラス,59.19165368720006
202406050110,2勝クラス,58.96213044358552
202406050111,重賞,67.57043811678827
202406050112,2勝クラス,51.87428118321108
202406050201,未勝利,40.59253311041697
202406050202,未勝利,43.53805064837689
202406050203,未勝利,47.02029678401347
202406050206,1勝クラス,54.496025007557215
202406050207,1勝クラス,48.18745850680226
202406050208,2勝クラス,55.08681835213066
202406050209,3勝クラス,56.71416848393268
202406050210,3勝クラス,64.62231644166127
202406050211,OP,68.16905817086763
202406050212,2勝クラス,55.976828574375936
202406050301,未勝利,41.7496660740044
202406050302,未勝利,47.09058438198638
202406050303,未勝利,41.87124970505623
202406050304,未勝利,49.97785204251348
202406050307,1勝クラス,42.528233583951334
202406050308,1勝クラス,47.24336477070578
202406050309,1勝クラス,56.83243755459204
202406050310,3勝クラス,60.28247857968208
202406050311,3勝クラス,60.37258920298347
202406050312,2勝クラス,60.86245616454008
202406050401,未勝利,42.92658538286474
202406050402,未勝利,44.455666358098064
202406050403,未勝利,47.22495867477031
202406050407,1勝クラス,58.1839642608069
202406050408,1勝クラス,41.35065749808008
202406050409,2勝クラス,50.87945898833948
202406050410,OP,77.9148148391549
202406050411,重賞,77.00054195233412
202406050412,2勝クラス,54.589169924102414
202406050501,未勝利,48.956632960923045
202406050502,未勝利,44.09921104836539
202406050503,未勝利,43.0721626721198
202406050504,未勝利,44.43819453194826
202406050507,未勝利,47.32578025887557
202406050508,1勝クラス,46.22910406537339
202406050509,1勝クラス,55.931530776876016
202406050510,2勝クラス,52.85010768626314
202406050511,重賞,70.807761856904
202406050512,2勝クラス,55.704238727463455
202406050601,未勝利,43.91838823289102
202406050602,未勝利,45.75068246300918
202406050603,未勝利,44.70162469135542
202406050607,未勝利,45.662934151716
202406050608,1勝クラス,37.41159366219808
202406050609,2勝クラス,58.319784376192594
202406050610,3勝クラス,70.6548925471299
202406050611,OP,67.87909188943118
202406050612,1勝クラス,44.888074381028225
202406050701,未勝利,45.22649002838014
202406050702,未勝利,48.46490763835315
202406050703,未勝利,45.64830028992664
202406050704,未勝利,44.284237494166355
202406050707,1勝クラス,54.49855657148888
202406050708,1勝クラス,41.33978185048025
202406050709,1勝クラス,43.25622043173218
202406050711,3勝クラス,59.96300766812838
202406050712,2勝クラス,52.09878737517675
202406050801,未勝利,44.85848615555967
202406050802,未勝利,49.76523469625551
202406050803,未勝利,44.91585684535764
202406050804,未勝利,44.42694677758181
202406050807,1勝クラス,49.95415953705087
202406050808,2勝クラス,55.63899547175003
202406050809,2勝クラス,55.596181646070235
202406050810,2勝クラス,52.88604861255474
202406050811,重賞,79.22978518633576
202406050812,3勝クラス,60.609079562262295
202406050901,未勝利,47.01838624890199
202406050902,未勝利,46.81166726433332
202406050903,未勝利,46.78857394995184
202406050904,未勝利,45.52921394422527
202406050907,1勝クラス,48.7669570962966
202406050908,1勝クラス,45.456635514301986
202406050909,2勝クラス,54.30068356248936
202406050910,2勝クラス,62.17055582984233
202406050911,重賞,65.50502910241096
202406050912,3勝クラス,61.853532134188356
202407040101,未勝利,44.01641361389575
202407040102,1勝クラス,41.79819696550932
202407040103,1勝クラス,46.03147155301093
202407040104,未勝利,46.670183884756256
202407040106,1勝クラス,43.24934631948507
202407040107,1勝クラス,45.03746048131163
202407040108,1勝クラス,45.66460174518073
202407040109,2勝クラス,59.37241162890493
202407040110,2勝クラス,50.3020070118282
202407040111,3勝クラス,61.13281874291978
202407040112,1勝クラス,44.9165662917253
202407040201,未勝利,44.81302367828773
202407040202,1勝クラス,43.40788244353169
202407040203,1勝クラス,44.412878866083304
202407040204,未勝利,41.9314496200565
202407040205,未勝利,44.06271836753169
202407040206,1勝クラス,40.34284908472109
202407040207,1勝クラス,41.15522045344177
202407040208,1勝クラス,43.869391556802704
202407040209,1勝クラス,62.81242422748171
202407040210,2勝クラス,55.23731190458829
202407040211,重賞,86.22508072638138
202407040212,1勝クラス,42.65461601993428
202407040301,未勝利,45.34096172942166
202407040302,1勝クラス,42.074534662225965
202407040303,1勝クラス,45.66362259657242
202407040304,未勝利,42.87069899845255
202407040306,1勝クラス,49.457706948370266
202407040307,1勝クラス,42.11932088048574
202407040308,1勝クラス,45.220454523683514
202407040309,1勝クラス,60.08951951182401
202407040310,2勝クラス,58.90094229922242
202407040311,重賞,73.05812931899081
202407040312,1勝クラス,44.14361828878599
202407040401,未勝利,43.22514580387032
202407040402,未勝利,41.49772809088736
202407040403,1勝クラス,40.27631469805583
202407040404,未勝利,41.1438966868014
202407040406,1勝クラス,46.60034934512687
202407040407,1勝クラス,46.97294545996904
202407040408,1勝クラス,41.01452771102614
202407040409,1勝クラス,48.660138707558886
202407040410,2勝クラス,56.11597274508182
202407040411,3勝クラス,55.41450379698641
202407040412,1勝クラス,41.79624911543748
202407040501,未勝利,48.6762050331258
202407040502,1勝クラス,47.963321397984885
202407040503,1勝クラス,41.90494698213382
202407040504,未勝利,48.47641131022304
202407040505,未勝利,43.99909591337699
202407040506,1勝クラス,47.109273157761194
202407040507,1勝クラス,43.802928534611404
202407040508,1勝クラス,43.50165957218298
202407040509,OP,58.14244435696563
202407040510,2勝クラス,51.75251579948577
202407040511,3勝クラス,70.98156509868556
202407040512,1勝クラス,42.933647829854415
202407040601,未勝利,45.720592887714474
202407040602,1勝クラス,40.789065706218295
202407040603,1勝クラス,45.01979721498322
202407040604,未勝利,47.39921540877207
202407040606,1勝クラス,46.78260816226915
202407040607,1勝クラス,41.78478991200659
202407040608,1勝クラス,47.04980310313175
202407040609,1勝クラス,58.97214185300318
202407040610,2勝クラス,48.72159717484401
202407040611,OP,73.74693174148506
202407040612,2勝クラス,49.540184998539395
202408050101,未勝利,48.74339932688018
202408050102,未勝利,46.93607779460064
202408050103,未勝利,44.49084977985377
202408050106,1勝クラス,46.49837776734859
202408050107,1勝クラス,55.26743899322699
202408050108,2勝クラス,52.17688077345681
202408050109,1勝クラス,62.25760438936385
202408050110,3勝クラス,41.082587023307674
202408050111,OP,74.1401966409718
202408050112,2勝クラス,59.382314422981835
202408050201,未勝利,51.09554519833621
202408050202,未勝利,47.26384391931222
202408050206,1勝クラス,51.25113329066903
202408050207,1勝クラス,44.51957931166423
202408050208,2勝クラス,48.72463811265335
202408050209,3勝クラス,60.20617441550163
202408050210,OP,62.3739256363695
202408050211,重賞,65.85761863802936
202408050212,2勝クラス,52.9345805527301
202408050301,未勝利,45.04119403211869
202408050302,未勝利,45.320193629477224
202408050303,未勝利,41.75709260926192
202408050306,1勝クラス,49.72288731824258
202408050307,1勝クラス,50.740683155242465
202408050308,1勝クラス,52.26408842910966
202408050309,2勝クラス,65.31935730548435
202408050310,3勝クラス,63.38520832719483
202408050311,OP,65.67555774303922
202408050312,2勝クラス,54.443753406214555
202408050401,未勝利,45.695073936576556
202408050402,未勝利,48.75050032854937
202408050403,未勝利,49.55334168295406
202408050406,1勝クラス,47.18761606851883
202408050407,2勝クラス,60.730256406656494
202408050408,OP,59.804104943233014
202408050409,1勝クラス,46.61891349466032
202408050410,3勝クラス,66.56996422133993
202408050411,重賞,69.57035423062533
202408050412,2勝クラス,49.136937431835996
202408050501,未勝利,55.12182060155878
202408050502,未勝利,48.37789377433043
202408050503,未勝利,47.59982833607671
202408050506,1勝クラス,50.32294886829174
202408050507,1勝クラス,46.88789541199318
202408050508,1勝クラス,42.753970165247985
202408050509,2勝クラス,59.853151371452064
202408050510,2勝クラス,52.66108373709141
202408050511,OP,64.3446652759865
202408050512,2勝クラス,57.98109315165851
202408050601,未勝利,51.78967669853976
202408050602,未勝利,41.205140509582314
202408050606,1勝クラス,49.136856185162415
202408050607,2勝クラス,58.14619182004999
202408050608,1勝クラス,60.833085220751414
202408050609,2勝クラス,54.99427680476038
202408050610,3勝クラス,55.15778450266005
202408050611,重賞,69.49551373826468
202408050612,3勝クラス,59.30260173150858
202408050701,未勝利,45.76830930303153
202408050702,未勝利,52.993273676798665
202408050703,未勝利,47.80364916386114
202408050706,1勝クラス,52.537699774067434
202408050707,1勝クラス,49.206727123666894
202408050708,OP,62.52457218464444
202408050709,2勝クラス,56.38395239140993
202408050710,3勝クラス,68.20361722686269
202408050711,重賞,68.79063710092318
202408050712,2勝クラス,63.609937214928166
202408050801,未勝利,40.01818164647658
202408050802,未勝利,52.86797647223794
202408050803,未勝利,48.75446431525986
202408050806,1勝クラス,47.59553093138699
202408050807,1勝クラス,52.33894304799671
202408050808,1勝クラス,45.804704149344246
202408050809,2勝クラス,53.79475233267724
202408050810,3勝クラス,65.33805082846322
202408050811,OP,64.95599246017922
202408050812,2勝クラス,54.69646992945201
202408060101,未勝利,49.198986868289
202408060102,未勝利,46.71043502577488
202408060103,未勝利,48.40145134775419
202408060104,未勝利,50.66126048102558
202408060107,1勝クラス,52.132730731174505
202408060109,2勝クラス,59.39872406126838
202408060110,3勝クラス,56.7343429374623
202408060111,重賞,64.98974234417827
202408060112,2勝クラス,47.07338721200757
202408060201,未勝利,45.746455642683706
202408060202,未勝利,46.92640774128425
202408060203,未勝利,47.370893605979425
202408060206,1勝クラス,46.32913898155154
202408060207,2勝クラス,55.244382384648745
202408060208,2勝クラス,60.80357190005145
202408060209,1勝クラス,60.179903198088994
202408060210,3勝クラス,53.6308436555867
202408060211,重賞,78.58664492239559
202408060212,1勝クラス,43.34632863932625
202408060301,未勝利,48.01821910381748
202408060302,未勝利,45.29569586895739
202408060303,未勝利,51.34530376741828
202408060306,1勝クラス,48.03986397056972
202408060307,1勝クラス,48.83245734462546
202408060309,3勝クラス,63.52249897019739
202408060310,OP,69.68934048353461
202408060311,重賞,55.48349662503557
202408060312,2勝クラス,58.00279931058539
202408060401,未勝利,45.33739574109638
202408060402,未勝利,50.28875627332474
202408060403,未勝利,50.89977516690351
202408060406,1勝クラス,48.39685577965306
202408060407,2勝クラス,59.256967923289174
202408060408,2勝クラス,52.48922132777902
202408060409,1勝クラス,62.86823467509204
202408060410,3勝クラス,72.6436843048656
202408060411,重賞,70.75657213325339
202408060412,2勝クラス,56.153154341714576
202408060501,未勝利,45.04561424781563
202408060502,未勝利,51.22961813301176
202408060503,未勝利,52.198586626547126
202408060504,未勝利,44.73516751814142
202408060507,1勝クラス,47.81849713212542
202408060508,2勝クラス,57.34060462273106
202408060509,1勝クラス,58.949543334782305
202408060510,2勝クラス,60.315015574229946
202408060511,OP,67.13298047076526
202408060512,2勝クラス,53.98171838942813
202408060601,未勝利,41.81508922157098
202408060602,未勝利,44.54952087176467
202408060603,未勝利,49.88307842557488
202408060606,1勝クラス,42.62552964497061
202408060607,1勝クラス,44.8021137681897
202408060608,2勝クラス,57.44570461965581
202408060609,3勝クラス,61.56660180647199
202408060610,3勝クラス,67.48870813137181
202408060611,重賞,78.80251573020699
202408060612,2勝クラス,57.374524587446345
202408060701,未勝利,47.483022817104214
202408060702,未勝利,50.43538329670547
202408060703,未勝利,49.698414077403264
202408060707,1勝クラス,45.052172533714675
202408060708,1勝クラス,50.919635964416635
202408060709,2勝クラス,56.346321465364646
202408060710,2勝クラス,55.50403245137501
202408060711,重賞,54.588476394064685
202408060712,2勝クラス,55.38656337990467
202408060801,未勝利,45.71052165514194
202408060802,未勝利,43.20073708667819
202408060803,未勝利,48.29141680909528
202408060805,1勝クラス,42.81693193670338
202408060807,1勝クラス,48.79281951486662
202408060808,2勝クラス,52.166530284401794
202408060809,3勝クラス,72.15417152302217
202408060810,3勝クラス,62.70012383779853
202408060811,OP,75.26702562418211
202408060812,重賞,72.44090296167343
202408070101,未勝利,46.212403403712784
202408070102,未勝利,50.83255638482733
202408070103,未勝利,50.397017961685144
202408070106,未勝利,46.742872937898746
202408070107,1勝クラス,44.5438385848636
202408070108,1勝クラス,45.83957484826592
202408070109,1勝クラス,60.08501222785657
202408070110,3勝クラス,64.80601193619702
202408070111,重賞,72.68102633176193
202408070112,2勝クラス,56.35706307345386
202408070201,未勝利,42.09327447006264
202408070202,未勝利,50.34131322190088
202408070203,未勝利,47.506785452450444
202408070207,1勝クラス,46.265894623715006
202408070208,2勝クラス,56.386993660263514
202408070209,2勝クラス,57.03315981789158
202408070210,3勝クラス,66.63501388088245
202408070211,OP,72.2523998947355
202408070212,2勝クラス,51.818627642938935
202408070301,未勝利,44.65458919118793
202408070302,未勝利,49.12766690539935
202408070303,未勝利,44.47550141279205
202408070307,未勝利,45.35761005939956
202408070308,1勝クラス,47.89566686191828
202408070309,1勝クラス,58.6730194564802
202408070310,2勝クラス,57.7644619443176
202408070311,OP,65.5101358523292
202408070312,2勝クラス,53.404691301317584
202408070401,未勝利,45.27166180000931
202408070402,未勝利,48.701443444339645
202408070403,未勝利,44.62413237480788
202408070406,1勝クラス,54.56251897362825
202408070407,1勝クラス,47.32458966247313
202408070408,2勝クラス,58.53072161759308
202408070409,3勝クラス,63.46878446648437
202408070410,3勝クラス,68.39131332745185
202408070411,重賞,71.15296984004507
202408070412,2勝クラス,54.01746317569501
202408070501,未勝利,47.96397056351468
202408070502,未勝利,44.470015848972054
202408070503,未勝利,42.45453496907208
202408070507,未勝利,49.946336694695724
202408070508,1勝クラス,46.874944327247675
202408070509,2勝クラス,55.752845532182604
202408070510,2勝クラス,58.40292949754141
202408070511,OP,68.99515437282119
202408070512,2勝クラス,53.2921711059072
202408070601,未勝利,46.28379391004711
202408070602,未勝利,47.81164409612813
202408070603,未勝利,48.13666798379451
202408070604,未勝利,47.38132836885568
202408070607,1勝クラス,41.18387472569066
202408070608,1勝クラス,49.57236130025375
202408070609,2勝クラス,59.20973730401797
202408070610,3勝クラス,66.74842906114316
202408070611,重賞,65.93591595962079
202408070612,3勝クラス,60.74266210235706
202408070701,未勝利,47.205080423058014
202408070702,未勝利,43.24920362621686
202408070703,未勝利,49.64949346394653
202408070704,未勝利,50.394323044091706
202408070707,1勝クラス,46.458610204684305
202408070708,1勝クラス,44.677504236386355
202408070709,1勝クラス,56.87368568285086
202408070710,3勝クラス,70.33649036517403
202408070711,重賞,78.21804556850228
202408070712,2勝クラス,53.841837402150006
202408070801,未勝利,48.32713453546674
202408070802,未勝利,48.969074336079856
202408070803,未勝利,45.841947172319585
202408070807,1勝クラス,46.6200674140734
202408070808,2勝クラス,56.08186694293961
202408070809,2勝クラス,60.56596372276535
202408070810,3勝クラス,63.16847590848513
202408070811,OP,72.75518437879062
202408070812,2勝クラス,51.17983582616525
202408070901,未勝利,49.311168238805244
202408070902,未勝利,49.4716818351088
202408070903,未勝利,48.930430708091265
202408070906,1勝クラス,60.25133622889425
202408070907,1勝クラス,47.32748318591674
202408070908,1勝クラス,47.69971389167804
202408070909,2勝クラス,55.7078540579937
202408070910,2勝クラス,52.30457798550429
202408070911,OP,82.42880740178039
202408070912,3勝クラス,59.274287013997295
202501010101,未勝利,43.869520972935554
202501010102,未勝利,37.07394369748827
202501010103,未勝利,42.0399011384166
202501010104,未勝利,40.04615708209362
202501010106,未勝利,41.13203048372803
202501010107,1勝クラス,39.25706457911563
202501010108,1勝クラス,56.3330105045223
202501010109,1勝クラス,49.76110556853711
202501010110,2勝クラス,54.85963386023434
202501010111,3勝クラス,60.659325985663884
202501010112,2勝クラス,60.64347358178247
202501010201,未勝利,43.67518801513731
202501010202,未勝利,37.60071277808767
202501010203,未勝利,39.08358386954522
202501010204,未勝利,39.05587276335447
202501010206,1勝クラス,43.96826355577268
202501010207,1勝クラス,47.697307461272615
202501010208,1勝クラス,48.96161447120669
202501010209,1勝クラス,47.40774235848039
202501010210,3勝クラス,75.2638961723532
202501010211,OP,70.55908186671131
202501010212,2勝クラス,50.64436359120336
202501010301,未勝利,38.129339055238916
202501010302,未勝利,34.558774182388504
202501010303,未勝利,40.22676432784455
202501010304,未勝利,42.56791297305766
202501010306,1勝クラス,43.96186481026896
202501010307,1勝クラス,51.19786813836905
202501010308,1勝クラス,50.413504091491795
202501010309,1勝クラス,44.75615854025726
202501010310,2勝クラス,59.29059385936451
202501010311,3勝クラス,65.51617694584891
202501010312,2勝クラス,60.855695054724976
202501010401,未勝利,45.45670778134754
202501010402,未勝利,38.859575138871534
202501010403,未勝利,39.9126217872776
202501010404,未勝利,41.08187245247796
202501010406,未勝利,41.281162516283224
202501010407,1勝クラス,51.52812820155489
202501010408,1勝クラス,50.09703672925795
202501010409,2勝クラス,52.77727451401307
202501010410,2勝クラス,52.485797247037
202501010411,重賞,74.68828541489464
202501010412,1勝クラス,54.443599166390044
202501010501,未勝利,43.31795422309286
202501010502,未勝利,39.5594079355888
202501010503,未勝利,46.692278158868106
202501010504,未勝利,44.61830329211451
202501010506,未勝利,44.708030433707066
202501010507,1勝クラス,41.299939833657284
202501010508,1勝クラス,51.44815920863605
202501010509,1勝クラス,45.10557949411254
202501010510,2勝クラス,56.10260133628257
202501010511,重賞,91.46251113337345
202501010512,1勝クラス,51.76630576046251
202501010601,未勝利,41.28576450766592
202501010602,未勝利,35.83408763309032
202501010603,未勝利,40.935721672581195
202501010604,未勝利,40.570154580670774
202501010606,未勝利,36.43379628684483
202501010607,1勝クラス,43.685668974435224
202501010608,1勝クラス,50.00487696618924
202501010609,1勝クラス,51.2015265604542
202501010610,2勝クラス,54.397196793177415
202501010611,OP,66.83067981114802
202501010612,2勝クラス,62.635702708553815
202501010701,未勝利,39.2213186935527
202501010702,未勝利,40.51017284214344
202501010703,未勝利,36.139560281054585
202501010704,未勝利,43.66848401600186
202501010706,未勝利,40.08999306644141
202501010707,1勝クラス,47.27056103397176
202501010708,1勝クラス,50.22141876983097
202501010709,OP,46.49464371390832
202501010710,2勝クラス,51.39123163193645
202501010711,3勝クラス,70.42246660145793
202501010712,1勝クラス,43.21121795009552
202501010801,未勝利,43.39715443801394
202501010802,未勝利,41.82333029096931
202501010803,未勝利,40.79457876799473
202501010804,未勝利,38.306811992812925
202501010806,1勝クラス,42.49228421065914
202501010807,1勝クラス,50.722128094824384
202501010808,1勝クラス,49.9085447958962
202501010809,1勝クラス,45.53305987455504
202501010810,2勝クラス,52.266370645016764
202501010811,重賞,78.44560472088212
202501010812,2勝クラス,55.211501432748115
202501020101,未勝利,48.29111910391887
202501020102,未勝利,37.01947976107262
202501020103,未勝利,40.81925738126959
202501020104,未勝利,38.81196514984558
202501020106,1勝クラス,46.50765102666113
202501020107,1勝クラス,48.5168335770009
202501020108,1勝クラス,48.77162294124537
202501020109,OP,52.891369199289095
202501020110,2勝クラス,50.55526438935086
202501020111,3勝クラス,59.82565550167333
202501020112,1勝クラス,51.96528907692352
202501020201,未勝利,38.886291257319755
202501020202,未勝利,44.875711923653604
202501020203,未勝利,40.744496720735
202501020204,未勝利,41.03917953393556
202501020206,未勝利,43.54598148914517
202501020207,1勝クラス,37.86422253308799
202501020208,1勝クラス,45.785889827563004
202501020209,1勝クラス,49.98204075321706
202501020210,2勝クラス,56.329455439039556
202501020211,重賞,72.93485453183641
202501020212,2勝クラス,58.198150255551326
202501020301,未勝利,39.51329775329415
202501020302,未勝利,45.2105723544441
202501020303,未勝利,40.56624440693775
202501020304,未勝利,42.93715490724513
202501020306,未勝利,41.20613957313978
202501020307,1勝クラス,46.84776852984412
202501020308,1勝クラス,45.77341788561329
202501020309,OP,54.349859947990154
202501020310,2勝クラス,60.41210927434669
202501020311,2勝クラス,56.91976466625384
202501020312,1勝クラス,47.60519653508082
202501020401,未勝利,41.93391084560957
202501020402,未勝利,43.42036878769612
202501020403,未勝利,40.43035426231639
202501020404,未勝利,42.61805871124369
202501020406,未勝利,39.85706083472954
202501020407,1勝クラス,45.33561156654056
202501020408,1勝クラス,46.1877009657932
202501020409,1勝クラス,50.123502617923
202501020410,2勝クラス,50.822777541154295
202501020411,3勝クラス,65.1112879575203
202501020412,1勝クラス,49.711556284039396
202501020501,未勝利,38.472067715144526
202501020502,未勝利,40.928609463037006
202501020503,未勝利,37.556466305748444
202501020504,未勝利,44.25231897123173
202501020506,未勝利,42.59855025812701
202501020507,1勝クラス,51.67298667347714
202501020508,1勝クラス,43.15500058708457
202501020509,1勝クラス,49.25592297659675
202501020510,2勝クラス,53.16420622991546
202501020511,重賞,57.14455189167636
202501020512,1勝クラス,51.615800639398906
202501020601,未勝利,48.1650468206256
202501020602,未勝利,45.71058051917333
202501020603,未勝利,40.8641289129987
202501020604,未勝利,42.79534848927611
202501020605,未勝利,42.08011512406936
202501020606,1勝クラス,44.43861091285986
202501020607,1勝クラス,44.26206731164535
202501020608,1勝クラス,47.123485110754494
202501020609,2勝クラス,60.100299938333485
202501020610,2勝クラス,59.055734344579754
202501020611,OP,72.22822077222239
202501020612,1勝クラス,45.17725217862648
202502010101,未勝利,44.704390019111905
202502010102,未勝利,47.01237888335349
202502010103,未勝利,38.24198249570378
202502010104,未勝利,47.90375640404142
202502010106,未勝利,46.78949663217865
202502010107,1勝クラス,46.6738491409038
202502010108,1勝クラス,46.27342290723803
202502010109,1勝クラス,51.22032512303018
202502010110,2勝クラス,54.8858180594027
202502010111,重賞,70.77806628724488
202502010112,1勝クラス,43.35945146213156
202502010201,未勝利,39.63284601424992
202502010202,未勝利,47.351180756095886
202502010203,未勝利,40.03905327958057
202502010204,未勝利,47.011088723421544
202502010206,未勝利,43.60001276882837
202502010207,1勝クラス,39.90199209705928
202502010208,1勝クラス,42.67002113004155
202502010209,1勝クラス,53.352664244046295
202502010210,2勝クラス,53.9078334367157
202502010211,2勝クラス,48.663043255440456
202502010212,1勝クラス,51.005888323670334
202502010301,未勝利,37.87558897390418
202502010302,未勝利,40.09372499681866
202502010303,未勝利,44.511002783902086
202502010304,未勝利,41.50398488166604
202502010307,未勝利,42.205449888189264
202502010308,1勝クラス,40.48996102663848
202502010309,1勝クラス,44.42834630646472
202502010310,1勝クラス,49.35071369989541
202502010311,2勝クラス,44.60011878657926
202502010312,1勝クラス,52.972342649191155
202502010401,未勝利,40.00162028979359
202502010402,未勝利,43.70935473530153
202502010403,未勝利,37.63238803024897
202502010404,未勝利,42.668678609849884
202502010406,未勝利,44.85195720854052
202502010407,1勝クラス,51.82063220300947
202502010408,1勝クラス,42.532911690352805
202502010409,1勝クラス,44.28388092291422
202502010410,2勝クラス,57.21756018629662
202502010411,3勝クラス,56.19368804966391
202502010412,1勝クラス,47.979442375912036
202502010501,未勝利,38.65724985755622
202502010502,未勝利,44.42634340911818
202502010503,未勝利,43.140110995662646
202502010504,未勝利,45.78577055098852
202502010506,未勝利,44.55420547154598
202502010507,1勝クラス,48.889804161176954
202502010508,1勝クラス,46.663673227694936
202502010509,1勝クラス,46.22959248441751
202502010510,2勝クラス,57.32741788035649
202502010511,OP,68.3588455122347
202502010512,1勝クラス,51.917957413968615
202502010601,未勝利,41.84501105920445
202502010602,未勝利,39.68470343770312
202502010603,未勝利,41.76513651989936
202502010604,未勝利,51.482461204228294
202502010606,未勝利,41.541845275691664
202502010607,1勝クラス,43.75325036678243
202502010608,1勝クラス,52.02138811221631
202502010609,1勝クラス,50.51669216047053
202502010610,2勝クラス,51.812073520242386
202502010611,重賞,77.08160933161241
202502010612,2勝クラス,50.24118635159558
202502010701,未勝利,41.013001292505976
202502010702,未勝利,37.53262394899499
202502010703,未勝利,41.16733776423045
202502010704,未勝利,40.9198570508555
202502010706,未勝利,42.173130687306724
202502010707,1勝クラス,45.476668743424916
202502010708,1勝クラス,40.99683652967689
202502010709,1勝クラス,52.93178663109323
202502010710,2勝クラス,65.09085602911597
202502010711,3勝クラス,58.92494082716722
202502010712,1勝クラス,47.329672729718254
202502010801,未勝利,41.96972932882414
202502010802,未勝利,35.87190970236921
202502010803,未勝利,39.21135678838282
202502010804,未勝利,40.96653053539133
202502010806,未勝利,40.257143472541216
202502010807,1勝クラス,46.88502057182968
202502010808,1勝クラス,53.898893275238294
202502010809,2勝クラス,54.66113085804443
202502010810,2勝クラス,48.869421084612185
202502010811,OP,86.88521725850208
202502010812,1勝クラス,45.478558470973546
202502010901,未勝利,39.43282669476802
202502010902,未勝利,36.969184425335406
202502010903,未勝利,45.18007863178068
202502010904,未勝利,42.8593767434655
202502010906,未勝利,43.477541428054025
202502010907,1勝クラス,46.037348717654176
202502010908,1勝クラス,46.3183191885517
202502010909,1勝クラス,53.56372518550782
202502010910,2勝クラス,54.47407098350892
202502010911,3勝クラス,62.11003930058484
202502010912,1勝クラス,45.32759728179945
202502011001,未勝利,42.323488829937304
202502011002,未勝利,40.43889051330887
202502011003,未勝利,39.6120062858286
202502011004,未勝利,39.404187019932586
202502011006,未勝利,38.14659495679478
202502011007,1勝クラス,48.68118337860648
202502011008,1勝クラス,46.86316757342449
202502011009,2勝クラス,56.77448882347007
202502011010,2勝クラス,52.00306412018188
202502011011,OP,64.8940555819435
202502011012,1勝クラス,48.8904097426136
202502011101,未勝利,36.58054060959335
202502011102,未勝利,36.69993894522061
202502011103,未勝利,40.04925162578343
202502011104,未勝利,40.79608339285821
202502011105,未勝利,39.51259786616855
202502011106,未勝利,43.68061909104925
202502011107,1勝クラス,45.192304805706456
202502011108,1勝クラス,51.34078166160242
202502011109,1勝クラス,51.86888284459675
202502011110,2勝クラス,57.60965237220477
202502011111,OP,85.54449595920615
202502011112,1勝クラス,43.223863765461765
202502011201,未勝利,43.39665166333402
202502011202,未勝利,39.22950580664927
202502011203,未勝利,41.648054381521185
202502011204,未勝利,37.43213620097729
202502011206,未勝利,41.41113653000448
202502011207,1勝クラス,46.61313099674321
202502011208,1勝クラス,51.27391635731184
202502011209,2勝クラス,55.860654187831
202502011210,2勝クラス,60.10493074286518
202502011211,重賞,52.78513194624602
202502011212,1勝クラス,47.48926361683729
202503010101,未勝利,42.74312451433387
202503010102,未勝利,41.56037854278354
202503010103,未勝利,45.33664139900195
202503010104,未勝利,41.31980302838606
202503010105,未勝利,41.65670475282029
202503010106,未勝利,41.73730199864377
202503010107,1勝クラス,41.05058349080002
202503010108,1勝クラス,40.679328661087155
202503010109,1勝クラス,44.784130327577785
202503010110,2勝クラス,49.53628613283601
202503010111,OP,77.5125935181083
202503010112,1勝クラス,35.80228992649692
202503010201,未勝利,45.150866583677
202503010202,未勝利,38.96000765436787
202503010203,未勝利,39.83742783977979
202503010204,未勝利,47.859361931732735
202503010205,未勝利,45.60133350426468
202503010206,1勝クラス,39.32503087442965
202503010207,1勝クラス,37.61483180690801
202503010208,1勝クラス,39.26236813752266
202503010209,2勝クラス,46.994594784150635
202503010210,3勝クラス,57.48747984099501
202503010211,OP,65.87492326063872
202503010212,1勝クラス,42.132897946806715
202503010301,未勝利,38.733935413927945
202503010302,未勝利,40.278248171390956
202503010303,未勝利,43.176625292384976
202503010304,未勝利,47.59545441419354
202503010305,未勝利,43.74291256400916
202503010306,未勝利,38.73786820445373
202503010307,1勝クラス,38.929525953859056
202503010308,1勝クラス,34.40206236790635
202503010309,1勝クラス,55.392018480575885
202503010310,1勝クラス,40.86202683635994
202503010311,2勝クラス,54.03517074721693
202503010312,1勝クラス,37.861715696836896
202503010401,未勝利,37.607970347912506
202503010402,未勝利,45.70132104224711
202503010403,未勝利,43.496581752162605
202503010404,未勝利,42.45964892921022
202503010405,未勝利,43.31101789799191
202503010406,未勝利,45.03820553866125
202503010407,1勝クラス,43.29544821504398
202503010408,1勝クラス,41.235087264886886
202503010409,1勝クラス,37.43666603509664
202503010410,2勝クラス,50.512451931785485
202503010411,重賞,71.0126743293716
202503010412,1勝クラス,39.597397472572
202503010501,未勝利,45.45423598336211
202503010502,未勝利,41.932016456976264
202503010503,未勝利,41.65374131600284
202503010504,未勝利,36.91937628062359
202503010505,未勝利,41.68682165056828
202503010506,未勝利,43.465902625087494
202503010507,1勝クラス,40.13954332559873
202503010508,1勝クラス,34.20352690203445
202503010509,1勝クラス,53.30430197420726
202503010510,1勝クラス,39.09445712782308
202503010511,2勝クラス,50.83336719820368
202503010512,1勝クラス,43.41946645311286
202503010601,未勝利,41.17967349760272
202503010602,未勝利,38.29804710443179
202503010603,未勝利,47.62983904617895
202503010604,未勝利,39.147940435326504
202503010605,未勝利,44.16758220824464
202503010606,1勝クラス,43.03835201864271
202503010607,1勝クラス,37.06703082655257
202503010608,1勝クラス,37.28716551241261
202503010609,1勝クラス,41.7044662966353
202503010610,2勝クラス,55.699811498859994
202503010611,OP,64.3024089635445
202503010612,1勝クラス,39.330527366153326
202503020101,未勝利,30.485689204218485
202503020102,未勝利,35.926187275937366
202503020103,未勝利,40.927069720414146
202503020104,未勝利,36.78974724527007
202503020107,1勝クラス,49.643765991817624
202503020108,未勝利,34.80404110007745
202503020109,2勝クラス,56.29973816424871
202503020110,2勝クラス,58.68132383970454
202503020111,3勝クラス,63.84697442952796
202503020112,1勝クラス,51.812387119259
202503020201,未勝利,32.3828274073242
202503020202,未勝利,40.11603383416643
202503020203,未勝利,41.79774666266092
202503020204,未勝利,41.410423398693126
202503020207,1勝クラス,45.62732077178188
202503020208,1勝クラス,47.14210780309989
202503020209,2勝クラス,52.39723958475339
202503020210,3勝クラス,71.0274138947201
202503020211,重賞,60.13890761977938
202503020212,1勝クラス,33.571399314857224
202503020302,未勝利,31.777886985398112
202503020303,未勝利,
202503020306,1勝クラス,49.58100260935563
202503020307,未勝利,35.8373815193134
202503020308,未勝利,36.00437050867805
202503020309,1勝クラス,50.02208310412907
202503020310,2勝クラス,56.79933752666874
202503020311,3勝クラス,64.81900517766852
202503020312,1勝クラス,43.28152030509911
202503020402,未勝利,33.70742087576196
202503020403,未勝利,32.16994767195664
202503020406,未勝利,34.358520081878346
202503020407,未勝利,38.89127001441581
202503020408,1勝クラス,45.83563781139689
202503020409,2勝クラス,53.62032258726988
202503020410,2勝クラス,51.1544225068104
202503020411,OP,79.19177661784103
202503020412,1勝クラス,39.49347658725165
202503020501,未勝利,42.9824574638197
202503020502,未勝利,38.745325515260205
202503020503,未勝利,34.94844293195123
202503020504,未勝利,38.715267906708476
202503020507,1勝クラス,44.065868331308785
202503020508,2勝クラス,58.977400096580624
202503020509,2勝クラス,53.182762285816665
202503020510,3勝クラス,54.432386256139154
202503020511,OP,65.7858208805268
202503020512,1勝クラス,51.20890798692717
202503020601,未勝利,39.96116081986105
202503020602,未勝利,37.36308775082308
202503020603,未勝利,38.851147873190406
202503020604,未勝利,39.492445299836945
202503020606,未勝利,34.98766970245581
202503020607,1勝クラス,37.88447982538972
202503020608,1勝クラス,42.504051909979786
202503020609,1勝クラス,52.92191810461113
202503020610,3勝クラス,70.22866413357437
202503020611,重賞,70.91226479828423
202503020612,2勝クラス,53.81514148460669
202503020702,未勝利,31.023995162176508
202503020703,未勝利,44.37787253871553
202503020706,1勝クラス,45.188379958896356
202503020707,未勝利,37.3482233421624
202503020708,未勝利,39.79374053907043
202503020709,1勝クラス,46.048458006048875
202503020710,2勝クラス,53.87886141969469
202503020711,3勝クラス,60.98697620265604
202503020712,1勝クラス,43.17507016142403
202503020802,未勝利,37.871860786400646
202503020803,未勝利,47.554062901106434
202503020804,未勝利,41.53372147255904
202503020806,未勝利,43.833865879914974
202503020807,未勝利,31.814816664804717
202503020808,未勝利,38.66783079256165
202503020809,1勝クラス,38.86163319616499
202503020810,2勝クラス,50.68833310794392
202503020811,OP,74.23096417112906
202503020812,1勝クラス,51.925675047088205
202503030101,未勝利,44.89800266756752
202503030102,未勝利,44.566669537336296
202503030103,未勝利,45.063016639978144
202503030104,1勝クラス,42.33901849602517
202503030106,1勝クラス,45.398129847581636
202503030107,1勝クラス,42.509387485081795
202503030108,1勝クラス,46.408934706494264
202503030109,1勝クラス,47.99437855104831
202503030110,2勝クラス,55.684348586977656
202503030111,3勝クラス,58.5316843040809
202503030112,1勝クラス,48.912435862971705
202503030201,未勝利,41.523051695759456
202503030202,未勝利,44.336306006461534
202503030203,1勝クラス,48.041922925878666
202503030207,1勝クラス,41.95650525448141
202503030208,1勝クラス,48.50924074641371
202503030209,1勝クラス,46.53475714334925
202503030210,2勝クラス,58.37851741802715
202503030211,OP,63.68505455386314
202503030212,1勝クラス,43.04613495273408
202503030301,未勝利,48.30749082923017
202503030302,1勝クラス,44.369199050192584
202503030303,未勝利,44.82543345221133
202503030304,未勝利,44.08377076535663
202503030306,1勝クラス,49.606811141568095
202503030307,1勝クラス,43.423242516937215
202503030308,1勝クラス,47.873065189758776
202503030309,1勝クラス,48.4625402213307
202503030310,2勝クラス,57.21966542533572
202503030311,3勝クラス,60.740177977908495
202503030312,1勝クラス,42.568077560507476
202503030401,未勝利,40.840702598748706
202503030402,1勝クラス,46.990365419025245
202503030403,1勝クラス,50.56418975782125
202503030407,1勝クラス,44.32398672772446
202503030408,1勝クラス,43.48706022676434
202503030409,OP,55.0988687839384
202503030410,2勝クラス,52.95356939935023
202503030411,OP,76.72003937477946
202503030412,1勝クラス,47.22112274803665
202503030501,未勝利,46.38639049423447
202503030502,1勝クラス,42.62489546349547
202503030503,未勝利,46.317680428408465
202503030506,1勝クラス,48.325993866987154
202503030507,未勝利,45.38221922482984
202503030508,1勝クラス,52.41220005033354
202503030509,1勝クラス,48.8430370581095
202503030510,2勝クラス,52.38835763523037
202503030511,重賞,69.46002035555264
202503030512,1勝クラス,45.569429881351496
202504010102,未勝利,44.15301562249022
202504010103,未勝利,41.042799994744044
202504010105,未勝利,45.660011641450005
202504010106,未勝利,44.99293132607917
202504010107,1勝クラス,37.39140658183124
202504010108,1勝クラス,41.75526559254279
202504010109,1勝クラス,63.07985753856456
202504010110,2勝クラス,53.59122422070121
202504010111,3勝クラス,69.81320092169452
202504010112,1勝クラス,31.944971148771607
202504010201,未勝利,41.92803741358763
202504010202,未勝利,44.93166555972509
202504010203,未勝利,42.42842220423076
202504010205,未勝利,44.923133920096085
202504010206,1勝クラス,40.57018721934815
202504010207,1勝クラス,39.183928504597674
202504010208,1勝クラス,38.485125058703346
202504010209,2勝クラス,55.24405943562315
202504010210,2勝クラス,41.33304663989738
202504010211,OP,73.38734503890463
202504010212,1勝クラス,34.963895603899495
202504010302,未勝利,45.408203619361345
202504010303,未勝利,46.69925143731493
202504010305,未勝利,41.506913147232396
202504010306,未勝利,41.655803803321305
202504010307,1勝クラス,39.20689641494114
202504010308,1勝クラス,37.68174067425678
202504010309,1勝クラス,42.67916354766531
202504010310,1勝クラス,42.30898620907265
202504010311,3勝クラス,48.935276637073066
202504010312,1勝クラス,32.75254569824986
202504010401,未勝利,42.16278708454083
202504010402,未勝利,43.10820819440587
202504010403,未勝利,44.40851530633531
202504010405,未勝利,39.620222920948926
202504010406,未勝利,38.14372228574679
202504010407,1勝クラス,41.42127694993988
202504010408,1勝クラス,38.602070853016784
202504010409,1勝クラス,53.25416651801465
202504010410,2勝クラス,57.49974135793434
202504010411,OP,63.313696585513334
202504010412,1勝クラス,40.734447783164285
202504010501,未勝利,43.82651799320603
202504010502,未勝利,41.075305326832776
202504010503,未勝利,42.840894148410555
202504010504,未勝利,45.490485173213905
202504010505,未勝利,46.856897979555775
202504010506,未勝利,35.131393574701264
202504010507,1勝クラス,39.47604411337742
202504010508,1勝クラス,39.223080231341
202504010509,1勝クラス,41.68011135835305
202504010510,2勝クラス,57.71053734427603
202504010511,重賞,73.86025496401597
202504010512,1勝クラス,39.37440610897803
202504010601,未勝利,43.90905128110435
202504010602,未勝利,44.96429479973136
202504010603,未勝利,41.895389077568595
202504010606,未勝利,46.20072819590676
202504010607,1勝クラス,33.911942405748
202504010608,1勝クラス,42.44686363552782
202504010609,1勝クラス,34.386068184415194
202504010610,2勝クラス,55.06473235108505
202504010611,3勝クラス,61.511154691142664
202504010612,1勝クラス,34.22136539452608
202504010702,未勝利,45.69370404320386
202504010703,未勝利,44.33259177539336
202504010705,未勝利,41.401322369216125
202504010706,未勝利,42.718131765435196
202504010707,未勝利,43.2494697200695
202504010708,1勝クラス,42.7896505150133
202504010709,1勝クラス,44.25897369071531
202504010710,1勝クラス,40.6801616556183
202504010711,2勝クラス,46.293178131710995
202504010712,1勝クラス,39.06685550064877
202504010801,未勝利,40.967879147933715
202504010802,未勝利,44.250035472277006
202504010803,未勝利,43.24913459793984
202504010805,未勝利,42.22093304377342
202504010806,未勝利,46.23658496360637
202504010807,1勝クラス,35.52493687680868
202504010808,1勝クラス,40.38619656872784
202504010809,1勝クラス,39.59029662235109
202504010810,2勝クラス,48.90509594340522
202504010811,OP,61.25085422246962
202504010812,1勝クラス,42.78587762109146
202504020101,未勝利,54.380477914694254
202504020104,未勝利,39.07942292267834
202504020105,未勝利,38.63289962071269
202504020106,2勝クラス,59.49493312116318
202504020107,3勝クラス,59.36590206010731
202504020108,1勝クラス,37.46200038082655
202504020109,未勝利,38.01820121703469
202504020110,1勝クラス,46.501524104742494
202504020111,1勝クラス,46.499834897142684
202504020112,未勝利,35.88179616038438
202504020201,未勝利,36.11157578362315
202504020202,未勝利,40.55791384247961
202504020204,未勝利,39.166237691625156
202504020205,未勝利,36.05458282977191
202504020206,2勝クラス,57.92517644643624
202504020207,重賞,72.28312022450851
202504020208,2勝クラス,58.326017466683595
202504020209,1勝クラス,48.75721586503016
202504020210,未勝利,42.49305866741459
202504020211,未勝利,30.017582709768845
202504020212,1勝クラス,45.306385124361256
202504020302,未勝利,36.149963860676
202504020303,未勝利,42.177016947078044
202504020305,未勝利,34.358266814689514
202504020306,1勝クラス,49.97412259383344
202504020307,3勝クラス,69.98269773176652
202504020308,2勝クラス,60.134686412517155
202504020310,1勝クラス,51.34128329681979
202504020311,未勝利,41.44438645349141
202504020312,未勝利,40.76961046467549
202504020403,未勝利,44.538386044644156
202504020405,未勝利,37.35071937159148
202504020406,2勝クラス,53.95091848062136
202504020407,重賞,64.07326398429161
202504020408,1勝クラス,50.55828017688468
202504020409,未勝利,34.69051374729743
202504020410,1勝クラス,40.960336378788114
202504020411,未勝利,42.95594949152717
202504020412,1勝クラス,39.26250474359343
202504020501,未勝利,48.48152862701326
202504020502,未勝利,45.06829114959716
202504020504,未勝利,37.731408018394724
202504020505,1勝クラス,42.57382477138859
202504020506,2勝クラス,56.52721473614042
202504020507,OP,69.563379930591
202504020508,OP,54.13313731014419
202504020509,1勝クラス,45.77446352413515
202504020510,2勝クラス,55.1681127004962
202504020511,未勝利,33.0831853126509
202504020512,未勝利,39.19884546080482
202504020601,未勝利,44.755193755521155
202504020604,未勝利,37.071725332741636
202504020605,未勝利,37.916000189491534
202504020606,3勝クラス,61.31803143633241
202504020607,重賞,69.51214028476254
202504020608,2勝クラス,49.22766089235045
202504020609,未勝利,35.43868228776067
202504020610,1勝クラス,50.637423235132275
202504020611,1勝クラス,46.54627156665334
202504020612,1勝クラス,45.52341692379048
202504020701,未勝利,46.06865223189982
202504020702,未勝利,40.83725729102739
202504020703,未勝利,35.85991639957246
202504020706,1勝クラス,54.59690624068156
202504020707,3勝クラス,68.1372765631377
202504020708,2勝クラス,57.14954906017018
202504020710,未勝利,36.78461784915263
202504020711,1勝クラス,35.015655769404596
202504020712,未勝利,37.8301080214048
202504020802,未勝利,36.78411683986424
202504020803,未勝利,43.09427792154688
202504020805,未勝利,35.640929674089776
202504020806,3勝クラス,52.9628368612493
202504020807,OP,75.74938190959938
202504020808,2勝クラス,55.841928864125705
202504020809,1勝クラス,44.789140379081054
202504020810,1勝クラス,46.64478502739132
202504020811,1勝クラス,48.78261826238491
202504020812,未勝利,38.499791984459605
202504030101,未勝利,39.8723938274211
202504030102,未勝利,40.75606222796956
202504030103,未勝利,37.34653205504995
202504030104,未勝利,39.29820157910738
202504030106,未勝利,35.340711213538526
202504030107,1勝クラス,47.80436343731245
202504030108,1勝クラス,52.18775782282463
202504030109,2勝クラス,55.60810032563516
202504030110,2勝クラス,52.96754949150809
202504030111,OP,81.63249377388556
202504030112,1勝クラス,43.15586126925018
202504030201,未勝利,39.47620337833646
202504030202,未勝利,37.188995193162455
202504030203,未勝利,39.54814155144867
202504030204,未勝利,37.00735608049169
202504030207,1勝クラス,35.83174948829359
202504030208,1勝クラス,45.86234339223248
202504030209,3勝クラス,61.299920173744496
202504030210,OP,64.86584170261243
202504030211,重賞,60.17693262968571
202504030212,1勝クラス,43.98679559509854
202504030302,未勝利,46.0080295912025
202504030303,未勝利,45.01110273657161
202504030304,未勝利,38.10846256987082
202504030306,未勝利,42.10271461291618
202504030307,未勝利,40.56438689767462
202504030308,1勝クラス,49.66667658986626
202504030309,1勝クラス,45.224036956666865
202504030310,2勝クラス,56.06887295403301
202504030311,3勝クラス,66.07664929566809
202504030312,1勝クラス,43.84477430547218
202504030402,未勝利,37.204825423665376
202504030403,未勝利,41.94773133080774
202504030404,未勝利,41.06784889185879
202504030407,未勝利,33.92846179987479
202504030408,1勝クラス,49.01719612010259
202504030409,1勝クラス,50.96628526501724
202504030410,2勝クラス,58.1807908028565
202504030411,重賞,77.42719047422767
202504030412,2勝クラス,45.53215851974294
202504040101,未勝利,46.86379730308819
202504040102,未勝利,43.98584759579775
202504040103,未勝利,42.76279748321617
202504040104,1勝クラス,47.33976346610825
202504040106,1勝クラス,47.96705335719296
202504040107,1勝クラス,47.67780057893041
202504040108,1勝クラス,41.534146489182575
202504040109,1勝クラス,50.75670963152791
202504040110,2勝クラス,54.37393267426563
202504040111,3勝クラス,58.727008202630074
202504040112,1勝クラス,37.180015478039294
202504040201,未勝利,44.07037234484798
202504040202,未勝利,44.130600515854944
202504040203,1勝クラス,43.18929252867291
202504040204,1勝クラス,41.35430080467975
202504040206,1勝クラス,48.51512919600974
202504040207,1勝クラス,42.219973125733276
202504040208,1勝クラス,46.54286578791559
202504040209,1勝クラス,46.52765422917598
202504040210,2勝クラス,47.958435864728436
202504040211,OP,65.16735624632315
202504040212,1勝クラス,48.812946985615774
202504040301,未勝利,39.29903825981034
202504040302,未勝利,42.44414736431178
202504040303,未勝利,42.41926473959454
202504040304,1勝クラス,40.758251957387046
202504040305,1勝クラス,51.57954256321711
202504040306,1勝クラス,47.60710116397232
202504040307,1勝クラス,44.652220693999794
202504040308,1勝クラス,48.23579696991863
202504040309,1勝クラス,38.901712466192265
202504040310,2勝クラス,60.25110849928323
202504040311,3勝クラス,65.54265655937817
202504040312,1勝クラス,44.81356157556519
202504040401,未勝利,41.77238786122864
202504040402,未勝利,41.87301076188287
202504040403,未勝利,47.554953097799114
202504040404,1勝クラス,47.42765555141165
202504040406,1勝クラス,41.17808743630361
202504040407,1勝クラス,48.77592801308614
202504040408,1勝クラス,49.846069652442054
202504040409,1勝クラス,48.40400367405917
202504040410,2勝クラス,53.08078274231169
202504040411,OP,59.678330036796694
202504040412,1勝クラス,47.141050624283345
202505010101,未勝利,43.86438962770614
202505010102,未勝利,44.05940520077596
202505010103,未勝利,45.91392691087412
202505010104,1勝クラス,61.12366072771238
202505010106,未勝利,44.95992499581441
202505010107,1勝クラス,42.8984030491202
202505010108,2勝クラス,61.880134719791855
202505010109,3勝クラス,71.92712014647698
202505010110,OP,59.319614235416424
202505010111,OP,70.85245118949179
202505010112,1勝クラス,41.63202538306823
202505010201,未勝利,42.49452910908206
202505010202,1勝クラス,51.27814733832782
202505010203,未勝利,48.02077449594921
202505010206,未勝利,47.00438147856084
202505010207,1勝クラス,42.373177783374146
202505010208,2勝クラス,56.91896305770502
202505010209,1勝クラス,56.989664283299014
202505010210,3勝クラス,61.43430913988594
202505010211,重賞,83.85116109700803
202505010212,2勝クラス,43.48665979414978
202505010301,未勝利,47.970861728940754
202505010302,未勝利,41.00327691032624
202505010303,未勝利,44.32290656993674
202505010304,1勝クラス,40.80839336238988
202505010306,未勝利,44.409521778139904
202505010307,1勝クラス,54.33881229368446
202505010308,2勝クラス,56.08386593316838
202505010309,1勝クラス,52.94621174098918
202505010310,2勝クラス,51.388293362920614
202505010311,3勝クラス,60.710416851104306
202505010312,1勝クラス,37.56134918669234
202505010401,未勝利,44.54001811497315
202505010402,未勝利,42.25905352659647
202505010403,未勝利,47.46028214276622
202505010406,未勝利,48.02442184604526
202505010407,2勝クラス,54.75883126566692
202505010408,2勝クラス,56.00167108766732
202505010409,1勝クラス,60.16552820863008
202505010410,3勝クラス,64.02638814861346
202505010411,重賞,77.61665282027091
202505010412,1勝クラス,44.862415384899606
202505010501,未勝利,47.07452716922424
202505010503,未勝利,53.173300570838926
202505010504,1勝クラス,45.268898086430625
202505010505,未勝利,48.08134224459669
202505010506,未勝利,47.62281211347161
202505010507,1勝クラス,58.66808544069504
202505010508,2勝クラス,54.59491952634734
202505010509,2勝クラス,58.959933252395615
202505010510,3勝クラス,70.33340785677112
202505010511,重賞,65.22960602096423
202505010512,1勝クラス,42.98601279731668
202505010601,未勝利,42.8382691139323
202505010602,未勝利,37.35411541248061
202505010604,1勝クラス,62.17572651805577
202505010605,未勝利,42.85362206354178
202505010606,1勝クラス,46.58063860509951
202505010607,1勝クラス,40.959511189511375
202505010608,2勝クラス,48.174977564422576
202505010609,3勝クラス,62.25891599204622
202505010610,OP,76.50259596917158
202505010611,重賞,66.06265081905927
202505010612,2勝クラス,52.59236288291109
202505010701,未勝利,45.33205982028002
202505010702,1勝クラス,56.718830986433524
202505010703,未勝利,43.594667212813114
202505010705,未勝利,43.284572365068485
202505010706,未勝利,46.65788682198253
202505010707,1勝クラス,38.98695895152327
202505010708,2勝クラス,52.78310838131268
202505010709,1勝クラス,57.082018268333826
202505010710,3勝クラス,70.10784058907916
202505010711,重賞,66.57158106813108
202505010712,1勝クラス,43.62293785152578
202505010801,未勝利,45.746671089153345
202505010802,未勝利,43.42160785078252
202505010804,未勝利,47.9529073583393
202505010805,1勝クラス,50.264969070500285
202505010806,1勝クラス,48.18300570692343
202505010807,2勝クラス,63.01261535437936
202505010808,2勝クラス,53.559279956186884
202505010809,OP,67.07693953237285
202505010810,3勝クラス,61.43022067072569
202505010811,重賞,93.5835383161513
202505010812,2勝クラス,59.322450616713674
202505020101,未勝利,43.89890165059987
202505020102,未勝利,42.875083132296474
202505020103,未勝利,43.22101323229967
202505020104,未勝利,43.76505641238821
202505020105,未勝利,41.046535335898334
202505020106,1勝クラス,63.46207540839216
202505020107,1勝クラス,31.813416112462953
202505020108,1勝クラス,39.835646031298694
202505020109,2勝クラス,52.47393485470887
202505020110,3勝クラス,70.38814909945532
202505020111,重賞,65.97491504873919
202505020112,2勝クラス,49.89643565440605
202505020201,未勝利,44.87350965632029
202505020202,未勝利,44.21630314475043
202505020203,未勝利,41.2247521525039
202505020204,未勝利,44.482769093032054
202505020205,未勝利,43.67704603401258
202505020206,1勝クラス,54.83413745230972
202505020207,1勝クラス,37.60285276785089
202505020208,2勝クラス,46.83975824121956
202505020209,3勝クラス,56.72092718039532
202505020210,OP,79.50459628695579
202505020211,重賞,63.93026910796271
202505020212,2勝クラス,55.986599265189724
202505020301,未勝利,40.77224682152452
202505020302,未勝利,43.55071322624834
202505020303,未勝利,47.47310906256594
202505020304,未勝利,44.70631263524685
202505020305,1勝クラス,54.05232925379936
202505020306,1勝クラス,44.25503265957154
202505020307,1勝クラス,35.97377641230116
202505020308,2勝クラス,53.953142136455824
202505020309,3勝クラス,72.31875863904456
202505020310,OP,61.360096799446865
202505020311,重賞,80.06969138530215
202505020312,2勝クラス,53.38933934629305
202505020401,未勝利,37.92256746270916
202505020402,未勝利,40.83033878254593
202505020403,未勝利,40.03329265746205
202505020404,未勝利,45.26571818554539
202505020405,未勝利,44.140418700757664
202505020406,1勝クラス,59.54342098696324
202505020407,1勝クラス,47.22323571133165
202505020408,2勝クラス,47.36058737197913
202505020409,3勝クラス,61.6014374058477
202505020410,OP,80.30223387881468
202505020411,OP,60.48572521493395
202505020412,2勝クラス,54.14813811992573
202505020501,未勝利,38.237010411788056
202505020502,未勝利,45.124950320866176
202505020503,未勝利,41.132481429904125
202505020504,未勝利,44.01201058215276
202505020505,未勝利,39.45339753163166
202505020506,1勝クラス,56.13758203012178
202505020507,1勝クラス,36.07619586574808
202505020508,2勝クラス,50.321702620883634
202505020509,3勝クラス,62.15560103265608
202505020510,OP,71.37709963415338
202505020511,重賞,74.68516020678524
202505020512,2勝クラス,48.874349531599904
202505020601,未勝利,43.79865312551519
202505020602,未勝利,42.08366041694111
202505020603,未勝利,43.19952346616938
202505020604,未勝利,42.06252278604244
202505020605,1勝クラス,61.02000444299058
202505020606,1勝クラス,42.060429052290004
202505020607,2勝クラス,49.62661743154925
202505020608,1勝クラス,39.62295374290001
202505020609,2勝クラス,59.296848195886
202505020610,OP,67.17883013345718
202505020611,重賞,75.63113023352871
202505020612,3勝クラス,67.08528998076736
202505020701,未勝利,39.27447238788824
202505020702,未勝利,40.25954593064585
202505020703,未勝利,37.59200847935748
202505020704,未勝利,42.653116935334694
202505020705,未勝利,41.45982581078103
202505020706,1勝クラス,61.43170369140958
202505020707,1勝クラス,60.50333098291687
202505020708,1勝クラス,38.03622158705308
202505020709,2勝クラス,56.92883492309326
202505020710,2勝クラス,56.8868892878745
202505020711,3勝クラス,61.94406624095399
202505020712,1勝クラス,38.24202933592129
202505020801,未勝利,41.513956289122135
202505020802,未勝利,41.38302068671644
202505020803,未勝利,41.706777596714346
202505020804,未勝利,41.36479910744937
202505020805,未勝利,47.23196138007505
202505020806,1勝クラス,57.94556238590952
202505020807,1勝クラス,52.80718211736983
202505020808,1勝クラス,41.053885412225284
202505020809,2勝クラス,48.476345518948456
202505020810,2勝クラス,49.66074214963256
202505020811,重賞,79.1676301748386
202505020812,3勝クラス,66.90862632081208
202505020901,未勝利,42.046380587677696
202505020902,未勝利,39.81164516008988
202505020903,未勝利,44.26689208179608
202505020904,未勝利,43.784388744984376
202505020905,未勝利,42.939777466350776
202505020906,1勝クラス,60.003748758670206
202505020907,1勝クラス,42.43256896498403
202505020908,1勝クラス,36.10539742651282
202505020909,1勝クラス,60.10826388458922
202505020910,2勝クラス,45.37032035684977
202505020911,OP,74.38164753468274
202505020912,2勝クラス,57.04419211459185
202505021001,未勝利,42.56832542049836
202505021002,未勝利,47.00520907998208
202505021003,未勝利,40.69175406179285
202505021004,未勝利,42.66364188341275
202505021005,未勝利,39.57582254984146
202505021006,1勝クラス,63.357995127857585
202505021007,1勝クラス,47.060346825244075
202505021008,2勝クラス,53.531453961717816
202505021009,2勝クラス,43.76425967997813
202505021010,3勝クラス,58.60573722080956
202505021011,重賞,72.7603989972298
202505021012,3勝クラス,72.55307995815483
202505021101,未勝利,42.65261598235352
202505021102,未勝利,42.339281269700464
202505021103,未勝利,42.13081732823826
202505021105,未勝利,40.62625994707024
202505021106,1勝クラス,63.47423915464152
202505021107,1勝クラス,56.13718783719413
202505021108,1勝クラス,42.01812364100458
202505021110,2勝クラス,50.19320698111196
202505021111,OP,80.5133068729531
202505021112,2勝クラス,61.59265774403319
202505040101,未勝利,39.4782944708176
202505040102,未勝利,41.993065122516995
202505040106,1勝クラス,47.40537519757893
202505040107,1勝クラス,51.58526502820987
202505040108,1勝クラス,46.40993800453239
202505040109,2勝クラス,54.36138384474352
202505040110,3勝クラス,60.53680786864946
202505040111,OP,81.22705477999878
202505040112,2勝クラス,59.54138264151317
202505040201,未勝利,44.8238473156008
202505040202,未勝利,43.82489009638781
202505040203,未勝利,39.085236511794314
202505040207,1勝クラス,44.61272077845721
202505040208,1勝クラス,45.82056469568645
202505040209,2勝クラス,53.92721238558477
202505040210,3勝クラス,66.72978897375553
202505040211,重賞,77.93545424339231
202505040212,2勝クラス,56.26942747649319
202505040301,未勝利,43.26006606321897
202505040302,未勝利,38.7664664228784
202505040303,未勝利,45.28429322626877
202505040307,1勝クラス,49.93844263344391
202505040308,1勝クラス,45.516831088018336
202505040309,2勝クラス,58.30699913216512
202505040310,2勝クラス,63.59316760542527
202505040311,重賞,54.452103033066926
202505040312,1勝クラス,49.26178166661827
202505040401,未勝利,42.96848177471895
202505040402,未勝利,43.83866515286921
202505040403,未勝利,42.43130204437321
202505040406,1勝クラス,48.30835528684868
202505040407,1勝クラス,49.63085253765675
202505040408,1勝クラス,52.826397260177096
202505040409,2勝クラス,59.144457490154295
202505040410,3勝クラス,66.22509676747148
202505040411,重賞,76.78342423183722
202505040412,2勝クラス,58.96932047953823
202505040501,未勝利,39.83936643111585
202505040502,未勝利,42.56525124327317
202505040503,未勝利,41.921651650289405
202505040507,1勝クラス,48.45271527430057
202505040508,1勝クラス,55.48891206042732
202505040509,1勝クラス,47.25618109292008
202505040510,3勝クラス,64.66938682468447
202505040511,OP,72.05043792230713
202505040512,1勝クラス,44.20443454665735
202505040601,未勝利,44.222962794731345
202505040602,未勝利,49.255013457383214
202505040603,未勝利,47.04974796846374
202505040606,1勝クラス,45.036293626776654
202505040607,1勝クラス,49.2247843535133
202505040608,2勝クラス,56.34538657237662
202505040609,OP,58.61544388279247
202505040610,3勝クラス,71.45913402992343
202505040611,重賞,75.46793735488379
202505040612,2勝クラス,56.19116978893921
202505040701,未勝利,41.2720030008856
202505040702,未勝利,48.81310595349864
202505040703,未勝利,38.273998739871175
202505040706,1勝クラス,61.17075413751151
202505040707,1勝クラス,48.96047186689303
202505040708,1勝クラス,44.25117786743142
202505040710,2勝クラス,61.96102502073647
202505040711,OP,83.48338769417732
202505040712,3勝クラス,62.55911403244934
202505040801,未勝利,47.030363306178586
202505040802,未勝利,42.474173149258064
202505040803,未勝利,44.13023370572574
202505040807,1勝クラス,44.22575812686415
202505040808,1勝クラス,48.05068189484104
202505040809,2勝クラス,57.48198607757901
202505040810,3勝クラス,69.3416824306938
202505040811,重賞,62.3558158832874
202505040812,2勝クラス,58.12113843847725
202505040901,未勝利,40.19801759601194
202505040902,未勝利,37.864076311830104
202505040903,未勝利,37.38266434876239
202505040907,1勝クラス,45.89040499081571
202505040908,1勝クラス,48.99356602031479
202505040909,2勝クラス,59.00465082139331
202505040910,2勝クラス,54.656432898401405
202505040911,OP,75.19580013307753
202505040912,1勝クラス,51.825651086183406
202505041001,未勝利,42.39087654899064
202505041002,未勝利,41.117277719626195
202505041003,未勝利,42.33856479411337
202505041006,1勝クラス,46.590964836744384
202505041007,1勝クラス,53.51673532174317
202505041008,2勝クラス,57.251525789328255
202505041009,2勝クラス,60.630323378480746
202505041010,3勝クラス,64.03850109970456
202505041011,OP,74.1100026776013
202505041012,1勝クラス,50.7131920101911
202505041101,未勝利,45.05313954718198
202505041102,未勝利,44.387417472605364
202505041103,未勝利,43.399590484039706
202505041106,1勝クラス,46.99383068295976
202505041107,1勝クラス,50.51783504678865
202505041108,1勝クラス,55.82759384097322
202505041109,2勝クラス,60.18233973653219
202505041110,3勝クラス,67.88895569724151
202505041111,重賞,83.36904371178122
202505041112,2勝クラス,58.02762373696177
202505050101,未勝利,39.43806192551022
202505050102,未勝利,42.19882485442414
202505050103,未勝利,44.30320970636464
202505050107,1勝クラス,46.55419923855064
202505050108,2勝クラス,57.01367182787511
202505050109,2勝クラス,58.149969608344364
202505050110,3勝クラス,71.77957584119379
202505050111,重賞,57.55871148258418
202505050112,1勝クラス,50.66017716654359
202505050201,未勝利,44.14160661921029
202505050202,未勝利,44.075392953174145
202505050203,未勝利,43.31230561996431
202505050204,未勝利,45.06208292382364
202505050207,1勝クラス,49.22258595304453
202505050208,2勝クラス,60.68195124520767
202505050209,1勝クラス,56.721706547677826
202505050210,3勝クラス,61.81695955655371
202505050211,重賞,71.63767910716105
202505050212,2勝クラス,52.42175343628406
202505050301,未勝利,43.85342867287396
202505050302,未勝利,43.43998801708238
202505050303,未勝利,40.60216950546733
202505050304,未勝利,44.99483339772793
202505050307,1勝クラス,44.62664304597939
202505050309,2勝クラス,60.515213304753075
202505050310,3勝クラス,60.37749244477203
202505050311,重賞,83.36162855081102
202505050312,2勝クラス,58.67843902774059
202505050401,未勝利,40.867901623374514
202505050402,未勝利,40.23656779268731
202505050403,未勝利,43.30191831683606
202505050406,1勝クラス,44.313578748775065
202505050407,2勝クラス,58.161075732508074
202505050408,2勝クラス,57.384322721338634
202505050409,3勝クラス,64.65939013252822
202505050410,3勝クラス,66.67980938019909
202505050411,OP,65.56768743217955
202505050412,1勝クラス,46.302890626926064
202505050501,未勝利,42.825277942434575
202505050502,未勝利,41.59821851353688
202505050503,未勝利,41.36715108948327
202505050506,1勝クラス,45.6204710108543
202505050507,1勝クラス,47.569308443136855
202505050508,2勝クラス,56.363367499788154
202505050509,1勝クラス,56.290645289200256
202505050510,3勝クラス,59.58263508960304
202505050511,OP,75.10940890289103
202505050512,2勝クラス,55.18103005540324
202505050701,未勝利,48.020955566213175
202505050702,未勝利,43.56387195887312
202505050703,未勝利,41.8095663828245
202505050706,1勝クラス,48.70263541283981
202505050707,1勝クラス,49.299703678962004
202505050708,2勝クラス,62.493847734593196
202505050709,OP,60.46479867117435
202505050710,3勝クラス,67.96990343850585
202505050711,OP,70.02443480776328
202505050712,2勝クラス,54.47865067239403
202505050801,未勝利,45.90392458879406
202505050802,未勝利,42.224622639449706
202505050803,未勝利,47.048945525289234
202505050804,未勝利,44.15617964035667
202505050807,1勝クラス,42.80769899890864
202505050808,1勝クラス,58.63063047671022
202505050809,2勝クラス,56.03175888509084
202505050810,2勝クラス,59.05875727824586
202505050811,3勝クラス,63.86697780493877
202505050812,重賞,83.72289502292143
202506010101,未勝利,42.40230359473516
202506010102,未勝利,46.28605539460607
202506010104,1勝クラス,45.7944164007305
202506010105,未勝利,44.188269288909304
202506010107,1勝クラス,42.71754016771177
202506010108,2勝クラス,51.69922408104401
202506010109,3勝クラス,70.09204877054412
202506010110,OP,57.68099355671271
202506010111,重賞,70.58383741350495
202506010112,2勝クラス,52.20921038646953
202506010201,未勝利,42.067813860427115
202506010202,未勝利,43.75789540702493
202506010203,未勝利,47.149342672250484
202506010204,1勝クラス,38.060447885359395
202506010206,未勝利,48.06734820466112
202506010207,1勝クラス,54.89069630112861
202506010209,2勝クラス,53.31161187498453
202506010210,2勝クラス,52.581979123605514
202506010211,3勝クラス,58.149657399610255
202506010212,1勝クラス,45.61648071278925
202506010301,未勝利,42.71588946545091
202506010302,未勝利,49.71065831463491
202506010303,未勝利,44.74195237694029
202506010306,1勝クラス,42.0147614506964
202506010307,未勝利,47.12273899056636
202506010308,1勝クラス,37.856754111037915
202506010309,1勝クラス,62.681831285828096
202506010310,2勝クラス,54.2790577083507
202506010311,3勝クラス,62.024331894057845
202506010312,2勝クラス,52.25047478863097
202506010401,未勝利,42.63066671549169
202506010402,未勝利,43.49829133616451
202506010403,未勝利,44.02645534768343
202506010405,未勝利,44.15457795344839
202506010406,1勝クラス,44.615925377660574
202506010407,1勝クラス,41.600144924046646
202506010408,1勝クラス,43.37245235964705
202506010409,2勝クラス,55.575818973884175
202506010410,OP,78.04702115940117
202506010411,重賞,61.87704333608663
202506010412,2勝クラス,55.989846353186245
202506010501,未勝利,40.33210697323763
202506010502,未勝利,44.5377904889136
202506010503,未勝利,48.50554435008679
202506010506,未勝利,43.16337050389751
202506010507,1勝クラス,51.86682586676727
202506010508,1勝クラス,47.03545006303369
202506010509,2勝クラス,57.16006246400851
202506010510,3勝クラス,59.91813741446494
202506010511,OP,73.74821291114961
202506010512,1勝クラス,43.750660097877415
202506010601,未勝利,43.71764885943399
202506010602,未勝利,41.99044166697625
202506010605,未勝利,43.46039216122825
202506010606,1勝クラス,39.426522695960735
202506010607,2勝クラス,57.331987851215594
202506010608,2勝クラス,50.77211011725651
202506010609,1勝クラス,58.0053397259779
202506010610,3勝クラス,66.9401471224084
202506010611,OP,66.76908815118803
202506010612,1勝クラス,45.83531362115097
202506010701,未勝利,46.66305511796569
202506010702,未勝利,42.44250158561162
202506010703,未勝利,43.366611050252246
202506010706,1勝クラス,48.755223142683974
202506010707,1勝クラス,45.667101337952246
202506010708,2勝クラス,52.7262962112784
202506010709,3勝クラス,61.35910429110481
202506010710,OP,76.11608134514425
202506010711,重賞,61.599652097757364
202506010712,未勝利,48.94586312421409
202506010801,未勝利,44.347482569125305
202506010802,未勝利,41.385557719837905
202506010803,未勝利,44.17320991010979
202506010806,1勝クラス,62.88409069038584
202506010807,1勝クラス,40.324869746926325
202506010808,1勝クラス,44.30715685935365
202506010809,2勝クラス,52.40541438048221
202506010810,2勝クラス,62.81613055677536
202506010811,3勝クラス,58.29916179432153
202506010812,未勝利,50.65706387013613
202506010901,未勝利,41.78225261096454
202506010902,未勝利,47.75659266841489
202506010903,未勝利,52.71161011345413
202506010905,未勝利,43.30880779346754
202506010906,1勝クラス,46.09095741400441
202506010907,2勝クラス,57.08587014175153
202506010908,2勝クラス,51.29317071924333
202506010909,1勝クラス,56.43788896209244
202506010910,3勝クラス,63.03970676040494
202506010911,重賞,74.64542742608072
202506010912,1勝クラス,42.689121781657924
202506020101,未勝利,42.439999221893125
202506020102,未勝利,42.20128350465652
202506020103,未勝利,43.75497398138981
202506020104,1勝クラス,41.025315841711176
202506020105,未勝利,48.46252223196279
202506020106,未勝利,48.45959050116506
202506020107,1勝クラス,49.27812417057698
202506020108,1勝クラス,35.13850723266347
202506020109,1勝クラス,55.82071661568496
202506020110,3勝クラス,61.43354174814912
202506020111,重賞,71.85837200034366
202506020112,2勝クラス,55.6977739757803
202506020201,未勝利,43.6771690469923
202506020202,未勝利,41.844497919686006
202506020203,未勝利,44.628063801414974
202506020204,未勝利,47.6960284759234
202506020205,未勝利,41.999379643691086
202506020206,1勝クラス,58.99852982260948
202506020207,1勝クラス,53.08076504780391
202506020208,1勝クラス,46.199319212391316
202506020209,2勝クラス,55.73256503983349
202506020210,3勝クラス,57.27420783572584
202506020211,重賞,78.58335880039431
202506020212,2勝クラス,52.924864274849256
202506020301,未勝利,46.137599056625675
202506020302,未勝利,43.96972095109071
202506020303,未勝利,39.20637491890656
202506020305,未勝利,40.300333354855496
202506020306,未勝利,46.388465760511565
202506020307,1勝クラス,49.45451945790304
202506020308,1勝クラス,38.73949416363686
202506020309,2勝クラス,55.88929235728271
202506020310,3勝クラス,69.23430856635153
202506020311,重賞,74.45131729882354
202506020312,1勝クラス,43.98389606522524
202506020401,未勝利,44.83925956412752
202506020402,未勝利,39.85830959300033
202506020403,未勝利,41.27897754420532
202506020405,未勝利,49.36454426643237
202506020406,1勝クラス,57.27502395017961
202506020407,1勝クラス,35.75620301660012
202506020408,2勝クラス,48.208958875363386
202506020409,3勝クラス,61.94380801051206
202506020410,OP,80.1991835339458
202506020411,重賞,67.79145513652166
202506020412,2勝クラス,57.87455837337068
202506020501,未勝利,41.18244771640394
202506020502,未勝利,42.358922306494605
202506020503,未勝利,43.848674197679074
202506020504,未勝利,39.85664988775445
202506020505,未勝利,47.732639496086634
202506020506,未勝利,49.181924245996406
202506020507,1勝クラス,57.69200140437829
202506020508,1勝クラス,37.29400256632027
202506020509,2勝クラス,58.77131671266628
202506020510,3勝クラス,62.35449954960015
202506020511,OP,60.32752546873464
202506020512,2勝クラス,48.947334021675324
202506020601,未勝利,43.479712647935315
202506020602,未勝利,41.44443741391868
202506020603,未勝利,40.82419085509747
202506020604,未勝利,44.7202326471169
202506020605,未勝利,47.389493371540865
202506020606,1勝クラス,57.217123488702015
202506020607,1勝クラス,35.71999995457044
202506020608,1勝クラス,44.088092743840726
202506020609,2勝クラス,56.32253978220965
202506020610,OP,69.71552287758306
202506020611,重賞,60.22983831118146
202506020612,2勝クラス,51.19574777593112
202506020701,未勝利,42.46730958167633
202506020702,未勝利,43.98790883167799
202506020703,未勝利,39.36462392920619
202506020704,未勝利,41.83693401699045
202506020705,1勝クラス,52.52471379842532
202506020706,1勝クラス,36.819873577263444
202506020707,1勝クラス,46.75714824281772
202506020709,2勝クラス,53.11900696498148
202506020710,3勝クラス,69.98409928328581
202506020711,重賞,60.929663315845985
202506020712,2勝クラス,47.06704443455807
202506020801,未勝利,40.94479233802532
202506020802,未勝利,39.41145932838341
202506020803,未勝利,38.36551982357041
202506020805,未勝利,47.409000234594494
202506020806,1勝クラス,54.160670734661274
202506020807,1勝クラス,44.644830485879126
202506020808,1勝クラス,58.8644959162441
202506020809,2勝クラス,50.306058022125455
202506020810,3勝クラス,62.600885201152494
202506020811,OP,76.06837312316313
202506020812,2勝クラス,54.22077067048408
202506030101,未勝利,45.17081879800398
202506030102,未勝利,44.26056726796596
202506030103,未勝利,40.6372506667661
202506030104,未勝利,44.77123818595598
202506030105,1勝クラス,47.850967463723855
202506030106,1勝クラス,55.12539699383632
202506030107,1勝クラス,41.12963845748045
202506030108,2勝クラス,52.2699437920489
202506030109,3勝クラス,64.02501783852392
202506030110,OP,72.258439322278
202506030111,重賞,73.36208566703418
202506030112,2勝クラス,61.212948528694
202506030201,未勝利,41.585684199934825
202506030202,未勝利,41.71048738585551
202506030203,未勝利,40.39004526337341
202506030204,未勝利,42.56536681284601
202506030205,未勝利,44.921887404013525
202506030206,1勝クラス,58.04774255329722
202506030207,1勝クラス,46.17905569929897
202506030208,1勝クラス,37.36520628074837
202506030209,1勝クラス,58.06209524451726
202506030210,3勝クラス,56.615636507035845
202506030211,重賞,86.02997775239604
202506030212,2勝クラス,45.16694278843391
202506030301,未勝利,45.53736793847904
202506030302,未勝利,36.36017389830239
202506030303,未勝利,45.270338694451965
202506030305,未勝利,42.467383596887025
202506030306,未勝利,38.972519182821756
202506030307,1勝クラス,41.838451760915284
202506030308,2勝クラス,49.85616851884591
202506030309,1勝クラス,58.61084500945706
202506030310,2勝クラス,56.73750178647268
202506030311,重賞,76.70360599509773
202506030312,1勝クラス,38.241897214092674
202506030401,未勝利,40.42633330505211
202506030402,未勝利,40.47663466068106
202506030403,未勝利,42.48266000971351
202506030405,未勝利,46.22143788164388
202506030406,1勝クラス,61.41482570632246
202506030407,1勝クラス,55.7395974906628
202506030408,1勝クラス,38.58782459071142
202506030409,2勝クラス,51.283482495209945
202506030410,3勝クラス,67.01423824740078
202506030411,3勝クラス,61.84560828068688
202506030412,2勝クラス,47.88627964658979
202506030501,未勝利,45.09471439629802
202506030502,未勝利,37.991004842968984
202506030503,未勝利,48.46808412277838
202506030505,未勝利,42.23857570319358
202506030506,未勝利,43.1652856951294
202506030507,1勝クラス,44.63321221490709
202506030508,1勝クラス,42.912152185751104
202506030509,1勝クラス,51.173181359599454
202506030510,3勝クラス,59.66041725872469
202506030511,重賞,63.5601439523192
202506030512,2勝クラス,52.37171835172081
202506030601,未勝利,38.32179085232714
202506030602,未勝利,40.21328481647584
202506030603,未勝利,39.75305013399111
202506030605,未勝利,43.76714139980979
202506030606,未勝利,43.2191523631544
202506030607,1勝クラス,61.4838857623771
202506030608,1勝クラス,56.83625091069353
202506030609,2勝クラス,61.44408737682331
202506030610,2勝クラス,53.29270400399528
202506030611,OP,65.47641001470757
202506030612,1勝クラス,32.49722259061393
202506030701,未勝利,38.3727891284889
202506030702,未勝利,45.366389962536985
202506030703,未勝利,41.271545059863094
202506030704,未勝利,40.47440344885728
202506030705,未勝利,40.19517660380404
202506030706,1勝クラス,59.36126320556029
202506030707,1勝クラス,44.2678205595754
202506030708,1勝クラス,38.434642794777034
202506030709,2勝クラス,46.33892129217231
202506030710,3勝クラス,68.18142878592887
202506030712,2勝クラス,50.22218701438801
202506030801,未勝利,42.255878102408964
202506030802,未勝利,37.94227590621524
202506030803,未勝利,38.873111693974366
202506030804,未勝利,41.6939826533913
202506030805,1勝クラス,47.11038837305193
202506030806,1勝クラス,65.35240333830748
202506030807,1勝クラス,38.63705321591287
202506030808,2勝クラス,56.835769343418306
202506030809,2勝クラス,55.00354860242547
202506030810,OP,77.96861994247512
202506030811,重賞,77.53342685350532
202506030812,3勝クラス,61.10414062570432
202506040102,未勝利,40.879295697079485
202506040103,未勝利,45.16484411156797
202506040104,未勝利,36.28690580028022
202506040107,未勝利,39.759452610821555
202506040108,1勝クラス,47.63904557138433
202506040109,1勝クラス,49.3105210626684
202506040110,2勝クラス,53.01057711376591
202506040111,重賞,71.49671734416485
202506040112,1勝クラス,44.76786427742329
202506040202,未勝利,42.59150771713799
202506040203,未勝利,43.338937499767006
202506040204,未勝利,43.726290999678874
202506040207,未勝利,34.03362620112563
202506040208,1勝クラス,46.659009977141416
202506040209,2勝クラス,55.171558000783236
202506040210,3勝クラス,55.65746698717678
202506040211,重賞,64.74579390407764
202506040212,1勝クラス,42.07450033073841
202506040301,未勝利,42.920577689686056
202506040302,未勝利,42.77136202123725
202506040303,未勝利,40.328164111118134
202506040307,未勝利,43.0069795872918
202506040308,1勝クラス,43.46640639845204
202506040309,2勝クラス,54.963293548441214
202506040310,2勝クラス,49.7570272872095
202506040311,3勝クラス,66.8772606125516
202506040312,1勝クラス,43.32523135020773
202506040402,未勝利,40.75459771582545
202506040403,未勝利,44.09974415793314
202506040404,未勝利,51.42335707917152
202506040406,未勝利,41.98562222760428
202506040407,未勝利,46.09788677436875
202506040408,1勝クラス,47.41094815267519
202506040409,2勝クラス,60.45921473506925
202506040410,3勝クラス,60.74264963327745
202506040411,OP,76.99792439665563
202506040412,1勝クラス,49.1642152405182
202506040501,未勝利,41.638957900180046
202506040502,未勝利,42.56245723807266
202506040503,未勝利,37.77503506652264
202506040504,未勝利,41.99548286757434
202506040507,1勝クラス,46.00196665106441
202506040508,1勝クラス,39.98527816656532
202506040509,2勝クラス,61.125681101932514
202506040510,2勝クラス,55.60416523425157
202506040511,重賞,65.69273156157107
202506040512,1勝クラス,42.45993080171048
202506040601,未勝利,42.634662530021345
202506040602,未勝利,41.97297187619649
202506040603,1勝クラス,43.137026855807825
202506040606,1勝クラス,46.75448328809671
202506040607,1勝クラス,45.83183798440036
202506040608,1勝クラス,42.459709185852354
202506040609,OP,53.029634625157954
202506040610,2勝クラス,51.48140545467313
202506040611,OP,82.51761627315923
202506040612,2勝クラス,52.65420423492674
202506040701,未勝利,42.35001214428362
202506040702,未勝利,38.19613615613511
202506040703,未勝利,43.425528309956654
202506040706,1勝クラス,40.4081135591057
202506040707,1勝クラス,48.20929581200119
202506040708,1勝クラス,44.16706185151293
202506040709,2勝クラス,56.327865530214304
202506040710,3勝クラス,71.98744369276577
202506040711,重賞,77.9050406497256
202506040712,2勝クラス,57.83419185821652
202506040802,未勝利,47.51604160513745
202506040803,未勝利,43.05659301050447
202506040806,1勝クラス,47.60983912151027
202506040807,1勝クラス,45.83882443285887
202506040808,1勝クラス,43.875007908791
202506040809,OP,53.330253360049085
202506040810,2勝クラス,54.76020554015787
202506040811,3勝クラス,67.70140416351906
202506040812,2勝クラス,56.07276121524616
202506040901,未勝利,46.22239912924981
202506040902,未勝利,41.16720114086198
202506040903,未勝利,40.51573051767701
202506040906,1勝クラス,49.346593380483995
202506040907,1勝クラス,49.33413325669859
202506040908,2勝クラス,60.206757218211024
202506040909,1勝クラス,53.77670363628024
202506040910,2勝クラス,55.03965638837415
202506040911,重賞,85.26551942368285
202506040912,3勝クラス,65.24164449264545
202506050101,未勝利,39.918315242647886
202506050102,未勝利,42.17974589987763
202506050103,未勝利,44.516499468602305
202506050104,未勝利,43.37705473814807
202506050107,1勝クラス,40.155123359160555
202506050109,1勝クラス,54.045862254124756
202506050110,2勝クラス,60.16339452063083
202506050111,重賞,65.42845090465542
202506050112,2勝クラス,54.05032139735312
202506050201,未勝利,40.72792924530178
202506050202,未勝利,43.34643196595082
202506050206,1勝クラス,48.373084323211565
202506050207,2勝クラス,56.1490637202428
202506050208,2勝クラス,50.8521484062273
202506050209,3勝クラス,60.558654592583636
202506050210,3勝クラス,66.1355056347017
202506050211,OP,66.43105261326164
202506050212,1勝クラス,52.770467500533535
202506050301,未勝利,41.558764867607266
202506050302,未勝利,44.60961921850711
202506050303,未勝利,44.387130383831234
202506050304,未勝利,46.789688892252656
202506050307,1勝クラス,44.51912437609235
202506050308,2勝クラス,59.19545346363741
202506050309,1勝クラス,54.55058307422067
202506050310,3勝クラス,60.29547103954966
202506050311,3勝クラス,60.38696828769084
202506050312,2勝クラス,52.31520782557251
202506050401,未勝利,40.272951358521894
202506050402,未勝利,38.36016143015236
202506050403,未勝利,42.37285220068604
202506050407,1勝クラス,61.846681340404686
202506050408,1勝クラス,51.6239930185668
202506050409,2勝クラス,57.37123063027873
202506050410,OP,79.82693802187899
202506050411,重賞,74.82177852933674
202506050412,1勝クラス,51.951020953720416
202506050501,未勝利,39.886658000623264
202506050502,未勝利,50.01607521105777
202506050503,未勝利,48.15400254583283
202506050507,未勝利,45.45065744308865
202506050508,1勝クラス,43.6549605628571
202506050509,1勝クラス,56.02269979527449
202506050510,2勝クラス,57.471525554942666
202506050511,重賞,70.707740821625
202506050512,2勝クラス,54.669862008433576
202506050601,未勝利,35.119460751708445
202506050602,未勝利,46.8804732425902
202506050603,未勝利,43.80992011076168
202506050607,未勝利,43.28508761458741
202506050608,1勝クラス,52.84307019720606
202506050609,2勝クラス,53.36285316668484
202506050610,3勝クラス,69.14933078648804
202506050611,OP,63.652061181581814
202506050612,2勝クラス,53.3139719130955
202506050701,未勝利,41.714279535375155
202506050702,未勝利,49.58283373386473
202506050703,未勝利,41.15340803821816
202506050704,未勝利,45.958551204223724
202506050707,1勝クラス,47.876897968549486
202506050708,1勝クラス,47.608729407695165
202506050709,2勝クラス,49.926108035987866
202506050711,重賞,63.26366346236698
202506050712,3勝クラス,62.82108058663888
202506050801,未勝利,39.43975104288471
202506050802,未勝利,47.57760248482877
202506050803,未勝利,39.18923818187508
202506050804,1勝クラス,51.22428263831377
202506050807,1勝クラス,38.47120887985247
202506050808,2勝クラス,60.29912342506284
202506050809,2勝クラス,55.007587734012745
202506050810,3勝クラス,61.47236423185208
202506050811,重賞,83.52589406204777
202506050812,3勝クラス,63.69051105796099
202507010101,未勝利,49.40135367344282
202507010102,未勝利,44.42517020636136
202507010103,未勝利,47.316284935569676
202507010106,1勝クラス,44.78147974988357
202507010107,1勝クラス,57.58149747250883
202507010108,2勝クラス,55.40863175851218
202507010109,2勝クラス,53.541116920080945
202507010110,3勝クラス,61.23890237646207
202507010111,重賞,69.44906639915223
202507010112,1勝クラス,46.75599277176606
202507010201,未勝利,44.25006253943696
202507010202,未勝利,45.576388422054876
202507010204,1勝クラス,61.906170196131164
202507010205,未勝利,49.068966922422646
202507010206,未勝利,51.626481092651076
202507010207,1勝クラス,47.96310751008754
202507010208,1勝クラス,42.203942277273875
202507010209,2勝クラス,62.11435594193659
202507010210,3勝クラス,64.11238680848224
202507010211,OP,61.268695449666744
202507010212,2勝クラス,57.159544309023914
202507010301,未勝利,49.8888898868953
202507010302,未勝利,45.701506904627394
202507010304,1勝クラス,43.11967754539275
202507010305,未勝利,48.55375283154787
202507010306,1勝クラス,52.75416396910892
202507010307,1勝クラス,45.55597636267873
202507010309,2勝クラス,50.107168552655345
202507010310,2勝クラス,58.82227441659788
202507010311,OP,77.0093584720614
202507010312,未勝利,48.125360181422934
202507010401,未勝利,45.91552860936784
202507010402,未勝利,51.76684552260997
202507010403,未勝利,48.614260433862086
202507010406,未勝利,48.89983892817028
202507010407,1勝クラス,61.478795963903494
202507010408,1勝クラス,44.1762118499786
202507010409,2勝クラス,58.830135003252735
202507010410,3勝クラス,61.55819246665905
202507010411,OP,71.35958813281445
202507010412,1勝クラス,40.65117918782414
202507010501,未勝利,44.172106818073594
202507010502,未勝利,48.670677078084466
202507010503,未勝利,48.16928584125083
202507010506,1勝クラス,40.78574340851622
202507010507,1勝クラス,44.134943978513625
202507010508,1勝クラス,43.7168909426278
202507010509,2勝クラス,59.29161905583718
202507010510,3勝クラス,71.786269857571
202507010511,重賞,61.98909421834853
202507010512,2勝クラス,48.02105549504318
202507010601,未勝利,46.606826283169475
202507010602,未勝利,44.57600806855509
202507010604,1勝クラス,64.08484705424752
202507010605,未勝利,46.904918208165846
202507010606,未勝利,41.44656719111354
202507010607,1勝クラス,46.35009838860384
202507010608,1勝クラス,39.45435427650018
202507010609,2勝クラス,58.61835969491432
202507010610,OP,61.249561423146055
202507010611,3勝クラス,70.93715296919576
202507010612,2勝クラス,50.13569255467958
202507010701,未勝利,41.9659017164734
202507010702,未勝利,46.30192657896727
202507010703,未勝利,46.112391257270005
202507010704,未勝利,47.48600987300603
202507010706,1勝クラス,59.82772556075661
202507010707,1勝クラス,45.2208282826706
202507010708,1勝クラス,43.12989717230553
202507010709,2勝クラス,54.780746273404574
202507010710,2勝クラス,56.61363235188628
202507010711,重賞,75.21629087906048
202507010712,1勝クラス,43.01311198240066
202507010801,未勝利,43.388982432781255
202507010802,未勝利,45.47308313348105
202507010803,未勝利,40.05219792376818
202507010805,未勝利,45.462970199035496
202507010806,未勝利,42.589788688357594
202507010807,1勝クラス,45.57128678186951
202507010808,2勝クラス,58.8390962054049
202507010809,OP,61.260021923894676
202507010810,2勝クラス,54.494134160397635
202507010811,3勝クラス,67.23358805045858
202507010812,1勝クラス,43.241485211708
202507010901,未勝利,44.83913052900492
202507010902,未勝利,46.07391592195826
202507010903,未勝利,47.061445879217054
202507010904,1勝クラス,62.66718560536492
202507010906,未勝利,44.061347881895486
202507010907,1勝クラス,37.21933310957957
202507010908,1勝クラス,42.52676655490151
202507010909,2勝クラス,52.91779557697698
202507010910,3勝クラス,60.80810527376214
202507010911,重賞,84.74941696453891
202507010912,2勝クラス,49.411875590525874
202507020101,未勝利,45.20889184111986
202507020102,未勝利,41.14875990119401
202507020103,未勝利,48.3565017541921
202507020104,未勝利,45.286508450628986
202507020105,未勝利,45.125475928802885
202507020106,1勝クラス,63.917695678142096
202507020107,1勝クラス,39.91491920708578
202507020108,1勝クラス,40.556256665635296
202507020109,2勝クラス,53.570418267699445
202507020110,2勝クラス,52.76895525676813
202507020111,3勝クラス,67.0154027516643
202507020112,1勝クラス,44.879892106485606
202507020201,未勝利,45.47138245665495
202507020202,未勝利,46.03139202299115
202507020203,未勝利,47.1054804832886
202507020204,未勝利,45.325831955833806
202507020205,未勝利,42.591847755747736
202507020206,1勝クラス,42.19525249428117
202507020207,1勝クラス,43.54647600709532
202507020208,1勝クラス,41.874792907442355
202507020209,2勝クラス,45.498413792131544
202507020210,OP,68.37690845446176
202507020211,重賞,80.60079484759552
202507020212,1勝クラス,41.19602044523391
202507020301,未勝利,44.33637875074667
202507020302,未勝利,43.2396489461397
202507020303,未勝利,43.42316655046108
202507020304,未勝利,44.26218379329386
202507020305,未勝利,47.563755674786165
202507020306,未勝利,46.90762192160209
202507020307,1勝クラス,40.927094961444155
202507020308,1勝クラス,41.887614554123
202507020309,1勝クラス,45.68427211128579
202507020310,2勝クラス,48.66406981267475
202507020311,重賞,63.99497106444263
202507020312,1勝クラス,37.3114873461506
202507020401,未勝利,41.57897559771867
202507020402,未勝利,41.881299525353995
202507020403,未勝利,47.69042388017093
202507020404,未勝利,46.48784529930656
202507020405,未勝利,42.129409961031826
202507020406,1勝クラス,37.206642447652044
202507020407,1勝クラス,44.278583301576546
202507020408,1勝クラス,39.79222432929238
202507020409,1勝クラス,53.43187782254411
202507020410,2勝クラス,59.382055165315755
202507020411,重賞,70.39127027570063
202507020412,1勝クラス,40.64603897212247
202507020501,未勝利,47.17139887465723
202507020502,未勝利,47.55200098256377
202507020503,未勝利,43.24951558799235
202507020504,未勝利,44.21551335774701
202507020505,未勝利,43.76558405683947
202507020506,1勝クラス,41.29181593774578
202507020507,1勝クラス,40.31634818214651
202507020508,1勝クラス,42.398218922905144
202507020509,2勝クラス,56.758856662755875
202507020510,2勝クラス,47.384703618499834
202507020511,3勝クラス,60.21810968026979
202507020512,1勝クラス,35.25266552405737
202507020601,未勝利,47.86837520636952
202507020602,未勝利,41.217604856028366
202507020603,未勝利,44.13356530533208
202507020604,未勝利,47.19391017636044
202507020605,未勝利,43.18980974043106
202507020606,1勝クラス,43.21489136610521
202507020607,1勝クラス,43.4054466992537
202507020608,1勝クラス,52.89941051520238
202507020609,1勝クラス,42.76079194372979
202507020610,3勝クラス,69.78034422522948
202507020611,重賞,83.31026496770014
202507020612,2勝クラス,51.6993694513145
202507030102,未勝利,36.43898265893697
202507030103,未勝利,45.2095926961907
202507030105,未勝利,36.49431588883025
202507030106,2勝クラス,58.28740421436305
202507030107,3勝クラス,66.50022343399684
202507030108,2勝クラス,58.566896386448065
202507030110,1勝クラス,52.45038283672017
202507030111,未勝利,34.56831766423489
202507030112,1勝クラス,49.44269577653644
202507030202,未勝利,40.60699102519027
202507030204,未勝利,38.96335449364868
202507030205,未勝利,36.98257903223493
202507030206,2勝クラス,50.986628240019286
202507030207,重賞,88.18297943210169
202507030208,1勝クラス,48.29060683258705
202507030209,1勝クラス,46.20230634325385
202507030210,1勝クラス,51.326979722784564
202507030211,未勝利,36.83776196349251
202507030212,1勝クラス,46.55973311658216
202507030301,未勝利,49.052181481908484
202507030303,未勝利,38.997817448236255
202507030304,未勝利,39.739726749539386
202507030305,未勝利,40.204963671898966
202507030306,2勝クラス,58.34430823425501
202507030307,3勝クラス,60.55417110345669
202507030308,2勝クラス,57.21425986941322
202507030309,1勝クラス,52.6844758584691
202507030310,1勝クラス,47.83812358054966
202507030311,1勝クラス,51.48343936569033
202507030312,未勝利,40.5815415257726
202507030401,未勝利,42.803059001412265
202507030404,未勝利,39.38396894176057
202507030405,未勝利,40.12056972904899
202507030406,3勝クラス,72.20698270603874
202507030407,OP,84.81012478359335
202507030408,2勝クラス,55.02446119430619
202507030409,未勝利,37.851277056270284
202507030410,1勝クラス,53.13594623496491
202507030411,1勝クラス,45.667416399358
202507030412,1勝クラス,47.5638677463749
202507030502,未勝利,38.53802187576645
202507030503,未勝利,38.13772171896066
202507030505,未勝利,38.24070713618277
202507030506,2勝クラス,56.7813003437433
202507030507,3勝クラス,74.25022505628868
202507030508,1勝クラス,55.28419803330919
202507030509,1勝クラス,45.70175047828545
202507030510,1勝クラス,48.53667153735324
202507030511,未勝利,36.575006389845015
202507030512,1勝クラス,50.006226997440464
202507030602,未勝利,37.91966621285966
202507030603,未勝利,41.986665545037674
202507030605,未勝利,35.613176215021
202507030606,2勝クラス,54.30465253287527
202507030607,重賞,74.25404215283075
202507030608,2勝クラス,64.18456862427357
202507030609,未勝利,37.352072365244055
202507030610,1勝クラス,49.8902575011584
202507030611,未勝利,37.19108670622723
202507030612,1勝クラス,45.808867670826636
202507030701,未勝利,49.761822007364614
202507030703,未勝利,39.472065154197416
202507030704,未勝利,41.121053350160665
202507030705,未勝利,39.92361421809693
202507030706,2勝クラス,53.27181200026541
202507030707,3勝クラス,65.22671503999655
202507030708,2勝クラス,60.85495470987135
202507030709,1勝クラス,48.861009633784455
202507030710,1勝クラス,52.12527487508236
202507030711,未勝利,38.46597343606982
202507030712,1勝クラス,46.06580893733433
202507030801,未勝利,39.45692394327546
202507030804,未勝利,37.78688633157056
202507030805,未勝利,41.230151180799425
202507030806,2勝クラス,61.5151573833385
202507030807,重賞,76.14887469145869
202507030808,1勝クラス,45.91356140322365
202507030809,未勝利,38.24687141913521
202507030810,1勝クラス,48.47997658665895
202507030811,未勝利,39.58326191414601
202507030812,1勝クラス,45.28328637373769
202507040102,未勝利,39.74962113808254
202507040103,未勝利,46.120914923838335
202507040104,未勝利,41.15358630606612
202507040107,未勝利,35.93694881827837
202507040108,1勝クラス,49.76915711806918
202507040109,1勝クラス,45.99646938118579
202507040110,2勝クラス,55.87307233993499
202507040111,3勝クラス,69.76955185576006
202507040112,1勝クラス,50.783319238488446
202507040202,未勝利,40.31233063003309
202507040203,未勝利,40.88144962665589
202507040204,未勝利,34.81722899208191
202507040206,未勝利,37.28479043657895
202507040207,1勝クラス,50.55668677449761
202507040208,未勝利,36.433460301775355
202507040209,1勝クラス,48.49427408527694
202507040210,2勝クラス,60.385991127919446
202507040211,3勝クラス,57.19419854500094
202507040212,1勝クラス,50.21956595793211
202507040301,未勝利,44.80524896086658
202507040302,未勝利,48.74123498300445
202507040303,未勝利,43.709650198296146
202507040304,未勝利,41.441442775810216
202507040306,未勝利,41.78645432860816
202507040307,1勝クラス,51.35151764806088
202507040308,1勝クラス,51.96759559667349
202507040309,2勝クラス,56.33749851004466
202507040310,2勝クラス,53.43595329296971
202507040311,OP,82.20981000348063
202507040312,1勝クラス,49.717609317779306
202507040401,未勝利,45.200719069337445
202507040402,未勝利,39.84561252681661
202507040403,未勝利,39.456828285873954
202507040404,未勝利,36.779182458679685
202507040407,1勝クラス,49.74098747623825
202507040408,1勝クラス,49.868042495848854
202507040409,2勝クラス,53.06385291372442
202507040410,3勝クラス,70.34808373031548
202507040411,重賞,51.97666165316397
202507040412,1勝クラス,43.10470330068467
202507050101,未勝利,43.81225231468043
202507050102,1勝クラス,44.23505139310571
202507050103,1勝クラス,48.60834234212363
202507050104,未勝利,37.37729961898974
202507050105,未勝利,41.1211547485525
202507050106,1勝クラス,50.70949977014238
202507050107,1勝クラス,46.193515583034625
202507050108,1勝クラス,49.597284043483235
202507050109,1勝クラス,56.32749675592894
202507050110,2勝クラス,58.911566840718734
202507050111,3勝クラス,58.42700191689494
202507050112,1勝クラス,48.08607135784602
202507050201,未勝利,41.74819262560108
202507050202,1勝クラス,46.43305741425581
202507050203,1勝クラス,50.82873879810609
202507050204,未勝利,43.65013576380829
202507050206,1勝クラス,48.51885072165596
202507050207,1勝クラス,41.80631380478379
202507050208,1勝クラス,48.09212273357885
202507050209,2勝クラス,54.76395420188254
202507050210,2勝クラス,54.98167007245857
202507050211,重賞,86.60465321089875
202507050212,1勝クラス,51.88204042391332
202507050301,未勝利,43.88157456994318
202507050302,1勝クラス,44.34209206008808
202507050303,1勝クラス,50.96488547249215
202507050304,未勝利,42.742394422415146
202507050306,1勝クラス,46.49463672979098
202507050307,1勝クラス,48.03660328250748
202507050308,1勝クラス,45.79190336276581
202507050309,1勝クラス,57.82691515541816
202507050310,2勝クラス,60.852330680423684
202507050311,重賞,69.09163698763754
202507050312,1勝クラス,44.85670415688351
202507050401,未勝利,44.93520399165267
202507050402,未勝利,48.59044942898593
202507050403,1勝クラス,42.62056122201861
202507050404,未勝利,42.95996219669755
202507050406,1勝クラス,45.216697808085186
202507050407,1勝クラス,46.013350374665805
202507050408,1勝クラス,46.92332278698543
202507050409,1勝クラス,48.78700852433492
202507050410,2勝クラス,51.328673439605645
202507050411,3勝クラス,57.30327034444221
202507050412,1勝クラス,46.817027020830366
202507050501,未勝利,37.2912864822513
202507050502,1勝クラス,47.501408532724376
202507050503,1勝クラス,48.10403206883959
202507050504,未勝利,44.89367036939085
202507050505,未勝利,40.58551830111303
202507050506,1勝クラス,47.65739719142383
202507050507,1勝クラス,50.002273974214894
202507050508,1勝クラス,45.38476133334947
202507050509,OP,59.242468604115196
202507050510,2勝クラス,53.20132834040529
202507050511,3勝クラス,71.86388597963189
202507050512,1勝クラス,46.95956344364182
202507050601,未勝利,43.10838591889058
202507050602,1勝クラス,41.70990129845279
202507050603,1勝クラス,53.27322299161941
202507050604,未勝利,43.29136431077691
202507050606,1勝クラス,44.57855780347887
202507050607,1勝クラス,40.07740775752546
202507050608,1勝クラス,46.41487549339008
202507050609,1勝クラス,59.722367952645016
202507050610,2勝クラス,54.50118714341208
202507050611,OP,75.03253750049774
202507050612,2勝クラス,53.18228625282619
202508010101,未勝利,45.05064370287869
202508010102,未勝利,51.53427586656805
202508010103,未勝利,47.15701283340174
202508010104,未勝利,44.68340111500624
202508010106,未勝利,46.97159545569888
202508010107,1勝クラス,58.10870095723496
202508010108,1勝クラス,41.38787047547896
202508010109,1勝クラス,59.230061093479584
202508010110,2勝クラス,54.36041163748653
202508010111,3勝クラス,70.404875440197
202508010112,2勝クラス,48.98725776480544
202508010201,未勝利,42.50127923789968
202508010202,未勝利,44.98618957090542
202508010203,未勝利,46.52008388509583
202508010204,1勝クラス,63.11226227706004
202508010206,未勝利,44.267380193693555
202508010207,1勝クラス,44.35881612784905
202508010208,2勝クラス,56.20785214200125
202508010209,2勝クラス,61.419347055244394
202508010210,3勝クラス,61.61813340525745
202508010211,重賞,74.83230025135524
202508010212,1勝クラス,42.0427359290047
202508010301,未勝利,46.554000685605736
202508010302,未勝利,47.45617398140122
202508010303,未勝利,46.86268011023826
202508010305,未勝利,49.49177129120837
202508010306,1勝クラス,44.847608651692916
202508010307,1勝クラス,36.63742255585962
202508010308,2勝クラス,52.11841062489407
202508010309,3勝クラス,60.497761782194445
202508010310,OP,60.69817689870568
202508010311,OP,81.17211685014001
202508010312,1勝クラス,40.40745618758504
202508010401,未勝利,43.23270086575953
202508010402,未勝利,37.87294729217051
202508010403,未勝利,43.717245859081046
202508010404,1勝クラス,63.904941808462745
202508010406,未勝利,45.86377517647456
202508010407,1勝クラス,39.07347045138231
202508010408,2勝クラス,50.87691380407929
202508010409,3勝クラス,62.292597954207245
202508010410,OP,76.85040592891463
202508010411,重賞,66.60341987865704
202508010412,2勝クラス,51.32057084712889
202508010501,未勝利,44.27966177321162
202508010502,未勝利,48.223367618201706
202508010503,未勝利,45.16684215208363
202508010504,未勝利,47.11731197795995
202508010506,未勝利,47.83638622845332
202508010507,1勝クラス,43.02214360076464
202508010508,1勝クラス,40.99997514576158
202508010509,1勝クラス,56.424693244376925
202508010510,3勝クラス,62.88820110092312
202508010511,OP,71.96624085295346
202508010512,2勝クラス,59.03209701146187
202508010601,未勝利,48.66075806947334
202508010603,未勝利,44.56127174048864
202508010604,1勝クラス,63.02135164201363
202508010605,未勝利,40.055570715407235
202508010606,未勝利,46.5882596451974
202508010607,1勝クラス,42.99301881267662
202508010608,1勝クラス,42.55151695246534
202508010609,2勝クラス,55.8905319398827
202508010610,3勝クラス,70.2702958817233
202508010611,重賞,71.10457103026168
202508010612,2勝クラス,52.75428365367098
202508010701,未勝利,43.83711874618691
202508010702,未勝利,40.63507516541584
202508010703,未勝利,49.23799898073733
202508010705,未勝利,43.410300304664986
202508010706,1勝クラス,42.842891031785584
202508010707,1勝クラス,37.57433665738155
202508010708,2勝クラス,51.50446650796481
202508010709,1勝クラス,61.34325536119759
202508010710,3勝クラス,66.53023968358733
202508010711,重賞,73.541012779123
202508010712,2勝クラス,57.86520077773936
202508010801,未勝利,46.73138130838089
202508010802,未勝利,41.44764731110327
202508010803,未勝利,43.383309290757225
202508010805,未勝利,47.40995775555546
202508010806,1勝クラス,61.185992206697435
202508010807,1勝クラス,39.82468489632534
202508010808,1勝クラス,42.500406164341776
202508010809,3勝クラス,62.04469910667588
202508010810,OP,65.3732488245884
202508010811,OP,75.9925000763264
202508010812,2勝クラス,55.28439187781283
202508020101,未勝利,47.35431883400783
202508020102,未勝利,50.75450724294285
202508020103,未勝利,38.7109728116414
202508020105,未勝利,44.45147521653821
202508020106,未勝利,41.984186923030634
202508020107,1勝クラス,63.53297652400498
202508020108,1勝クラス,60.07102492308673
202508020109,1勝クラス,39.17800713617976
202508020110,3勝クラス,73.33247971364278
202508020111,OP,76.97911072987
202508020112,2勝クラス,45.210872562076695
202508020201,未勝利,43.67656078782508
202508020202,未勝利,45.79161553186083
202508020203,未勝利,40.772364732176214
202508020205,未勝利,44.14778791420515
202508020206,1勝クラス,58.59595128397331
202508020207,1勝クラス,43.26259880764416
202508020208,1勝クラス,41.35894061937338
202508020209,2勝クラス,48.47066027344414
202508020210,3勝クラス,62.15030380292728
202508020211,重賞,73.07367530328042
202508020212,2勝クラス,55.96258046795797
202508020301,未勝利,42.87209679441473
202508020302,未勝利,48.58762749332805
202508020303,未勝利,43.767584402359866
202508020304,未勝利,41.80134260583584
202508020305,未勝利,45.96450693132823
202508020306,1勝クラス,54.46388140848771
202508020307,1勝クラス,30.096475888813423
202508020308,1勝クラス,37.06948356222066
202508020309,1勝クラス,60.656881892107876
202508020310,2勝クラス,47.95331191041075
202508020311,重賞,71.86711745922125
202508020312,2勝クラス,51.56579171585184
202508020401,未勝利,43.70365453981157
202508020402,未勝利,46.72455473864303
202508020403,未勝利,41.98991747064597
202508020404,未勝利,39.67811016472137
202508020405,1勝クラス,62.07643039610871
202508020406,1勝クラス,40.30926171310984
202508020407,1勝クラス,37.65510544444611
202508020408,2勝クラス,56.01476773179345
202508020409,2勝クラス,57.6678634324026
202508020410,3勝クラス,55.719692598290514
202508020411,重賞,75.70386764371607
202508020412,3勝クラス,64.1061496150048
202508020501,未勝利,48.82909306846305
202508020502,未勝利,45.77093304657005
202508020503,未勝利,41.70669767116005
202508020504,未勝利,44.8537804407053
202508020505,未勝利,39.70364505518617
202508020506,1勝クラス,59.64995402546375
202508020507,1勝クラス,42.82365984612054
202508020508,1勝クラス,45.37226157629672
202508020509,2勝クラス,47.99506048008042
202508020510,2勝クラス,45.311985076225234
202508020511,重賞,69.31926397037351
202508020512,2勝クラス,52.60192264618818
202508020601,未勝利,46.78187372704929
202508020602,未勝利,43.68032869805624
202508020603,未勝利,45.136468363383806
202508020604,未勝利,41.23763626430956
202508020605,未勝利,44.291371365421796
202508020606,1勝クラス,56.07006370650758
202508020607,1勝クラス,54.24615763077087
202508020608,1勝クラス,35.83950376231712
202508020609,3勝クラス,63.95866364945945
202508020610,OP,64.21897050626526
202508020611,OP,77.92980256370696
202508020612,2勝クラス,51.09400749024034
202508020701,未勝利,46.01102790493608
202508020702,未勝利,48.18027592068936
202508020703,未勝利,45.96041850571513
202508020704,未勝利,40.72193926502078
202508020705,未勝利,42.274841845478804
202508020706,1勝クラス,43.006378977528954
202508020707,2勝クラス,46.8796597547735
202508020709,1勝クラス,60.63654784506184
202508020710,3勝クラス,69.99799787711699
202508020711,OP,67.55586384421943
202508020712,2勝クラス,54.99325843314042
202508020801,未勝利,47.74817793289294
202508020802,未勝利,47.94792200072217
202508020803,未勝利,40.84172903163919
202508020804,未勝利,41.55865662495847
202508020805,1勝クラス,64.49729056378071
202508020806,1勝クラス,35.20639555711908
202508020807,1勝クラス,44.21634192107398
202508020808,1勝クラス,41.68948512814181
202508020809,2勝クラス,46.085776285865805
202508020810,3勝クラス,61.07018341714924
202508020811,OP,77.19894948173695
202508020812,2勝クラス,51.88735191227103
202508020901,未勝利,46.67323700340529
202508020902,未勝利,42.27396372372961
202508020903,未勝利,50.68706767370264
202508020904,未勝利,44.38279438726324
202508020905,未勝利,43.72731647453253
202508020906,1勝クラス,57.068675108069094
202508020907,1勝クラス,38.99583627569987
202508020908,1勝クラス,45.526489821490635
202508020909,1勝クラス,59.08632730371919
202508020910,3勝クラス,64.92745978096953
202508020911,重賞,85.62360649129847
202508020912,2勝クラス,54.29372095255
202508021001,未勝利,47.44706711984093
202508021002,未勝利,42.26805412784212
202508021003,未勝利,45.02958085685911
202508021004,未勝利,40.84562820002723
202508021005,未勝利,43.51750912104795
202508021006,1勝クラス,53.808801795175405
202508021007,1勝クラス,63.554827797327235
202508021008,2勝クラス,43.294660804106556
202508021009,1勝クラス,39.86627754367823
202508021010,3勝クラス,63.61858330689859
202508021011,OP,66.66326186119797
202508021012,2勝クラス,55.796544298683315
202508021101,未勝利,47.64341128270582
202508021102,未勝利,47.214446986941454
202508021103,未勝利,48.045744232642946
202508021104,未勝利,40.78660810195087
202508021105,未勝利,41.06462725748493
202508021106,1勝クラス,44.32453896249421
202508021107,2勝クラス,60.16036548540838
202508021108,1勝クラス,42.328707257528535
202508021109,OP,65.77711245701653
202508021110,3勝クラス,69.22794053109635
202508021111,重賞,66.20428240746955
202508021112,2勝クラス,46.896347637363306
202508030101,未勝利,45.03007682007367
202508030102,未勝利,39.07817218188886
202508030104,1勝クラス,47.24907026357819
202508030106,1勝クラス,51.2104555071204
202508030107,1勝クラス,47.05016676380357
202508030108,2勝クラス,61.36009615177156
202508030109,1勝クラス,55.14216155598766
202508030110,3勝クラス,67.46502331548264
202508030111,OP,67.69099718801814
202508030112,2勝クラス,58.47009891306707
202508030201,未勝利,45.98737346143173
202508030202,未勝利,38.733952708084914
202508030206,1勝クラス,52.073318718487975
202508030207,1勝クラス,48.30166000432159
202508030208,2勝クラス,58.8810214668325
202508030209,3勝クラス,65.15105666589048
202508030210,OP,77.54227372489314
202508030211,重賞,74.25353759280048
202508030212,2勝クラス,54.3344638402634
202508030301,未勝利,45.27757274038203
202508030302,未勝利,43.506883097464836
202508030303,未勝利,43.82899273920273
202508030307,1勝クラス,51.835550980611146
202508030308,1勝クラス,46.14892544531497
202508030309,1勝クラス,46.10827685200718
202508030310,2勝クラス,52.234065326891034
202508030311,3勝クラス,70.67600979568304
202508030312,1勝クラス,53.30542807527069
202508030401,未勝利,51.10516895946086
202508030402,未勝利,49.22798914280206
202508030403,未勝利,43.859267370757166
202508030407,1勝クラス,48.70745963327933
202508030408,2勝クラス,58.730570760209844
202508030409,2勝クラス,56.27123065882835
202508030410,3勝クラス,63.26723902042298
202508030411,OP,82.10389916662237
202508030412,1勝クラス,48.829400800325864
202508030501,未勝利,50.675757895635535
202508030502,未勝利,44.36679657988717
202508030503,未勝利,43.32539797394447
202508030504,1勝クラス,48.60508506066431
202508030507,1勝クラス,49.28522007526763
202508030508,1勝クラス,50.44973027154083
202508030509,2勝クラス,61.24789344682138
202508030510,2勝クラス,56.62889609138905
202508030511,重賞,74.18598449627751
202508030512,1勝クラス,48.84752988007314
202508030601,未勝利,42.95554182544523
202508030602,未勝利,45.85772464682958
202508030603,未勝利,43.989210613572396
202508030607,1勝クラス,45.43712421116218
202508030608,1勝クラス,63.50364597634743
202508030609,2勝クラス,55.54968518130022
202508030610,2勝クラス,53.41078766254886
202508030611,3勝クラス,67.38094918204033
202508030612,1勝クラス,47.71739485372958
202508030701,未勝利,42.78655501818343
202508030702,未勝利,44.35963976438174
202508030703,1勝クラス,51.60917998431251
202508030706,1勝クラス,52.44909569300688
202508030707,1勝クラス,45.52450150234548
202508030708,2勝クラス,57.24177855375787
202508030709,OP,57.57256912942159
202508030710,3勝クラス,66.86619134079785
202508030711,重賞,72.84404296980662
202508030712,2勝クラス,62.81473597537315
202508030801,未勝利,48.80355367288098
202508030802,未勝利,46.041935939217296
202508030803,未勝利,41.906654412390765
202508030807,1勝クラス,52.70164938440553
202508030808,2勝クラス,57.81544979680039
202508030809,2勝クラス,61.109542283750216
202508030810,3勝クラス,57.57410132983209
202508030811,OP,70.55059314227641
202508030812,1勝クラス,52.74356434040671
202508030901,未勝利,50.14417012598035
202508030902,未勝利,39.861210175394746
202508030903,未勝利,39.32045058133329
202508030906,1勝クラス,48.383024935957465
202508030907,1勝クラス,48.55793316723272
202508030908,2勝クラス,54.418901274833146
202508030909,OP,54.25503090056627
202508030910,OP,79.53038266733097
202508030911,重賞,70.60560738535148
202508030912,2勝クラス,60.650608004435334
202508031001,未勝利,48.446648913191545
202508031002,未勝利,38.375131374836414
202508031003,未勝利,46.21616548699625
202508031007,1勝クラス,50.44375603319883
202508031008,2勝クラス,60.080421604419996
202508031009,2勝クラス,57.26778821783284
202508031010,3勝クラス,67.51192657653628
202508031011,重賞,61.045138707855976
202508031012,1勝クラス,51.97764340141552
202508031101,未勝利,40.90240941524213
202508031102,未勝利,41.905245948055686
202508031106,1勝クラス,52.483909840686515
202508031107,1勝クラス,49.30217643749114
202508031108,2勝クラス,55.8993644094747
202508031109,1勝クラス,59.48893632031727
202508031110,3勝クラス,62.672792540511836
202508031111,OP,67.38489350299504
202508031112,2勝クラス,55.19169673648064
202508040101,未勝利,42.849623165537
202508040102,未勝利,45.563728829149156
202508040103,未勝利,45.408645142603575
202508040104,未勝利,43.433912678426736
202508040107,1勝クラス,46.27952780875363
202508040109,2勝クラス,56.14004856103242
202508040110,3勝クラス,62.29839674639438
202508040111,OP,78.10523872781665
202508040112,1勝クラス,47.22028780720898
202508040201,未勝利,45.66118549236199
202508040202,未勝利,48.05426568225833
202508040203,未勝利,45.74171611296037
202508040206,1勝クラス,52.24231225979342
202508040207,2勝クラス,59.861791021465805
202508040208,2勝クラス,59.922691000254005
202508040209,2勝クラス,55.802377116021866
202508040210,3勝クラス,69.01216595338248
202508040211,重賞,87.79623132750609
202508040212,1勝クラス,49.87693240424371
202508040301,未勝利,44.45003332761554
202508040302,未勝利,45.49269859818513
202508040303,未勝利,46.21700559055159
202508040304,未勝利,42.32751810406032
202508040307,1勝クラス,52.057587146374296
202508040308,2勝クラス,59.706741255473354
202508040309,2勝クラス,57.26173497717862
202508040310,OP,69.33862563779127
202508040311,重賞,58.10495250231206
202508040312,1勝クラス,49.6301482574851
202508040401,未勝利,45.486595174106824
202508040402,未勝利,41.95750472634618
202508040403,未勝利,42.406128750868454
202508040406,1勝クラス,43.560207992670755
202508040407,2勝クラス,58.42094216564998
202508040408,2勝クラス,55.174445772716
202508040409,1勝クラス,59.69393548529624
202508040410,3勝クラス,71.56428695468335
202508040411,重賞,78.57637862753901
202508040412,3勝クラス,63.49839032574757
202508040501,未勝利,41.72639126418393
202508040502,未勝利,42.57182699801362
202508040511,OP,82.11450906404684
202508040512,2勝クラス,57.00297955300153
202508040601,未勝利,43.46876264783262
202508040602,未勝利,43.29042763401265
202508040603,未勝利,39.25540419848389
202508040606,1勝クラス,53.81793740224296
202508040607,1勝クラス,48.466124669886455
202508040608,2勝クラス,58.73982737542161
202508040609,2勝クラス,53.455199406397064
202508040610,3勝クラス,69.39758911969943
202508040611,重賞,82.85807232743812
202508040612,3勝クラス,60.99312918076066
202508040701,未勝利,45.95917120435212
202508040702,未勝利,44.08281642769698
202508040703,未勝利,43.080187141247464
202508040707,1勝クラス,54.325564558431225
202508040708,2勝クラス,57.91108014894866
202508040709,2勝クラス,58.886641378031314
202508040710,3勝クラス,58.02942097773966
202508040711,重賞,57.95557523114228
202508040712,2勝クラス,53.55507002033099
202508040801,未勝利,39.84934445136829
202508040802,未勝利,41.21807187251662
202508040804,1勝クラス,47.89378051219778
202508040807,1勝クラス,51.58655539156315
202508040808,2勝クラス,59.14318268761823
202508040809,1勝クラス,57.94350762159355
202508040810,3勝クラス,69.73324171956237
202508040811,OP,74.8863750182788
202508040812,重賞,73.25818999952514
202509010101,未勝利,43.03499067695808
202509010102,未勝利,47.130190288519756
202509010103,未勝利,46.24655863273768
202509010104,未勝利,45.03207171375401
202509010105,未勝利,46.9282174415517
202509010106,1勝クラス,40.13431696036881
202509010107,1勝クラス,45.81400068574129
202509010108,2勝クラス,55.24097673993536
202509010109,OP,63.24120054533108
202509010110,3勝クラス,62.29691221695186
202509010111,OP,82.76928263003121
202509010112,2勝クラス,48.90019751338929
202509010201,未勝利,47.75194885184513
202509010202,未勝利,45.00592630769366
202509010203,未勝利,46.626928056300756
202509010204,1勝クラス,62.845029656160776
202509010205,未勝利,52.3852630150201
202509010206,未勝利,38.63314457709848
202509010207,1勝クラス,35.91308768426396
202509010208,1勝クラス,43.31592718864585
202509010209,2勝クラス,52.84969407756802
202509010210,3勝クラス,73.72192803726023
202509010211,重賞,63.478342257836594
202509010212,2勝クラス,51.628479873085325
202509010301,未勝利,48.24922230182976
202509010302,未勝利,46.880742036176294
202509010303,未勝利,39.002299240052395
202509010304,1勝クラス,60.60898360892819
202509010305,未勝利,45.05407771458684
202509010306,未勝利,44.72447033729921
202509010307,1勝クラス,44.91433173550526
202509010308,1勝クラス,39.55314999230041
202509010309,2勝クラス,51.34423794137432
202509010310,3勝クラス,60.91641860197273
202509010311,重賞,64.65330918988637
202509010312,2勝クラス,48.49987948403529
202509010401,未勝利,43.06101599766298
202509010402,未勝利,45.39022202214687
202509010403,未勝利,39.96697608539609
202509010404,1勝クラス,55.04363749570112
202509010405,未勝利,51.21149903048595
202509010406,1勝クラス,36.7669684808792
202509010407,1勝クラス,49.56098321646227
202509010408,2勝クラス,57.60194667568914
202509010409,1勝クラス,62.168933800665634
202509010410,3勝クラス,59.89891962268602
202509010411,OP,71.15060671467545
202509010412,2勝クラス,52.88470587821513
202509010501,未勝利,46.57019597370878
202509010502,未勝利,44.357584228244356
202509010503,未勝利,43.75140077301824
202509010504,未勝利,45.97553780074796
202509010505,未勝利,50.18691286962881
202509010506,1勝クラス,60.10102036565705
202509010507,1勝クラス,44.62692329937779
202509010509,1勝クラス,58.72185496917665
202509010510,3勝クラス,60.990667553631404
202509010511,OP,80.34448853929686
202509010512,2勝クラス,55.35308303367441
202509010601,未勝利,43.47738438566356
202509010602,未勝利,42.595486782251506
202509010603,未勝利,44.495763123368185
202509010605,未勝利,45.04865898517549
202509010606,1勝クラス,51.375769698077654
202509010607,1勝クラス,41.45015117714132
202509010608,1勝クラス,39.70368786941088
202509010609,2勝クラス,51.09192983758392
202509010610,3勝クラス,67.3290450212167
202509010611,OP,68.27169363779198
202509010612,2勝クラス,55.20681452374353
202509010701,未勝利,44.21928806815261
202509010702,未勝利,40.070758170463826
202509010703,未勝利,45.22524248291981
202509010704,未勝利,36.11016646306971
202509010705,未勝利,42.10393961520651
202509010706,1勝クラス,36.45201407376325
202509010707,1勝クラス,37.50185647000959
202509010708,2勝クラス,49.08383043573244
202509010709,3勝クラス,56.98104752658977
202509010710,OP,82.18424929921551
202509010711,OP,66.9369229089706
202509010712,2勝クラス,55.17819835493152
202509010801,未勝利,45.6628210765143
202509010802,未勝利,43.82883884328331
202509010803,未勝利,45.940308471090226
202509010804,未勝利,44.07958367285836
202509010805,1勝クラス,56.1037995756961
202509010806,1勝クラス,63.3643724105102
202509010807,1勝クラス,39.3694229080957
202509010808,1勝クラス,40.855452425658825
202509010809,2勝クラス,53.46039757290325
202509010810,3勝クラス,65.4066440417952
202509010811,重賞,70.26009977698939
202509010812,2勝クラス,54.927782917047296
202509020101,未勝利,43.51189930024882
202509020102,未勝利,43.2282138838776
202509020103,未勝利,41.700812596529666
202509020104,未勝利,43.80425455309792
202509020105,未勝利,43.5094525103976
202509020106,1勝クラス,53.90513159346957
202509020107,1勝クラス,39.977745151135984
202509020109,1勝クラス,54.94366106468826
202509020110,2勝クラス,50.32110995222848
202509020111,重賞,65.80086738293397
202509020112,2勝クラス,52.678851356411315
202509020201,未勝利,48.105318459477694
202509020202,未勝利,43.9473506098642
202509020203,未勝利,48.51967760759674
202509020205,未勝利,45.73033953740322
202509020206,1勝クラス,57.83813758203538
202509020207,1勝クラス,40.115529322844694
202509020208,1勝クラス,42.450192658940026
202509020209,2勝クラス,52.89113222706069
202509020210,3勝クラス,65.91493505926934
202509020211,OP,68.24028843419062
202509020212,2勝クラス,51.5633481983801
202509020301,未勝利,41.71022600205124
202509020302,未勝利,44.98719128942395
202509020303,未勝利,47.696318540393705
202509020304,未勝利,43.399561873067675
202509020305,未勝利,44.07908873957889
202509020306,1勝クラス,43.19796929098041
202509020307,1勝クラス,38.25523917121794
202509020308,2勝クラス,53.228834662803685
202509020309,1勝クラス,57.21982889090512
202509020310,OP,80.61692479641626
202509020311,重賞,65.14194806366082
202509020312,2勝クラス,53.87821495018255
202509020401,未勝利,40.56862346793217
202509020402,未勝利,44.63695499261963
202509020403,未勝利,46.97443716160764
202509020404,未勝利,42.135284667800875
202509020405,1勝クラス,63.19076613747421
202509020406,1勝クラス,43.60578381859912
202509020407,2勝クラス,57.30385329184309
202509020408,2勝クラス,45.61531402764185
202509020409,OP,72.24586801490027
202509020410,3勝クラス,62.576951089049935
202509020411,重賞,84.53056622659318
202509020412,3勝クラス,62.307944654512625
202509020501,未勝利,41.34779283074499
202509020502,未勝利,49.39513653588502
202509020503,未勝利,45.78907509483564
202509020504,未勝利,42.7609895808288
202509020505,1勝クラス,60.12466389079631
202509020506,1勝クラス,55.72225733840847
202509020507,1勝クラス,40.125659400252665
202509020508,1勝クラス,41.87504077058045
202509020509,2勝クラス,49.26781791571474
202509020510,3勝クラス,62.57633762386147
202509020511,重賞,74.83249621406347
202509020512,2勝クラス,54.202609523294875
202509020601,未勝利,48.00272426966721
202509020602,未勝利,44.80166797147718
202509020603,未勝利,42.4497817989737
202509020604,未勝利,44.440712025233275
202509020605,1勝クラス,65.67873676312158
202509020606,1勝クラス,43.26911946880697
202509020607,2勝クラス,49.166333572393555
202509020608,2勝クラス,57.148039966353394
202509020609,OP,56.25482894455666
202509020610,OP,64.68165369521074
202509020611,重賞,73.65367035982709
202509020612,3勝クラス,67.83470448649385
202509020701,未勝利,47.42039151453254
202509020702,未勝利,46.05981928158424
202509020703,未勝利,47.49114021146543
202509020704,未勝利,41.92737044158953
202509020705,1勝クラス,55.35072897635371
202509020706,1勝クラス,55.77035703284326
202509020707,1勝クラス,40.39356588161782
202509020708,1勝クラス,45.16740616396399
202509020709,2勝クラス,51.49818630209592
202509020710,2勝クラス,47.79377184252753
202509020711,重賞,90.39463431758418
202509020712,1勝クラス,43.809266232420796
202509020801,未勝利,50.817949706638096
202509020802,未勝利,42.59165007083251
202509020803,未勝利,46.37988678538114
202509020805,未勝利,47.17358911172877
202509020806,1勝クラス,61.59454985043574
202509020807,1勝クラス,50.3981362542128
202509020808,1勝クラス,40.60243128078338
202509020809,2勝クラス,50.416720205941274
202509020810,3勝クラス,65.61216108585971
202509020811,3勝クラス,58.78250879287115
202509020812,2勝クラス,57.87145940009222
202509040101,未勝利,48.430022708677406
202509040102,未勝利,49.94154949002693
202509040103,未勝利,38.08378659417066
202509040104,未勝利,41.153201935592875
202509040107,1勝クラス,42.77201603688032
202509040108,1勝クラス,41.74605456890926
202509040109,2勝クラス,60.438573139090735
202509040110,3勝クラス,63.1913031358376
202509040111,OP,77.03460382569234
202509040112,1勝クラス,47.99981679004386
202509040201,未勝利,48.716228980736844
202509040202,未勝利,45.614826264482716
202509040203,未勝利,39.40710720606443
202509040204,未勝利,41.8489135888481
202509040206,1勝クラス,49.633740139700315
202509040207,1勝クラス,47.737760867076226
202509040208,2勝クラス,54.30806446768844
202509040209,1勝クラス,42.80557531725658
202509040210,3勝クラス,68.22647604960103
202509040211,重賞,75.87084446828668
202509040212,2勝クラス,63.264040460732225
202509040301,未勝利,47.15192429102083
202509040302,未勝利,42.028805740108055
202509040303,未勝利,42.965105913201214
202509040304,未勝利,42.10836502098778
202509040307,未勝利,41.83529814000701
202509040308,1勝クラス,52.3593413510002
202509040309,1勝クラス,46.86992542087579
202509040310,2勝クラス,65.2156645940338
202509040311,重賞,71.92084066257573
202509040312,1勝クラス,43.91377793660136
202509040401,未勝利,47.91460709682502
202509040402,未勝利,42.12036491655123
202509040403,未勝利,39.66721574893107
202509040404,未勝利,42.89405431424572
202509040407,1勝クラス,49.510454066009466
202509040408,1勝クラス,51.998714591272034
202509040409,2勝クラス,52.866535982414106
202509040410,3勝クラス,67.64085299879407
202509040411,重賞,67.95083945641477
202509040412,1勝クラス,46.6868639709796
202509040502,未勝利,40.07394265686612
202509040503,未勝利,43.24999576962178
202509040504,未勝利,41.30950658546391
202509040506,未勝利,39.55906058734551
202509040507,1勝クラス,48.43626591289982
202509040508,1勝クラス,52.73064495370739
202509040509,2勝クラス,58.26925488049962
202509040510,2勝クラス,51.16391186028145
202509040511,3勝クラス,68.15408722644082
202509040512,1勝クラス,48.979050057099236
202509040601,未勝利,46.015261443034746
202509040602,未勝利,46.38294573022741
202509040606,1勝クラス,52.3725816126605
202509040607,1勝クラス,42.00935540403155
202509040608,OP,54.50142040782539
202509040609,1勝クラス,50.6919276008598
202509040610,2勝クラス,58.65657026818216
202509040611,3勝クラス,70.96023480012022
202509040612,2勝クラス,60.57410864026254
202509040702,未勝利,46.5465558857786
202509040703,未勝利,46.79797523622757
202509040704,未勝利,49.405887284334675
202509040707,1勝クラス,49.30386652812526
202509040708,1勝クラス,44.84984198026525
202509040709,2勝クラス,53.41546970672159
202509040710,3勝クラス,68.25467288332622
202509040711,重賞,65.51540075283
202509040712,2勝クラス,61.68875121733669
202509040801,未勝利,48.797091495909285
202509040802,未勝利,43.418361026638166
202509040803,未勝利,42.86738126153137
202509040806,1勝クラス,51.13208041834273
202509040807,1勝クラス,45.5084851684434
202509040808,2勝クラス,52.296131143823075
202509040809,1勝クラス,53.17879388732435
202509040810,3勝クラス,58.24752888261185
202509040811,重賞,87.25108006809917
202509040812,2勝クラス,55.30183264753521
202509040902,未勝利,42.15584978891915
202509040903,未勝利,47.67681214241614
202509040906,1勝クラス,47.59638524801459
202509040907,1勝クラス,48.25499917919653
202509040908,1勝クラス,53.118496510474344
202509040909,2勝クラス,51.25378353207167
202509040910,3勝クラス,68.893169337296
202509040911,OP,68.58615342134853
202509040912,2勝クラス,54.61733782212406
202509050101,未勝利,42.28858843572899
202509050102,未勝利,47.790400559867365
202509050103,未勝利,46.34369285727209
202509050104,未勝利,41.66465476582138
202509050107,1勝クラス,47.95376564123508
202509050108,2勝クラス,59.55288728743315
202509050109,1勝クラス,45.787099249151765
202509050110,3勝クラス,65.0939594318956
202509050111,重賞,71.27431206692796
202509050112,1勝クラス,46.074207851969824
202509050201,未勝利,43.21803167888493
202509050202,未勝利,42.41806828821066
202509050203,未勝利,42.620404508939124
202509050204,未勝利,45.52919303906746
202509050207,1勝クラス,47.128839819965265
202509050208,2勝クラス,55.96416588032658
202509050209,2勝クラス,59.23358258006133
202509050210,3勝クラス,60.77019079591711
202509050211,OP,74.9086048418927
202509050212,2勝クラス,54.597174224574935
202509050301,未勝利,44.52046170395225
202509050302,未勝利,44.87107012303888
202509050303,未勝利,41.23213668777635
202509050307,未勝利,47.01077042715616
202509050308,1勝クラス,47.60076629503741
202509050309,1勝クラス,57.16054915831615
202509050310,2勝クラス,60.81152089242885
202509050311,OP,70.59559156524554
202509050312,2勝クラス,58.93658243997096
202509050401,未勝利,43.181382155189844
202509050402,未勝利,45.68192944459135
202509050403,未勝利,41.244037698370825
202509050406,1勝クラス,60.44596674714092
202509050407,1勝クラス,43.48513364782494
202509050408,2勝クラス,56.40023136363537
202509050409,3勝クラス,61.51574709393857
202509050410,3勝クラス,69.128926952575
202509050411,重賞,62.805627067052846
202509050412,2勝クラス,56.86731659911871
202509050501,未勝利,41.61643746308813
202509050502,未勝利,42.64833310816438
202509050503,未勝利,44.81523352239574
202509050507,1勝クラス,49.81615076172055
202509050508,1勝クラス,48.309441373467585
202509050509,OP,56.91415365817538
202509050510,2勝クラス,53.66752354562491
202509050511,OP,65.03347689896015
202509050512,2勝クラス,50.623329212989326
202509050601,未勝利,42.66629123874798
202509050602,未勝利,38.54850459186609
202509050603,未勝利,45.04583555801647
202509050604,未勝利,51.79447462183873
202509050607,1勝クラス,51.29227482082294
202509050608,2勝クラス,54.701961417338424
202509050609,3勝クラス,64.77186483617342
202509050610,OP,79.87279094524268
202509050611,重賞,63.54269736495045
202509050612,3勝クラス,60.364167018772775
202509050701,未勝利,35.875432355469464
202509050702,未勝利,46.04056525516799
202509050703,未勝利,38.93420920140852
202509050704,未勝利,40.404806479308036
202509050707,1勝クラス,48.152411726725425
202509050708,2勝クラス,60.31869103751602
202509050709,1勝クラス,56.98621917921419
202509050710,3勝クラス,66.88662725060794
202509050711,重賞,76.51996843215568
202509050712,2勝クラス,49.11356252751008
202509050801,未勝利,37.592330200304204
202509050802,未勝利,44.540498422399295
202509050803,未勝利,42.45421343424382
202509050807,1勝クラス,48.95835517302524
202509050808,2勝クラス,60.100576506145146
202509050809,2勝クラス,53.60207478536276
202509050810,3勝クラス,58.330958456407195
202509050811,OP,71.22931698182872
202509050812,3勝クラス,59.011780763742216
202510010101,未勝利,46.39527175644135
202510010102,未勝利,45.98558731084335
202510010103,未勝利,47.134646957881195
202510010107,1勝クラス,44.79979988469899
202510010108,1勝クラス,44.28312383147576
202510010109,1勝クラス,56.17213639302238
202510010110,2勝クラス,56.812368611379526
202510010111,重賞,68.39228067373979
202510010112,1勝クラス,44.36386467742584
202510010201,未勝利,44.78902779261585
202510010202,未勝利,41.56748588914827
202510010203,1勝クラス,38.97310184561089
202510010206,未勝利,44.61440063120468
202510010207,未勝利,42.86636979596046
202510010208,1勝クラス,44.67084715040295
202510010209,1勝クラス,37.50570433782491
202510010210,2勝クラス,53.960547630645415
202510010211,3勝クラス,62.72991955528428
202510010212,1勝クラス,44.37293006101829
202510010301,未勝利,42.91389542914664
202510010302,未勝利,43.73305475700475
202510010303,1勝クラス,42.63404459813198
202510010306,未勝利,40.70758294881032
202510010307,未勝利,44.31904565196819
202510010308,1勝クラス,41.32288069298326
202510010309,2勝クラス,58.20839810874875
202510010310,2勝クラス,47.918020876498375
202510010311,3勝クラス,57.62765561244385
202510010312,1勝クラス,40.486444207375776
202510010401,未勝利,50.50211354073737
202510010402,未勝利,43.94118291501965
202510010403,1勝クラス,39.151438794184635
202510010406,未勝利,43.49740817234351
202510010407,1勝クラス,46.98792757612659
202510010408,1勝クラス,61.6216098507611
202510010409,1勝クラス,44.45170289616188
202510010410,2勝クラス,51.98010607958812
202510010411,OP,75.45046940699004
202510010412,1勝クラス,40.04883517854131
202510010501,未勝利,49.55091160460108
202510010502,未勝利,45.71260052117776
202510010503,1勝クラス,42.14868485948682
202510010506,未勝利,43.47594964989322
202510010507,未勝利,46.035117293672016
202510010508,1勝クラス,44.01483366266376
202510010509,1勝クラス,43.30279477011245
202510010510,2勝クラス,53.85782077165129
202510010511,3勝クラス,65.03531328007419
202510010512,1勝クラス,39.086893177955304
202510010601,未勝利,42.92345687599876
202510010602,未勝利,40.726335069949464
202510010603,未勝利,43.1295354279404
202510010606,未勝利,40.88660912557883
202510010607,1勝クラス,43.243266213226875
202510010608,1勝クラス,42.10495178748379
202510010609,1勝クラス,53.713855218351625
202510010610,2勝クラス,57.28787431851072
202510010611,OP,66.14401054894208
202510010612,1勝クラス,34.00368993239281
202510010701,未勝利,46.74387946998633
202510010702,未勝利,42.69790988385179
202510010703,未勝利,40.670861122765466
202510010705,未勝利,44.83577159259279
202510010706,1勝クラス,34.601847734413234
202510010707,1勝クラス,43.24581201622427
202510010709,1勝クラス,56.27583825297597
202510010710,2勝クラス,54.80356897832463
202510010711,3勝クラス,55.21082861177305
202510010712,1勝クラス,44.98931295350431
202510010801,未勝利,43.40134836347045
202510010802,未勝利,46.47680696885003
202510010803,1勝クラス,39.46744690525452
202510010805,未勝利,43.53942080466525
202510010806,1勝クラス,42.66491243699518
202510010807,1勝クラス,42.65611262162726
202510010808,1勝クラス,37.79033403000284
202510010809,2勝クラス,50.05937781880316
202510010810,2勝クラス,49.15312540641771
202510010811,OP,64.02084551383273
202510010812,1勝クラス,42.18291116032565
202510010901,未勝利,41.852584141508366
202510010902,未勝利,41.282297409306345
202510010903,1勝クラス,39.0467177743888
202510010906,未勝利,45.53555780716273
202510010907,未勝利,41.743658796877625
202510010908,1勝クラス,44.596896731945534
202510010909,1勝クラス,40.21663207993528
202510010910,2勝クラス,49.69482003410806
202510010911,3勝クラス,71.6164450121622
202510010912,1勝クラス,40.66120385864108
202510011001,未勝利,47.49799800795509
202510011002,未勝利,42.59899445104619
202510011003,未勝利,39.07668714769279
202510011005,未勝利,44.08217666848562
202510011006,未勝利,47.39108170110348
202510011007,1勝クラス,45.0019534490179
202510011008,1勝クラス,43.98979074313742
202510011009,1勝クラス,43.14098759488627
202510011010,2勝クラス,56.684913317518074
202510011011,重賞,71.58094443535559
202510011012,1勝クラス,39.195627907285925
202510011101,未勝利,45.178918059239855
202510011102,未勝利,41.34402390230231
202510011103,1勝クラス,40.34105036821117
202510011106,未勝利,43.234910490781296
202510011107,未勝利,42.36621266682725
202510011108,1勝クラス,40.89480333966553
202510011109,1勝クラス,42.50148319407886
202510011110,2勝クラス,51.72813702835058
202510011111,2勝クラス,57.873175298059195
202510011112,1勝クラス,39.453268042047725
202510011201,未勝利,42.344513371017115
202510011202,未勝利,39.64889447152086
202510011203,未勝利,42.233425056138074
202510011205,未勝利,40.05308127443658
202510011206,1勝クラス,43.34479151768388
202510011207,1勝クラス,39.463632155053105
202510011208,1勝クラス,41.97395536906866
202510011209,1勝クラス,49.06343369059325
202510011210,2勝クラス,50.26346328844364
202510011211,3勝クラス,60.51321323689061
202510011212,1勝クラス,42.83232312129529
202510020102,未勝利,
202510020103,未勝利,43.43759025865577
202510020104,未勝利,39.328449646723
202510020106,未勝利,42.777867728738414
202510020107,未勝利,37.509679678388736
202510020108,1勝クラス,49.11189319516595
202510020109,1勝クラス,45.69699494766996
202510020110,2勝クラス,63.17620708909289
202510020111,3勝クラス,70.11700735014868
202510020112,1勝クラス,43.647922840558415
202510020202,未勝利,31.88358148358776
202510020203,未勝利,34.50841753799279
202510020204,未勝利,43.91382237246237
202510020207,未勝利,36.63842812741316
202510020208,1勝クラス,48.33115364390379
202510020209,1勝クラス,50.06832716835541
202510020210,2勝クラス,55.45962050853785
202510020211,3勝クラス,57.12802423357826
202510020212,1勝クラス,50.47462614366126
202510020301,未勝利,39.90382262331348
202510020302,未勝利,40.56158508425381
202510020303,未勝利,36.798345194456296
202510020304,未勝利,36.55922711629637
202510020306,未勝利,42.74868606424473
202510020307,未勝利,34.80477276660529
202510020308,1勝クラス,45.14821113146151
202510020309,1勝クラス,53.506718598420434
202510020310,2勝クラス,55.67426583219096
202510020311,3勝クラス,63.626316814591206
202510020312,2勝クラス,51.79885789752555
202510020401,未勝利,44.45740557050174
202510020402,未勝利,38.64830357773688
202510020403,未勝利,39.03907291814397
202510020404,未勝利,41.78215876636557
202510020407,1勝クラス,51.26171100426868
202510020408,1勝クラス,49.62511858215733
202510020409,1勝クラス,46.72399572763769
202510020410,2勝クラス,48.65178941067865
202510020411,重賞,70.9136148578346
202510020412,1勝クラス,51.322323737624856
202510020501,未勝利,43.34626088417955
202510020502,未勝利,37.38539834936589
202510020503,未勝利,39.308470815867956
202510020506,未勝利,37.18226930655384
202510020507,未勝利,36.85490289477104
202510020508,1勝クラス,54.33683548928929
202510020509,1勝クラス,46.560697571647985
202510020510,2勝クラス,55.01671942057481
202510020511,3勝クラス,56.75542257613929
202510020512,1勝クラス,41.35825702549462
202510020602,未勝利,35.502017536379874
202510020603,未勝利,40.33876378763733
202510020604,未勝利,41.2581799040326
202510020607,1勝クラス,49.756652031421005
202510020608,1勝クラス,43.17163820522926
202510020609,2勝クラス,56.5221434172272
202510020610,2勝クラス,57.177091858735125
202510020611,OP,78.89772868380365
202510020612,1勝クラス,44.37160798246238
202510020701,未勝利,37.50647915244502
202510020702,未勝利,37.980879305806674
202510020703,未勝利,41.08922521493281
202510020704,未勝利,38.09859799377154
202510020706,未勝利,37.861055523902195
202510020707,1勝クラス,47.50078221554808
202510020708,1勝クラス,50.37274053619757
202510020709,OP,46.50946101555803
202510020710,2勝クラス,54.81005131479907
202510020711,3勝クラス,58.67694481357138
202510020712,1勝クラス,51.97058709242226
202510020801,未勝利,41.6034952388968
202510020802,未勝利,39.59280168106726
202510020803,未勝利,38.8429884822729
202510020804,未勝利,39.62485559165073
202510020806,1勝クラス,46.73757796831251
202510020807,1勝クラス,47.02238479538444
202510020808,1勝クラス,43.31642973412901
202510020809,2勝クラス,53.88348835546124
202510020810,3勝クラス,68.21790651824014
202510020811,重賞,74.62914375142188
202510020812,2勝クラス,52.663436789138785
202601010101,未勝利,38.873012357805536
202601010102,未勝利,44.724100704958786
202601010103,未勝利,42.5587401975244
202601010104,未勝利,36.12636377542675
202601010106,未勝利,39.22901297566695
202601010107,1勝クラス,48.52557259612644
202601010108,1勝クラス,53.84492048940001
202601010109,1勝クラス,52.070929662791606
202601010110,2勝クラス,56.41312784667592
202601010111,3勝クラス,59.40586956439711
202601010112,2勝クラス,62.11204486615182
202601010201,未勝利,47.866605273463
202601010202,未勝利,39.878083714889996
202601010203,未勝利,38.71231980277501
202601010204,未勝利,41.39287509564905
202601010206,未勝利,35.86922806596043
202601010207,1勝クラス,45.26088288732915
202601010208,1勝クラス,46.88599721958156
202601010209,1勝クラス,53.18965248788465
202601010210,2勝クラス,55.52876427652398
202601010211,OP,70.66754715506835
202601010212,1勝クラス,48.224375322813536
202601010301,未勝利,39.15135444419061
202601010302,未勝利,39.71550588653178
202601010303,未勝利,40.46493844263237
202601010304,1勝クラス,49.340643077330675
202601010306,1勝クラス,44.082303490135885
202601010307,未勝利,40.68971718083991
202601010308,1勝クラス,55.16198537466912
202601010309,2勝クラス,61.78427423972333
202601010310,1勝クラス,49.42779774162315
202601010311,3勝クラス,63.11035946728234
202601010312,2勝クラス,58.080973423527425
202601010401,未勝利,39.76259711527439
202601010402,未勝利,42.2379782027351
202601010403,未勝利,37.75706268713003
202601010404,1勝クラス,48.05999757159021
202601010406,1勝クラス,58.99036114422757
202601010407,未勝利,35.988772692572624
202601010408,1勝クラス,45.38346248248121
202601010409,2勝クラス,54.15091266990418
202601010410,3勝クラス,67.38546180440191
202601010411,重賞,74.83920017496409
202601010412,2勝クラス,53.49446320947866
202601010501,未勝利,40.76398038591228
202601010502,未勝利,44.22323377230669
202601010503,未勝利,42.44432835698766
202601010504,1勝クラス,49.736259673875956
202601010506,未勝利,40.59579830567125
202601010507,1勝クラス,46.77015384230106
202601010508,未勝利,44.42811054659335
202601010509,1勝クラス,51.069453810016185
202601010510,2勝クラス,54.556052726300805
202601010511,重賞,84.04209845505703
202601010512,2勝クラス,56.54813184580341
202601010601,未勝利,42.49530404430583
202601010602,未勝利,39.11829388979416
202601010603,1勝クラス,51.80557488198026
202601010604,未勝利,38.24566763853965
202601010606,未勝利,41.91448943679907
202601010607,未勝利,41.5710587547582
202601010608,1勝クラス,54.89827287205319
202601010609,1勝クラス,49.319728669084206
202601010610,2勝クラス,60.232689063074574
202601010611,OP,64.24440604907888
202601010612,1勝クラス,56.087012939891956
202601010701,未勝利,38.302813185083515
202601010702,未勝利,49.15678378139407
202601010703,未勝利,43.78988702567272
202601010704,未勝利,42.73848234712375
202601010706,未勝利,39.06294421460072
202601010707,1勝クラス,50.353782282331956
202601010708,1勝クラス,56.35493635424896
202601010709,OP,60.75808101505767
202601010710,2勝クラス,50.51571163497799
202601010711,3勝クラス,63.8725736201318
202601010712,1勝クラス,48.65282186295105
202601010801,未勝利,38.83423549412386
202601010802,未勝利,39.12775889509835
202601010803,1勝クラス,51.390000100637465
202601010804,未勝利,37.63775334111
202601010806,1勝クラス,44.59756222153871
202601010807,未勝利,40.97101801446652
202601010808,1勝クラス,52.25765498717393
202601010809,1勝クラス,47.396763601594984
202601010810,2勝クラス,56.88764427982965
202601010811,重賞,74.41009980621946
202601010812,2勝クラス,57.20917270131522
202601020101,未勝利,46.62768389705065
202601020102,未勝利,44.125436811173344
202601020103,未勝利,40.71003549866953
202601020104,未勝利,40.68786658711689
202601020106,未勝利,38.25187343739757
202601020107,1勝クラス,45.815304042767295
202601020108,1勝クラス,54.14480779154284
202601020109,OP,54.591995399189344
202601020110,2勝クラス,52.232484784009614
202601020111,3勝クラス,61.54684153856027
202601020112,1勝クラス,52.77088916388685
202601020201,未勝利,33.91924031975114
202601020202,未勝利,42.091404705474815
202601020203,未勝利,41.06785871625134
202601020204,未勝利,40.6568958785226
202601020206,1勝クラス,51.76406971219124
202601020207,1勝クラス,53.655027765803254
202601020208,1勝クラス,51.35202220119569
202601020209,1勝クラス,53.16689705124722
202601020210,2勝クラス,57.33878860745162
202601020211,重賞,70.97005620171402
202601020212,2勝クラス,53.70171763766857
202601020301,未勝利,43.41911997891408
202601020302,未勝利,40.77211556329033
202601020303,未勝利,42.03998709943273
202601020304,未勝利,34.67243441637983
202601020306,未勝利,42.407511370756914
202601020307,1勝クラス,50.024386861196625
202601020308,1勝クラス,53.20609200556274
202601020309,1勝クラス,51.19282193381297
202601020310,OP,49.17006852397817
202601020311,2勝クラス,57.00532103031644
202601020312,2勝クラス,62.46979444264795
202601020401,未勝利,44.95086624437591
202601020402,未勝利,41.10247342341069
202601020403,未勝利,42.033583676122575
202601020404,未勝利,43.121722343081146
202601020406,1勝クラス,47.83959591391182
202601020407,1勝クラス,42.03015380137002
202601020408,1勝クラス,41.09373321571511
202601020409,1勝クラス,50.76155620111878
202601020410,2勝クラス,55.008896382244664
202601020411,3勝クラス,62.41966436576927
202601020412,1勝クラス,52.185408176347124
202601020501,未勝利,52.4792760416117
202601020502,未勝利,33.61643789064348
202601020503,未勝利,39.82412106015257
202601020504,未勝利,38.36960928177897
202601020506,未勝利,40.374808586135444
202601020507,1勝クラス,52.458682528591
202601020508,1勝クラス,55.78811913976032
202601020509,1勝クラス,53.253739328831685
202601020510,2勝クラス,53.44175738684063
202601020511,重賞,46.3901111405487
202601020512,1勝クラス,49.72612471895745
202601020601,未勝利,44.041312744086845
202601020602,未勝利,46.6747232456532
202601020603,未勝利,42.0605320185044
202601020604,未勝利,41.93297950625342
202601020605,未勝利,38.78105804604122
202601020606,1勝クラス,44.7171095515044
202601020607,1勝クラス,50.15377005988322
202601020608,1勝クラス,48.228395335705194
202601020609,2勝クラス,62.78427356001135
202601020610,2勝クラス,59.07133361092474
202601020611,OP,68.97763388064868
202601020612,1勝クラス,50.52117186552814
202602010101,未勝利,40.28174400325973
202602010102,未勝利,42.50577730823751
202602010103,未勝利,39.47213453112052
202602010104,未勝利,42.458716314317385
202602010106,未勝利,43.80842811527653
202602010107,1勝クラス,47.63719566915991
202602010108,1勝クラス,43.5622668303448
202602010109,1勝クラス,53.612556761837205
202602010110,2勝クラス,56.57277986507331
202602010111,重賞,68.48690575245067
202602010112,1勝クラス,53.091958431492166
202602010201,未勝利,37.25074539130805
202602010202,未勝利,41.42899203030603
202602010203,未勝利,38.13494473496915
202602010204,未勝利,43.516505837918125
202602010206,未勝利,44.22514754232819
202602010207,1勝クラス,44.2414905735411
202602010208,1勝クラス,44.000913398443714
202602010209,1勝クラス,47.02756031467887
202602010210,2勝クラス,59.442120085071586
202602010211,2勝クラス,50.04458216392077
202602010212,1勝クラス,47.42866480601268
202602010301,未勝利,39.77550194627838
202602010302,未勝利,40.919486541072985
202602010303,未勝利,40.17742740408518
202602010304,未勝利,42.61323642156964
202602010307,未勝利,42.077422022319126
202602010308,1勝クラス,40.96187691764504
202602010309,1勝クラス,51.49472496716037
202602010310,1勝クラス,48.20458311454745
202602010311,2勝クラス,52.26585074572057
202602010312,1勝クラス,50.32650343863813
202602010401,未勝利,41.80647482304781
202602010402,未勝利,41.43386544858596
202602010403,未勝利,35.634774433189406
202602010404,未勝利,40.77987166920197
202602010406,未勝利,39.340070475013185
202602010407,1勝クラス,47.538978348077066
202602010408,1勝クラス,52.6295645388338
202602010409,1勝クラス,54.26358776470287
202602010410,2勝クラス,61.65500767428959
202602010411,3勝クラス,53.35863521176182
202602010412,1勝クラス,51.95944773388604
202602010501,未勝利,41.48835855840236
202602010502,未勝利,40.565186651247444
202602010503,未勝利,42.174875694026504
202602010504,未勝利,45.29487368764859
202602010506,未勝利,44.34494525574953
202602010507,1勝クラス,52.6477094213677
202602010508,1勝クラス,46.9695581455036
202602010509,1勝クラス,48.4891520151163
202602010510,2勝クラス,56.25938811711334
202602010511,OP,62.95628265309
202602010512,1勝クラス,51.16136583749567
202602010601,未勝利,40.856922073416634
202602010602,未勝利,42.47436713247521
202602010603,未勝利,36.475180968069054
202602010604,未勝利,40.82332704317189
202602010606,未勝利,43.924364423078615
202602010607,1勝クラス,49.90100261153695
202602010608,1勝クラス,49.07138539778319
202602010609,1勝クラス,51.92269444483037
202602010610,2勝クラス,54.29827927730887
202602010611,重賞,69.68142666621027
202602010612,2勝クラス,49.80039597521156
202602010701,未勝利,41.06258329816697
202602010702,未勝利,40.82216448120457
202602010703,未勝利,42.79843169739773
202602010704,未勝利,38.39106671166204
202602010706,未勝利,41.16971378078989
202602010707,1勝クラス,45.665542569658584
202602010708,1勝クラス,45.00096391391357
202602010709,1勝クラス,48.74775072916768
202602010710,2勝クラス,63.206657655608694
202602010711,3勝クラス,55.57490097766433
202602010712,1勝クラス,55.41557298637343
202602010801,未勝利,43.59499838698962
202602010802,未勝利,38.1955995495678
202602010803,未勝利,36.70610643782344
202602010804,未勝利,39.567370199262044
202602010806,未勝利,40.66441277433668
202602010807,1勝クラス,40.643992296785825
202602010808,1勝クラス,48.371325090821344
202602010809,2勝クラス,53.09736772991521
202602010810,2勝クラス,57.42751792107968
202602010811,OP,74.85483746490664
202602010812,1勝クラス,43.689684355887294
202602010901,未勝利,41.775953623047144
202602010902,未勝利,43.17977833961988
202602010903,未勝利,41.58245438733333
202602010904,未勝利,42.65895899991779
202602010906,未勝利,41.778159661340055
202602010907,1勝クラス,50.374641325707934
202602010908,1勝クラス,51.53579004183278
202602010909,1勝クラス,50.55309059783991
202602010910,2勝クラス,48.68046904823594
202602010911,3勝クラス,64.59480076095491
202602010912,1勝クラス,46.28619134388099
202602011001,未勝利,37.558386276112685
202602011002,未勝利,37.71321771414533
202602011003,未勝利,40.6368395877801
202602011004,未勝利,36.15380278039756
202602011006,未勝利,38.61821903290861
202602011007,1勝クラス,52.12902064750605
202602011008,1勝クラス,51.65234575293905
202602011009,2勝クラス,57.73941589312835
202602011010,2勝クラス,56.46004255959382
202602011011,OP,65.95796922007631
202602011012,1勝クラス,45.925242319096775
202602011101,未勝利,42.708501548495725
202602011102,未勝利,35.46118550280731
202602011103,未勝利,42.63989251054298
202602011104,未勝利,39.52629121517553
202602011105,未勝利,41.95140947857026
202602011106,未勝利,43.29134032942549
202602011107,1勝クラス,52.693628020161434
202602011108,1勝クラス,52.20698538466304
202602011109,1勝クラス,53.92968437465961
202602011110,2勝クラス,51.10905312100901
202602011111,OP,74.75592146818173
202602011112,1勝クラス,48.64292406159423
202602011201,未勝利,42.94545534449632
202602011202,未勝利,39.31248144935971
202602011203,未勝利,41.62330048320167
202602011204,未勝利,41.94277552407594
202602011206,未勝利,36.560639512417495
202602011207,1勝クラス,48.974396141673374
202602011208,1勝クラス,46.40524080619528
202602011209,2勝クラス,58.49933365647209
202602011210,2勝クラス,58.99926313952335
202602011211,重賞,54.724368890288844
202602011212,1勝クラス,40.82228773573778
202603010101,未勝利,46.022074025658426
202603010102,未勝利,36.773497139667015
202603010103,未勝利,41.793676454152894
202603010104,未勝利,42.95396809034946
202603010105,未勝利,35.857652601154484
202603010106,未勝利,37.67528476651477
202603010107,1勝クラス,45.31770862325001
202603010108,1勝クラス,39.71675177776412
202603010109,1勝クラス,45.581435513932135
202603010110,2勝クラス,49.79181577055934
202603010111,OP,73.06094241054278
202603010112,1勝クラス,42.76510821681026
202603010201,未勝利,41.02019335449337
202603010202,未勝利,38.09565263822144
202603010203,未勝利,43.0034770442953
202603010204,未勝利,39.78535200918496
202603010205,未勝利,42.022238021076305
202603010206,1勝クラス,44.71779651541314
202603010207,1勝クラス,42.39178141443689
202603010208,1勝クラス,43.281709538910256
202603010209,1勝クラス,45.84784293794324
202603010210,2勝クラス,53.10735262705339
202603010211,OP,63.90443705550922
202603010212,1勝クラス,46.53687107154435
202603010301,未勝利,39.23538750355501
202603010302,未勝利,42.66013643064363
202603010303,未勝利,35.59311240268711
202603010304,未勝利,44.43835112790988
202603010305,未勝利,41.37540513226126
202603010306,未勝利,40.349278737529254
202603010307,1勝クラス,40.09621800859494
202603010308,1勝クラス,46.83212292781459
202603010309,1勝クラス,55.709524195594426
202603010310,1勝クラス,54.392044540739796
202603010311,2勝クラス,55.56356130779916
202603010312,1勝クラス,43.22143413213552
202603010401,未勝利,39.09097925610002
202603010402,未勝利,41.29783745923377
202603010403,未勝利,39.41377544125232
202603010404,未勝利,43.366777695487556
202603010405,未勝利,38.99225783359413
202603010406,1勝クラス,46.66157552670231
202603010407,1勝クラス,41.57556031342497
202603010408,1勝クラス,47.90231014323468
202603010409,1勝クラス,45.90271788496028
202603010410,2勝クラス,52.1432119763253
202603010411,重賞,69.21287134710225
202603010412,1勝クラス,37.12983780066925
202603010501,未勝利,38.96709210920671
202603010502,未勝利,39.431680483461186
202603010503,未勝利,39.10198029203655
202603010504,未勝利,37.902180501156735
202603010505,未勝利,38.510119055350266
202603010506,未勝利,47.260465355598974
202603010507,1勝クラス,44.52638774680309
202603010508,1勝クラス,51.03833901971537
202603010509,1勝クラス,52.62554534324135
202603010510,2勝クラス,51.895021660555216
202603010511,3勝クラス,60.88994677481938
202603010512,1勝クラス,43.994431636171726
202603010601,未勝利,40.397266609480155
202603010602,未勝利,40.792127321319846
202603010603,未勝利,43.053099494675465
202603010604,未勝利,41.223411839080136
202603010605,未勝利,43.91373284363486
202603010606,1勝クラス,42.9893263205258
202603010607,1勝クラス,46.534703136222795
202603010608,1勝クラス,40.8961301387254
202603010609,1勝クラス,49.84822227150029
202603010610,2勝クラス,56.07834312890525
202603010611,OP,61.877646074987126
202603010612,1勝クラス,38.699046554770995
202603020102,未勝利,36.40774351100659
202603020103,1勝クラス,54.89051029906784
202603020107,未勝利,35.64520439097077
202603020108,未勝利,39.08941168061891
202603020109,2勝クラス,58.48647371202849
202603020110,2勝クラス,56.87491791016776
202603020111,3勝クラス,61.54496180045175
202603020112,1勝クラス,45.069811310208756
202603020202,未勝利,38.0159395957287
202603020203,未勝利,38.79339382477777
202603020206,未勝利,36.026865067114954
202603020207,未勝利,35.5218620285025
202603020208,1勝クラス,46.86681925764321
202603020209,2勝クラス,56.58490195203919
202603020210,3勝クラス,68.19719807578707
202603020211,重賞,63.82211527585867
202603020212,1勝クラス,47.687322964790106
202603020301,未勝利,40.70514737811446
202603020302,未勝利,40.89529683787419
202603020303,未勝利,39.001879450065154
202603020304,未勝利,36.764572321611745
202603020307,未勝利,36.68911575658231
202603020308,1勝クラス,51.06361621922934
202603020309,1勝クラス,46.961249394689965
202603020310,2勝クラス,58.74669047611556
202603020311,3勝クラス,62.67123023190862
202603020312,1勝クラス,44.29287011355339
202603020401,未勝利,34.87832262937191
202603020402,未勝利,36.38264939818199
202603020403,未勝利,41.16269125536789
202603020404,未勝利,37.16971759621318
202603020407,1勝クラス,50.102382587080136
202603020408,1勝クラス,48.211419816818
202603020409,2勝クラス,50.01677405253882
202603020410,2勝クラス,50.581939303145965
202603020411,OP,76.59576885134877
202603020412,1勝クラス,44.55024432258281
202603020502,未勝利,34.27942400573273
202603020503,未勝利,41.82274198856731
202603020504,未勝利,39.91100350684435
202603020506,未勝利,35.649755180750695
202603020507,1勝クラス,48.040761157428705
202603020508,1勝クラス,45.7325013193274
202603020509,2勝クラス,56.137581716522284
202603020510,3勝クラス,55.67062566158491
202603020511,OP,57.94520990121934
202603020512,1勝クラス,51.41937872244393
202603020602,未勝利,39.6927233289891
202603020603,未勝利,39.05944708091591
202603020606,未勝利,39.06619488523638
202603020607,未勝利,36.36863343518096
202603020608,1勝クラス,50.61745724639278
202603020609,1勝クラス,49.61151318977146
202603020610,3勝クラス,66.52690579699888
202603020611,重賞,68.4360763403062
202603020612,2勝クラス,54.5608109706502
202603020701,未勝利,41.44700067604446
202603020702,未勝利,43.12850459655036
202603020703,未勝利,35.85961864552413
202603020704,未勝利,37.14992648491297
202603020706,未勝利,41.8580307606634
202603020707,未勝利,43.33979570622661
202603020708,1勝クラス,44.5224518914706
202603020709,1勝クラス,46.17553638841096
202603020710,2勝クラス,56.604971496418564
202603020711,3勝クラス,60.22257561550356
202603020712,1勝クラス,46.718504493257285
202603020801,未勝利,41.052782287750105
202603020802,未勝利,38.499287286784856
202603020803,未勝利,39.483145274520865
202603020804,未勝利,34.522428132291196
202603020807,未勝利,38.732113948523036
202603020808,1勝クラス,54.44104889962426
202603020809,2勝クラス,54.55195486943653
202603020810,2勝クラス,52.49374520805338
202603020811,OP,71.43875219410225
202603020812,1勝クラス,49.40105864766369
202604010102,未勝利,43.65230205773247
202604010103,未勝利,44.28078654315125
202604010105,未勝利,42.59805434199088
202604010106,未勝利,43.18635758858013
202604010107,1勝クラス,46.40835330077836
202604010108,1勝クラス,43.959694709674295
202604010109,1勝クラス,61.75599328736537
202604010110,2勝クラス,55.265589069807454
202604010111,3勝クラス,64.75111516222798
202604010112,1勝クラス,38.11421745926219
202604010201,未勝利,39.38930743193559
202604010202,未勝利,40.56473404282444
202604010203,未勝利,46.699272379690505
202604010205,未勝利,40.44335787113611
202604010206,1勝クラス,46.39246776126762
202604010207,1勝クラス,42.45269956402494
202604010208,1勝クラス,46.563536474476905
202604010209,2勝クラス,55.99791149863673
202604010210,2勝クラス,46.23333336249795
202604010211,OP,67.68052691781287
202604010212,1勝クラス,40.59609531677641
202604010302,未勝利,46.68893992643745
202604010303,未勝利,42.79281078640056
202604010305,未勝利,39.775084451803835
202604010306,未勝利,41.12793857158224
202604010307,1勝クラス,43.53574214001213
202604010308,1勝クラス,39.90770789026201
202604010309,1勝クラス,49.45489610581407
202604010310,1勝クラス,45.74961677670907
202604010311,3勝クラス,51.023697924573504
202604010312,1勝クラス,47.434140368047665
202604010401,未勝利,36.59877241255656
202604010402,未勝利,42.15937822479437
202604010403,未勝利,43.003051908679154
202604010405,未勝利,38.09257843632857
202604010406,未勝利,37.446730470964
202604010407,1勝クラス,43.16208149919884
202604010408,1勝クラス,45.94644853766066
202604010409,1勝クラス,48.07254788604627
202604010410,2勝クラス,58.832242234309355
202604010411,OP,62.06066043103891
202604010412,1勝クラス,45.37269128069809
202604010501,未勝利,41.0977931935797
202604010502,未勝利,40.94402630077262
202604010503,未勝利,43.94341932869518
202604010504,未勝利,43.324936802154404
202604010505,未勝利,43.41743723463212
202604010506,未勝利,37.66044233126563
202604010507,1勝クラス,37.52634446775613
202604010508,1勝クラス,44.790050635663185
202604010509,1勝クラス,44.29392952368005
202604010510,2勝クラス,62.2795563157976
202604010511,重賞,70.45034379957288
202604010512,1勝クラス,44.248018520309195
202604010602,未勝利,44.07580007820064
202604010603,未勝利,42.777401211006776
202604010605,未勝利,39.37299033069208
202604010606,未勝利,39.657728210992154
202604010607,1勝クラス,42.54863089865531
202604010608,1勝クラス,45.53459343857958
202604010609,1勝クラス,38.739251983034016
202604010610,2勝クラス,54.76382688534285
202604010611,3勝クラス,60.965005740042784
202604010612,1勝クラス,42.434012509162535
202604010702,未勝利,37.22791718509586
202604010703,未勝利,43.46866105224467
202604010705,未勝利,43.58053474388119
202604010706,未勝利,44.30060949982746
202604010707,未勝利,45.66111489641897
202604010708,1勝クラス,48.23336796464326
202604010709,1勝クラス,45.755448834475466
202604010710,1勝クラス,47.53705983979805
202604010711,2勝クラス,53.548424019442365
202604010712,1勝クラス,43.874011674941045
202604010801,未勝利,38.72453881138803
202604010802,未勝利,44.68858760186944
202604010803,未勝利,43.5367872396314
202604010805,未勝利,42.57690942583195
202604010806,未勝利,45.6271375199197
202604010807,1勝クラス,46.00002028568201
202604010808,1勝クラス,44.7405467376142
202604010809,1勝クラス,46.141507223785666
202604010810,2勝クラス,53.05417047492557
202604010811,OP,53.264540578074204
202604010812,1勝クラス,51.261832547654066
202604020101,未勝利,38.93358165570802
202604020104,未勝利,35.66587224098986
202604020105,1勝クラス,50.72725621987295
202604020106,2勝クラス,56.8716712729794
202604020107,3勝クラス,61.441488520767535
202604020108,1勝クラス,51.52033883698682
202604020110,未勝利,34.12063688778344
202604020111,未勝利,32.407501903434934
202604020112,1勝クラス,48.95128576118417
202604020201,未勝利,45.89060679824759
202604020203,未勝利,38.62803101757333
202604020204,未勝利,35.09975567176676
202604020205,1勝クラス,45.470084824585335
202604020206,2勝クラス,56.694153060061694
202604020207,重賞,72.16746438912925
202604020208,2勝クラス,60.73020377309843
202604020210,未勝利,35.78921573750324
202604020211,1勝クラス,38.78487522623701
202604020212,未勝利,37.673481950871285
202604020301,未勝利,41.08083002333442
202604020304,未勝利,39.29283106486939
202604020305,未勝利,42.06442331036607
202604020306,2勝クラス,57.24565823329932
202604020307,3勝クラス,66.22313307915775
202604020308,1勝クラス,54.42245178252139
202604020309,1勝クラス,45.418828340387506
202604020310,未勝利,39.05311357439875
202604020311,未勝利,38.22460261369274
202604020312,1勝クラス,42.44020932250495
202604020401,未勝利,37.61026520170254
202604020404,未勝利,38.19195879027874
202604020405,未勝利,36.69293730761656
202604020406,2勝クラス,58.04601167743374
202604020407,重賞,60.30318241487293
202604020408,1勝クラス,53.71828738414759
202604020409,1勝クラス,51.54721127533136
202604020410,1勝クラス,45.9648321599466
202604020411,未勝利,40.08337394386392
202604020412,未勝利,35.912824019367
202604020501,未勝利,38.25804295098415
202604020504,未勝利,36.37239153581903
202604020505,未勝利,43.388625826031415
202604020506,2勝クラス,52.38852566971795
202604020507,OP,66.83801806331012
202604020508,OP,49.17954146198058
202604020509,1勝クラス,51.07693094743966
202604020510,1勝クラス,45.59761520043745
202604020511,1勝クラス,41.339701620821444
202604020512,未勝利,36.79666528248508
202604020601,未勝利,42.74218994765693
202604020603,未勝利,36.904739229812876
202604020604,未勝利,40.491637206842
202604020605,1勝クラス,49.44838120493688
202604020606,3勝クラス,65.73864328840742
202604020607,重賞,74.86379393997609
202604020608,2勝クラス,46.58435600768164
202604020609,2勝クラス,55.90670236694297
202604020610,1勝クラス,52.97309397840054
202604020611,未勝利,40.93414678271006
202604020612,未勝利,41.37446056396213
202604020701,未勝利,41.740547997940276
202604020704,未勝利,37.112801557343786
202604020705,1勝クラス,49.32481045490311
202604020706,2勝クラス,60.10728766614669
202604020707,3勝クラス,64.89702842133347
202604020708,1勝クラス,50.54006601255155
202604020710,未勝利,40.26532558991323
202604020711,未勝利,34.155204706011155
202604020712,未勝利,36.17315214839151
202604020801,未勝利,41.76047188766531
202604020802,未勝利,40.007103718251294
202604020803,未勝利,47.56097495379825
202604020805,1勝クラス,52.19311733107721
202604020806,3勝クラス,49.10927321825582
202604020807,OP,69.09979390419417
202604020808,2勝クラス,58.99426406179539
202604020810,未勝利,37.991431887201934
202604020811,1勝クラス,54.00152910063898
202604020812,未勝利,33.97878519798021
202604030101,未勝利,41.0340798198626
202604030102,未勝利,48.2309675595569
202604030104,未勝利,40.079687882963626
202604030105,未勝利,39.51410217101215
202604030106,3勝クラス,60.837451164173785
202604030107,OP,65.71447673528243
202604030108,2勝クラス,56.10658250819009
202604030109,1勝クラス,49.082304088386344
202604030110,1勝クラス,49.46500766378768
202604030111,未勝利,37.554198964646545
202604030112,未勝利,35.14629180148241
202604030201,未勝利,34.18559221847173
202604030204,未勝利,36.931475283561994
202604030205,未勝利,36.46119132110071
202604030206,3勝クラス,68.579065793947
202604030207,重賞,47.474289369294276
202604030208,2勝クラス,53.284643725543
202604030209,1勝クラス,47.8978511919968
202604030210,1勝クラス,50.92847129568277
202604030211,1勝クラス,38.95409203759016
202604030212,未勝利,37.414312106559024
202604030302,未勝利,41.979655813493196
202604030303,未勝利,40.64738679278123
202604030305,未勝利,41.86574447955637
202604030306,1勝クラス,53.18219846874614
202604030307,2勝クラス,57.1406737580467
202604030308,OP,72.64667885502404
202604030309,1勝クラス,46.39992502855851
202604030310,1勝クラス,46.65788421322027
202604030311,未勝利,39.40952255996775
202604030312,未勝利,34.26746768487352
202604030403,未勝利,40.59413568669335
202604030405,未勝利,40.09438757919669
202604030406,2勝クラス,58.746374224165585
202604030407,3勝クラス,64.72676205081552
202604030408,重賞,73.47070413464851
202604030409,2勝クラス,45.45997790333236
202604030410,未勝利,39.422487410346854
202604030411,1勝クラス,49.744929403312156
202604030412,1勝クラス,44.65703374963199
202605010101,未勝利,45.88926814284427
202605010102,1勝クラス,49.07990259340336
202605010103,未勝利,44.98917294437754
202605010106,未勝利,43.469581770794164
202605010107,1勝クラス,59.20223391593676
202605010108,2勝クラス,57.983790563084305
202605010109,3勝クラス,69.75580656897264
202605010110,OP,58.85117587194168
202605010111,OP,73.54888704175883
202605010112,1勝クラス,50.38351028724299
202605010201,未勝利,44.016274383753164
202605010202,未勝利,44.7048513438876
202605010203,未勝利,42.59323393788068
202605010204,1勝クラス,42.753574671437086
202605010206,1勝クラス,49.493400532435764
202605010207,2勝クラス,58.280514495106495
202605010208,2勝クラス,59.63588763793215
202605010209,1勝クラス,57.2830536916847
202605010210,3勝クラス,62.41746615468144
202605010211,重賞,79.97363874296892
202605010212,未勝利,41.37065148828553
202605010301,未勝利,45.35690902561994
202605010302,未勝利,46.67399142018143
202605010303,未勝利,43.02494456257947
202605010304,1勝クラス,50.05816345502112
202605010306,未勝利,45.440496799178334
202605010307,1勝クラス,59.878767835497634
202605010501,未勝利,43.57837482448135
202605010502,1勝クラス,48.74015414286049
202605010503,未勝利,43.70470698466673
202605010505,未勝利,42.05482814896748
202605010506,未勝利,38.93827629860675
202605010507,1勝クラス,54.84163618086267
202605010508,2勝クラス,56.61353263842218
202605010509,2勝クラス,55.729818990641625
202605010510,3勝クラス,67.68056868892211
202605010511,重賞,60.260839884472965
202605010512,1勝クラス,51.48629084326529
202605010601,未勝利,43.388043184983104
202605010602,未勝利,45.52893600173563
202605010604,1勝クラス,62.582844994225354
202605010605,未勝利,41.809888891252875
202605010606,1勝クラス,45.48193907285483
202605010607,1勝クラス,45.72501313975947
202605010608,2勝クラス,53.44680901134285
202605010609,3勝クラス,64.39949681015756
202605010610,OP,75.64150117619441
202605010611,重賞,64.0089678647377
202605010612,2勝クラス,56.43241094277403
202605010701,未勝利,43.9321633287783
202605010702,1勝クラス,57.039612426041025
202605010703,未勝利,46.7622349728943
202605010705,未勝利,43.1745448466195
202605010706,未勝利,44.30580892803145
202605010707,1勝クラス,45.01959037717257
202605010708,2勝クラス,52.467400454420705
202605010709,1勝クラス,46.04526134187282
202605010710,3勝クラス,67.1079464327628
202605010711,重賞,65.84709223868256
202605010712,1勝クラス,53.914075619617286
202605010801,未勝利,41.91366592248832
202605010802,未勝利,43.66171916965015
202605010804,未勝利,44.70277340552744
202605010805,1勝クラス,55.41743319383174
202605010806,1勝クラス,51.76499107064885
202605010807,2勝クラス,61.305222018247946
202605010808,2勝クラス,58.64852161395909
202605010809,OP,66.19372577622961
202605010810,3勝クラス,63.50323234103015
202605010811,重賞,87.20236711094466
202605010812,2勝クラス,61.6082198001545
202605020101,未勝利,38.091908529550174
202605020102,未勝利,43.42792824370753
202605020103,未勝利,42.982957829468816
202605020104,未勝利,39.29826848542989
202605020105,未勝利,44.849653153838105
202605020106,1勝クラス,60.84429701473319
202605020107,1勝クラス,45.32273838846931
202605020108,1勝クラス,47.46160520095334
202605020109,2勝クラス,57.123315705600376
202605020110,3勝クラス,67.52249412597097
202605020111,重賞,61.11683157323482
202605020112,2勝クラス,57.26677897128235
202605020201,未勝利,39.44655099240826
202605020202,未勝利,41.692269694896055
202605020203,未勝利,41.591500866430835
202605020204,未勝利,42.03318374476326
202605020205,未勝利,39.63209204250358
202605020206,1勝クラス,59.11770519456526
202605020207,1勝クラス,45.89101291720193
202605020208,2勝クラス,51.47925934205939
202605020209,3勝クラス,60.29052992969541
202605020210,OP,74.81633272967991
202605020211,重賞,57.36077668204486
202605020212,2勝クラス,55.35657353780219
202605020301,未勝利,40.87618012017992
202605020302,未勝利,41.848326384913236
202605020303,未勝利,44.60655747530367
202605020304,未勝利,39.52504509707603
202605020305,1勝クラス,54.96204764209941
202605020306,1勝クラス,45.947585577186885
202605020307,1勝クラス,41.70851629575418
202605020308,2勝クラス,57.28787029236528
202605020309,3勝クラス,68.77784641712316
202605020310,OP,60.947960232007965
202605020311,重賞,70.24183103260603
202605020312,2勝クラス,56.937971298158864
202605020401,未勝利,44.29618124617908
202605020402,未勝利,43.11137965917162
202605020403,未勝利,44.040658774484896
202605020404,未勝利,40.788374381011266
202605020405,未勝利,40.077661241951496
202605020406,1勝クラス,58.03235987539107
202605020407,1勝クラス,45.59426928249242
202605020408,2勝クラス,50.02471086946111
202605020409,3勝クラス,62.435980654605125
202605020410,OP,77.78968795079845
202605020411,OP,57.415272477879505
202605020412,2勝クラス,53.59278277428873
202605020501,未勝利,43.791500792925376
202605020502,未勝利,45.98704407081222
202605020503,未勝利,44.97892955466192
202605020504,未勝利,40.9841634571389
202605020505,未勝利,44.206109516530226
202605020506,1勝クラス,55.50643638079183
202605020507,1勝クラス,47.34712638240397
202605020508,2勝クラス,46.93804699151068
202605020509,3勝クラス,56.67732405245671
202605020510,OP,68.24166084479741
202605020511,重賞,71.48802827284354
202605020512,2勝クラス,55.75166745433219
202605020601,未勝利,36.9132575540498
202605020602,未勝利,38.13046722655541
202605020603,未勝利,39.08627664786264
202605020604,未勝利,39.3098648040991
202605020605,1勝クラス,60.261086954970395
202605020606,1勝クラス,45.9609798893693
202605020607,1勝クラス,41.743729675315734
202605020608,2勝クラス,53.11287195199625
202605020609,2勝クラス,56.82970288650577
202605020610,OP,65.2887819099365
202605020611,重賞,70.03259360081037
202605020612,3勝クラス,65.434518828199
202605020701,未勝利,39.14266230240036
202605020702,未勝利,40.862715025743924
202605020703,未勝利,39.80883454986531
202605020704,未勝利,42.19863930072157
202605020705,未勝利,41.89886383217098
202605020706,1勝クラス,49.63431888861498
202605020707,1勝クラス,55.68471526959053
202605020708,1勝クラス,47.48052545571863
202605020709,2勝クラス,57.98298574364021
202605020710,2勝クラス,58.0768406609865
202605020711,3勝クラス,61.55564951227721
202605020712,1勝クラス,42.39301198099039
202605020801,未勝利,34.40482877653463
202605020802,未勝利,37.334546624296664
202605020803,未勝利,42.737921980175216
202605020804,未勝利,36.358458027279674
202605020805,未勝利,42.32299280895123
202605020806,1勝クラス,62.50034792125332
202605020807,1勝クラス,52.175223709855636
202605020808,1勝クラス,43.89857587580472
202605020809,2勝クラス,51.652246996162575
202605020810,2勝クラス,54.67017180341949
202605020811,重賞,76.91925846780411
202605020812,3勝クラス,63.878171542858425
202605020901,未勝利,43.57803652663966
202605020902,未勝利,41.62948112972877
202605020903,未勝利,44.086570281728854
202605020904,未勝利,40.46163520337532
202605020905,未勝利,39.21872436684186
202605020906,1勝クラス,60.92872820337334
202605020907,1勝クラス,43.598040297541424
202605020908,1勝クラス,43.45082641083556
202605020909,1勝クラス,56.7920741543081
202605020910,2勝クラス,53.201789812236065
202605020911,OP,72.45115219856228
202605020912,2勝クラス,54.21314714290482
202605021001,未勝利,38.71109971651367
202605021002,未勝利,43.81148000099562
202605021003,未勝利,39.45709385723163
202605021004,未勝利,40.65908045760241
202605021005,未勝利,36.85584490647274
202605021006,1勝クラス,54.73772596890348
202605021007,1勝クラス,45.527411154923215
202605021008,2勝クラス,59.24518318983294
202605021009,2勝クラス,46.97636121549243
202605021010,3勝クラス,61.85544765011148
202605021011,重賞,68.82811290702833
202605021012,3勝クラス,67.35153607117624
202605021101,未勝利,40.935088237417325
202605021102,未勝利,40.19965431808434
202605021103,未勝利,42.15875120799987
202605021105,未勝利,40.11585810872522
202605021106,1勝クラス,56.88169835972093
202605021107,1勝クラス,53.68509565865968
202605021108,1勝クラス,44.07059339435415
202605021109,2勝クラス,57.65816406436083
202605021110,2勝クラス,54.82747266140421
202605021111,OP,77.21562749723293
202605021112,2勝クラス,55.84581997440693
202605021201,未勝利,38.441575778341296
202605021202,未勝利,39.71619608379973
202605021203,未勝利,43.80201922900339
202605021204,未勝利,40.69243096546371
202605021205,1勝クラス,53.62675234571711
202605021206,1勝クラス,43.42761125355762
202605021207,1勝クラス,46.51356352638095
202605021208,2勝クラス,58.45398919186078
202605021209,3勝クラス,66.99854778967374
202605021210,3勝クラス,62.179593008569064
202605021211,重賞,73.95532561100725
202605021212,OP,72.45873161358588
202605030102,未勝利,40.216273071785196
202605030103,未勝利,42.14401396477854
202605030106,未勝利,43.15801058618526
202605030107,未勝利,42.90345510888538
202605030108,1勝クラス,52.2519521564124
202605030109,1勝クラス,54.87586683303761
202605030110,2勝クラス,54.17727198113909
202605030111,3勝クラス,68.57747508233936
202605030112,1勝クラス,46.00627045623283
202605030201,未勝利,37.707279563434085
202605030202,未勝利,43.03252970789554
202605030203,未勝利,39.32237580728493
202605030204,未勝利,43.70661224041651
202605030206,未勝利,41.3213915689785
202605030207,1勝クラス,47.63812822413637
202605030208,1勝クラス,52.41326622755458
202605030209,2勝クラス,61.58827553889535
202605030210,2勝クラス,55.56987992608259
202605030211,重賞,76.62049629514983
202605030212,2勝クラス,61.680454821148146
202605030301,未勝利,40.428563365375624
202605030302,未勝利,42.99198033201188
202605030303,未勝利,40.674830875134305
202605030307,未勝利,40.99083459395315
202605030308,1勝クラス,49.620075476025825
202605030309,2勝クラス,58.46713404023065
202605030310,3勝クラス,68.00232031807406
202605030311,OP,70.62646608671152
202605030312,1勝クラス,49.659046660585624
202605030401,未勝利,37.716850615757714
202605030402,未勝利,39.2702745323157
202605030403,未勝利,44.09149505847013
202605030406,1勝クラス,51.96605461492406
202605030407,1勝クラス,53.172902662820974
202605030408,1勝クラス,50.509426519477756
202605030409,2勝クラス,55.196363141062186
202605030410,3勝クラス,65.87676080010645
202605030411,OP,65.1350775942945
202605030412,2勝クラス,60.979877688444404
202605030501,未勝利,38.714261216625346
202605030502,未勝利,37.27564112291849
202605030503,未勝利,41.19664764603494
202605030506,未勝利,38.63969393414591
202605030507,未勝利,39.46673441466772
202605030508,1勝クラス,50.27336012747896
202605030509,2勝クラス,52.51871804128991
202605030510,2勝クラス,57.84970547504528
202605030511,OP,77.45389993143728
202605030512,1勝クラス,50.88612765803227
202605030602,未勝利,37.463529690195
202605030603,未勝利,40.3989099500077
202605030606,未勝利,42.73192225139673
202605030607,1勝クラス,49.754002696019946
202605030608,1勝クラス,53.80967311974419
202605030609,2勝クラス,65.09616481018433
202605030610,3勝クラス,61.97607450280908
202605030611,重賞,70.93884114625769
202605030612,1勝クラス,47.485673448310926
202606010101,未勝利,39.31036791051424
202606010102,未勝利,44.93658410259269
202606010104,未勝利,47.16157987410847
202606010105,未勝利,45.272520998397475
202606010107,1勝クラス,51.06615161790967
202606010108,1勝クラス,42.09250368377685
202606010109,3勝クラス,68.60067635509027
202606010110,OP,55.49755286087789
202606010111,重賞,69.41713683238055
202606010112,2勝クラス,52.12150394701203
202606010301,未勝利,37.32166010980805
202606010302,未勝利,40.450209139854834
202606010303,未勝利,42.31979443823257
202606010306,1勝クラス,51.67032534689453
202606010307,未勝利,42.842486523976795
202606010308,2勝クラス,56.43394478079162
202606010309,1勝クラス,60.50513024063653
202606010310,2勝クラス,55.10829561948804
202606010311,3勝クラス,60.49926698676019
202606010312,1勝クラス,42.98720784498192
202606010401,未勝利,37.032640432832395
202606010402,未勝利,44.285772696071916
202606010403,未勝利,44.25413532895181
202606010404,1勝クラス,58.09932924158542
202606010406,未勝利,41.33971045291398
202606010407,1勝クラス,44.57598320059361
202606010408,1勝クラス,49.160505724066724
202606010409,2勝クラス,53.12994799247281
202606010410,OP,78.1771273443499
202606010411,重賞,57.78418131106557
202606010412,2勝クラス,57.21378684058389
202606010601,未勝利,41.498144638050036
202606010602,未勝利,40.15189124355476
202606010605,未勝利,42.732751992208364
202606010606,1勝クラス,44.31539077282268
202606010607,1勝クラス,47.05031886907664
202606010608,2勝クラス,53.33286071406338
202606010609,1勝クラス,56.277662907832365
202606010610,3勝クラス,66.81522020808603
202606010611,OP,64.90843502599247
202606010612,2勝クラス,52.94804706912427
202606010701,未勝利,41.01856211951413
202606010702,未勝利,44.01066603714742
202606010703,未勝利,44.74392639904437
202606010706,1勝クラス,46.48634940020154
202606010707,2勝クラス,56.20821279357541
202606010708,2勝クラス,56.65310966999531
202606010709,3勝クラス,64.34108664248025
202606010710,OP,72.0689601743969
202606010711,重賞,57.46801269498348
202606010712,未勝利,46.82857710446196
202606010801,未勝利,42.43413786672978
202606010802,未勝利,44.00540559718431
202606010804,未勝利,48.52066712661734
202606010805,未勝利,43.53478333622584
202606010806,1勝クラス,58.51021630538413
202606010807,1勝クラス,44.88724488079809
202606010808,1勝クラス,45.72157434565803
202606010809,2勝クラス,57.73002235665356
202606010810,2勝クラス,58.76419158523221
202606010811,3勝クラス,58.90555898254737
202606010812,1勝クラス,47.530642984454055
202606010901,未勝利,40.80809350687342
202606010902,未勝利,43.161606616111804
202606010903,未勝利,39.39674543631288
202606010906,1勝クラス,48.83304702316871
202606010907,2勝クラス,57.12629538131268
202606010908,2勝クラス,55.30877023374422
202606010909,1勝クラス,57.10228739476284
202606010910,3勝クラス,64.34915228765952
202606010911,重賞,71.99342899965748
202606010912,未勝利,42.457413571204114
202606020101,未勝利,46.93768158941775
202606020102,未勝利,37.669726173629286
202606020103,未勝利,38.54014462352207
202606020104,未勝利,37.83025269463336
202606020105,未勝利,39.31536928795253
202606020106,1勝クラス,55.59451252626499
202606020107,1勝クラス,45.4199264979229
202606020108,2勝クラス,51.255506384635275
202606020109,1勝クラス,59.21721976896947
202606020110,3勝クラス,62.02663943075164
202606020111,重賞,74.12508660028479
202606020112,2勝クラス,58.385454704337306
202606020201,未勝利,42.14984457629407
202606020202,未勝利,44.54796756958481
202606020203,未勝利,33.685186721979
202606020204,1勝クラス,60.144730293356695
202606020205,未勝利,46.73439942463171
202606020206,1勝クラス,44.42179636022562
202606020207,1勝クラス,49.808461069828724
202606020208,1勝クラス,44.969388625730275
202606020209,2勝クラス,55.68253285394489
202606020210,3勝クラス,56.178631908462904
202606020211,重賞,70.97410646803081
202606020212,2勝クラス,55.31934945615171
202606020301,未勝利,50.42449237146494
202606020302,未勝利,40.58591683851067
202606020303,未勝利,40.35980046092952
202606020305,未勝利,42.944232817321364
202606020306,未勝利,39.54911764855347
202606020307,1勝クラス,53.439625638490526
202606020308,1勝クラス,51.08433697355556
202606020309,2勝クラス,56.210103910022944
202606020310,3勝クラス,70.61905017043436
202606020311,重賞,72.12730964388972
202606020312,1勝クラス,50.29126659980505
202606020401,未勝利,42.30491730131507
202606020402,未勝利,40.27730939033495
202606020403,未勝利,39.8710913351853
202606020405,未勝利,43.046082022671
202606020406,1勝クラス,41.8396337747738
202606020407,1勝クラス,57.10896395033157
202606020408,2勝クラス,58.734989906978385
202606020409,3勝クラス,60.38842124634175
202606020410,OP,78.02655107978735
202606020411,重賞,58.74374968605113
202606020412,2勝クラス,52.42610995477718
202606020501,未勝利,42.18400303647583
202606020502,未勝利,47.177422606989786
202606020503,未勝利,41.607019010918876
202606020504,未勝利,41.304552961579944
202606020505,未勝利,42.615529520304996
202606020506,1勝クラス,62.58075288819297
202606020507,1勝クラス,47.40422052960413
202606020508,1勝クラス,42.654036544128125
202606020509,2勝クラス,54.15685194985288
202606020510,3勝クラス,61.19967641483327
202606020511,OP,56.832520306816235
202606020512,2勝クラス,53.15529528693586
202606020601,未勝利,41.29670455204109
202606020602,未勝利,45.6159449686255
202606020603,未勝利,37.87940314916156
202606020604,未勝利,41.600761861922194
202606020605,未勝利,39.35298650115401
202606020606,1勝クラス,47.963299185190145
202606020607,1勝クラス,52.61819371428912
202606020608,2勝クラス,56.250815149393
202606020609,2勝クラス,54.571962575896194
202606020610,OP,65.63253592322619
202606020611,重賞,62.33815827046915
202606020612,1勝クラス,41.57971176355704
202606020701,未勝利,40.48489378131173
202606020702,未勝利,41.22897524400146
202606020703,未勝利,40.13781953558872
202606020704,未勝利,45.99667120114814
202606020705,未勝利,43.2206026392852
202606020706,1勝クラス,49.71679778321823
202606020707,1勝クラス,47.18995329291726
202606020709,2勝クラス,55.02452238431647
202606020710,3勝クラス,67.55589200879064
202606020711,重賞,60.11777390311941
202606020712,1勝クラス,40.516200713059874
202606020801,未勝利,38.352740919782086
202606020802,未勝利,44.472726707196614
202606020803,1勝クラス,55.000189061032685
202606020805,未勝利,39.4270789158646
202606020806,未勝利,43.793984892336034
202606020807,1勝クラス,50.2995233714172
202606020808,1勝クラス,48.02357809844223
202606020809,2勝クラス,52.612364317740926
202606020810,3勝クラス,63.61272213882734
202606020811,OP,71.13967486771212
202606020812,2勝クラス,58.526947391324214
202606030101,未勝利,36.643950627612625
202606030102,未勝利,40.18993234844308
202606030103,未勝利,39.249423501190606
202606030104,未勝利,38.780187316345526
202606030105,未勝利,38.06345046051085
202606030106,1勝クラス,45.42657667058795
202606030107,1勝クラス,44.0066618007409
202606030108,2勝クラス,56.350611382648815
202606030109,3勝クラス,58.59591463382098
202606030110,OP,72.0133772139452
202606030111,重賞,70.33348010350417
202606030112,2勝クラス,60.71786220171171
202606030201,未勝利,39.29042891299678
202606030202,未勝利,40.72775391964017
202606030203,未勝利,41.63031867494064
202606030204,未勝利,40.573685570379354
202606030205,未勝利,40.86955057631826
202606030206,1勝クラス,55.213279722904446
202606030207,1勝クラス,48.39529286780424
202606030208,1勝クラス,42.90226166645269
202606030209,1勝クラス,56.88276619517761
202606030210,3勝クラス,56.666204891682426
202606030211,重賞,82.32513037920367
202606030212,2勝クラス,49.01674263266385
202606030301,未勝利,43.929811890024276
202606030302,未勝利,39.065918725521485
202606030303,未勝利,41.635875457916974
202606030305,未勝利,44.54985032982792
202606030306,未勝利,48.41452893800025
202606030307,1勝クラス,48.37892470084287
202606030308,1勝クラス,50.27184557937287
202606030309,1勝クラス,53.27007065773196
202606030310,2勝クラス,53.3930348412832
202606030311,重賞,67.46492192038114
202606030312,2勝クラス,54.78209565064826
202606030401,未勝利,43.29324970887344
202606030402,未勝利,40.35206260250095
202606030403,未勝利,41.26889055461514
202606030405,未勝利,40.87251114782407
202606030406,1勝クラス,62.647361038762135
202606030407,1勝クラス,52.48733843240075
202606030408,1勝クラス,42.66196491275632
202606030409,2勝クラス,57.98853686210136
202606030410,3勝クラス,63.83078123739327
202606030411,3勝クラス,60.59108908159389
202606030412,2勝クラス,50.065082700663
202606030501,未勝利,40.77456324987142
202606030502,未勝利,37.826952707745875
202606030503,未勝利,42.656458609145616
202606030505,未勝利,45.928248527739306
202606030506,未勝利,39.65178149381742
202606030507,1勝クラス,56.39804526259106
202606030508,1勝クラス,44.77951384869754
202606030509,1勝クラス,49.9418795217412
202606030510,3勝クラス,61.328160071002436
202606030511,重賞,58.65687837816634
202606030512,2勝クラス,52.65606333873852
202606030601,未勝利,38.541884756164976
202606030602,未勝利,43.16278711632202
202606030603,未勝利,37.48917817051987
202606030605,未勝利,41.49931819004176
202606030606,1勝クラス,63.79130883784748
202606030607,1勝クラス,49.34589785862528
202606030608,2勝クラス,56.922044393468035
202606030609,2勝クラス,55.42404989981856
202606030610,3勝クラス,62.24111174102934
202606030611,OP,63.086673608396616
202606030612,1勝クラス,44.94275586338118
202606030701,未勝利,42.03178897184399
202606030702,未勝利,47.37058119879061
202606030703,未勝利,37.82660597843411
202606030704,未勝利,43.75516999354077
202606030705,未勝利,39.52484473242176
202606030706,1勝クラス,51.117240436090285
202606030707,1勝クラス,47.941665810338534
202606030708,1勝クラス,47.62225404149355
202606030709,2勝クラス,49.154818055415205
202606030710,3勝クラス,70.36987457547504
202606030712,2勝クラス,54.009914814484944
202606030801,未勝利,42.15266199335024
202606030802,未勝利,38.50935752362212
202606030803,未勝利,44.35946210736205
202606030804,未勝利,39.52941587707468
202606030805,1勝クラス,45.24247839975976
202606030806,1勝クラス,62.47792162075829
202606030807,1勝クラス,42.64656859100974
202606030808,2勝クラス,61.22839611477367
202606030809,2勝クラス,57.252754536622504
202606030810,OP,68.70278578484546
202606030811,重賞,72.40814985671366
202606030812,3勝クラス,62.433722211812146
202606040102,未勝利,43.71186642658669
202606040103,未勝利,50.147444575605505
202606040104,未勝利,38.944997863795216
202606040107,未勝利,40.16802142048607
202606040108,1勝クラス,44.41975476117818
202606040109,1勝クラス,49.719029304480934
202606040110,2勝クラス,50.445219383991954
202606040111,重賞,71.7451397250084
202606040112,1勝クラス,47.408139784310414
202606040202,未勝利,33.4992673116997
202606040203,未勝利,40.81385756911974
202606040204,未勝利,38.71424147172148
202606040207,未勝利,39.93411590392331
202606040208,1勝クラス,52.19138785859846
202606040209,2勝クラス,53.97980916969581
202606040210,3勝クラス,61.28893175097028
202606040211,重賞,64.24037982200149
202606040212,1勝クラス,46.39699944223352
202606040301,未勝利,45.6189224181863
202606040302,未勝利,40.703142472327556
202606040303,未勝利,43.263080238976414
202606040304,未勝利,39.787815667878064
202606040307,未勝利,43.338755370019335
202606040308,1勝クラス,47.26961164590141
202606040309,2勝クラス,55.78533233651205
202606040310,3勝クラス,63.846410030545485
202606040311,OP,71.84575899674437
202606040312,1勝クラス,52.8703437783033
202606040402,未勝利,37.43058969078953
202606040403,未勝利,43.38110254334214
202606040404,未勝利,44.47022847589106
202606040406,未勝利,43.10093698414346
202606040407,1勝クラス,51.9248149830554
202606040408,1勝クラス,46.42076420029523
202606040409,2勝クラス,55.325958547657976
202606040410,3勝クラス,60.91777188844688
202606040411,重賞,69.57634881794183
202606040412,2勝クラス,60.05227086080493
202607010101,未勝利,48.6640074394117
202607010102,未勝利,38.61067872426117
202607010103,未勝利,48.18261745836992
202607010104,未勝利,40.05800621429832
202607010105,未勝利,45.93753792018095
202607010106,1勝クラス,63.52222434089098
202607010107,1勝クラス,48.46249340077006
202607010108,1勝クラス,39.63339597646633
202607010109,1勝クラス,50.24274534668637
202607010110,2勝クラス,55.950591315293224
202607010111,2勝クラス,55.75429628121442
202607010112,1勝クラス,43.13491734076945
202607010201,未勝利,45.844196585223685
202607010202,未勝利,44.967773868398766
202607010203,未勝利,45.26991583011019
202607010204,未勝利,43.58602878395093
202607010205,未勝利,42.325416949427456
202607010206,1勝クラス,48.459147078079475
202607010207,1勝クラス,49.18390734906371
202607010208,1勝クラス,44.05944187309872
202607010209,2勝クラス,55.23374869930442
202607010210,OP,65.07104213321728
202607010211,重賞,77.84230058775535
202607010212,1勝クラス,44.83136466093278
202607010301,未勝利,40.422790464413886
202607010302,未勝利,41.50682843137389
202607010303,未勝利,42.52812874609494
202607010304,未勝利,43.57133059306713
202607010305,未勝利,38.328413554006715
202607010306,未勝利,45.58269082410162
202607010307,1勝クラス,49.47574882972346
202607010308,1勝クラス,48.100511473176645
202607010309,2勝クラス,57.166347591552714
202607010310,3勝クラス,64.94007391031268
202607010311,重賞,64.12349952789278
202607010312,1勝クラス,43.66235128361905
202607010401,未勝利,46.026567776026916
202607010402,未勝利,37.18638723060891
202607010403,未勝利,41.369625017774524
202607010404,未勝利,42.02083793700798
202607010405,未勝利,44.219084897170006
202607010406,1勝クラス,49.93808252352166
202607010407,1勝クラス,47.25765989127091
202607010408,1勝クラス,43.47017715529122
202607010409,1勝クラス,58.85257463839173
202607010410,2勝クラス,60.69052955785907
202607010411,重賞,69.96625589502428
202607010412,1勝クラス,43.396215879058104
202607010501,未勝利,44.60175568250737
202607010502,未勝利,41.06985343165705
202607010503,未勝利,44.6203185186388
202607010504,未勝利,42.94404989672486
202607010505,未勝利,41.497418037643726
202607010506,1勝クラス,44.48132506610787
202607010507,1勝クラス,45.57088452974213
202607010508,1勝クラス,48.33272102882437
202607010509,1勝クラス,53.8867931739006
202607010510,2勝クラス,51.884227077631515
202607010511,3勝クラス,65.68944832902042
202607010512,2勝クラス,53.306886102341004
202607010601,未勝利,42.36479735831353
202607010602,未勝利,43.59611450422165
202607010603,未勝利,38.601694130411616
202607010604,未勝利,40.51057947153297
202607010605,未勝利,37.89271120715035
202607010606,1勝クラス,50.18613040415339
202607010607,1勝クラス,45.300472930868914
202607010608,1勝クラス,54.50910651725912
202607010609,1勝クラス,47.35812480553176
202607010610,3勝クラス,69.29165366338117
202607010611,重賞,77.75395795131202
202607010612,2勝クラス,55.669257875522845
202607020101,未勝利,48.40966368871578
202607020103,未勝利,39.38492776172511
202607020104,未勝利,42.55042936722756
202607020105,未勝利,41.363738020617475
202607020106,2勝クラス,63.512652789179484
202607020107,3勝クラス,61.56459934534189
202607020108,1勝クラス,54.11801795857534
202607020109,1勝クラス,47.726984093886706
202607020110,1勝クラス,53.55657321771123
202607020111,1勝クラス,45.440430873010115
202607020112,未勝利,43.74208366826741
202607020201,未勝利,48.65000753420704
202607020203,未勝利,40.905580887048714
202607020204,未勝利,40.81318304069815
202607020205,未勝利,41.86734097329041
202607020206,2勝クラス,56.61459025293402
202607020207,重賞,76.97055967873187
202607020208,2勝クラス,60.88118523333922
202607020209,1勝クラス,48.72341438828621
202607020210,1勝クラス,51.82448897916502
202607020211,1勝クラス,52.136992566199964
202607020212,未勝利,37.38707440919622
202607020301,未勝利,43.18175337238978
202607020303,未勝利,39.069982615155205
202607020304,未勝利,39.141414897953595
202607020305,未勝利,40.095862092968176
202607020306,3勝クラス,66.21061051802911
202607020307,3勝クラス,64.28033895863933
202607020308,2勝クラス,61.48199117457693
202607020310,1勝クラス,46.8353155508817
202607020311,1勝クラス,54.081919778800966
202607020312,1勝クラス,51.60828842195299
202607020401,未勝利,37.70559394787921
202607020404,未勝利,42.80025276317712
202607020405,1勝クラス,49.390048902163095
202607020406,2勝クラス,58.97699236279011
202607020407,OP,82.00342299546494
202607020408,2勝クラス,58.67865885320955
202607020410,1勝クラス,54.1894994578634
202607020411,1勝クラス,49.03088414452531
202607020412,未勝利,37.591753354386626
202607020501,未勝利,42.05225022459785
202607020503,未勝利,40.24893662817888
202607020504,未勝利,39.89105371954096
202607020505,1勝クラス,45.11194024949305
202607020506,2勝クラス,55.70869157462053
202607020507,3勝クラス,69.62022142846959
202607020508,1勝クラス,53.456257514120125
202607020510,未勝利,37.686411504554975
202607020511,1勝クラス,46.50484962141545
202607020512,未勝利,40.54943526952563
202607020601,未勝利,37.76748460419573
202607020604,未勝利,42.66735826245551
202607020605,1勝クラス,51.24927707241006
202607020606,2勝クラス,55.164087850603345
202607020607,重賞,67.69888328177726
202607020608,2勝クラス,61.87887680053802
202607020610,1勝クラス,47.942961366732725
202607020611,1勝クラス,45.18958759331954
202607020612,未勝利,41.818873765591746
202607020701,未勝利,41.00555006482884
202607020702,未勝利,36.06794662396446
202607020704,未勝利,38.396888682835296
202607020705,未勝利,37.98000383474984
202607020706,2勝クラス,50.63673462173898
202607020707,3勝クラス,62.820493724313714
202607020708,1勝クラス,52.31027048832285
202607020709,1勝クラス,53.688973507666816
202607020710,1勝クラス,53.08794320906315
202607020711,1勝クラス,47.4203525272047
202607020712,未勝利,36.70427447869043
202607020801,未勝利,45.51962791331606
202607020804,未勝利,38.12982656116061
202607020805,未勝利,43.66712374408461
202607020806,2勝クラス,61.02930587173708
202607020807,重賞,73.8649573801379
202607020808,2勝クラス,59.791554267948236
202607020809,未勝利,40.124138598786764
202607020810,1勝クラス,48.65480304199732
202607020811,1勝クラス,49.767489985889014
202607020812,未勝利,42.107328641639
202607030101,未勝利,39.12924876887196
202607030103,1勝クラス,49.86424684215087
202607030104,未勝利,35.838949934691996
202607030105,未勝利,38.89168911674899
202607030106,2勝クラス,64.890891047629
202607030107,3勝クラス,64.71848923817788
202607030108,1勝クラス,52.06457593121885
202607030110,1勝クラス,51.10229559948077
202607030111,未勝利,41.64459173529703
202607030112,未勝利,37.312551642926316
202607030201,未勝利,45.39354932445143
202607030204,未勝利,43.05858483357305
202607030205,1勝クラス,49.7763553238289
202607030206,2勝クラス,56.641997637290544
202607030207,OP,75.22770152129702
202607030208,1勝クラス,47.78496416176945
202607030210,未勝利,38.203484594248614
202607030211,1勝クラス,49.74320093266667
202607030212,未勝利,38.59854380978104
202607030301,未勝利,40.87595460556135
202607030302,未勝利,42.67993365264462
202607030304,未勝利,40.37628507499004
202607030305,未勝利,42.77192922753304
202607030306,2勝クラス,56.36688744175834
202607030307,3勝クラス,58.834000553650036
202607030308,2勝クラス,54.25150437324277
202607030309,1勝クラス,45.44731246483488
202607030310,1勝クラス,53.11643041488436
202607030311,1勝クラス,48.78392714481543
202607030312,未勝利,41.72398619712144
202607030401,未勝利,40.05296625516561
202607030404,未勝利,40.84387230075083
202607030405,1勝クラス,53.98789942257525
202607030406,3勝クラス,70.2390871304404
202607030407,重賞,50.39744402555536
202607030408,2勝クラス,58.871894170487025
202607030409,未勝利,36.86588990879645
202607030410,1勝クラス,48.36974564439639
202607030411,未勝利,42.80639954066872
202607030412,1勝クラス,49.19816992191781
202608010101,未勝利,42.36132167975308
202608010102,未勝利,41.020690019325826
202608010103,未勝利,44.50150489601306
202608010106,1勝クラス,55.866858491211275
202608010107,1勝クラス,47.171512011714995
202608010108,1勝クラス,50.45389345720482
202608010109,2勝クラス,64.20823063770163
202608010110,3勝クラス,60.54456129182301
202608010111,重賞,70.59061027718415
202608010112,2勝クラス,54.717422903299365
202608010301,未勝利,38.83359955253917
202608010302,未勝利,43.37017007187376
202608010304,1勝クラス,65.45268932354583
202608010305,未勝利,47.91215518027007
202608010306,未勝利,43.43355593601547
202608010307,1勝クラス,42.8323521396617
202608010309,2勝クラス,60.249004796212745
202608010310,2勝クラス,51.8884583286426
202608010311,OP,74.30735963589366
202608010312,1勝クラス,45.60096886047132
202608010401,未勝利,46.466015952326174
202608010403,未勝利,43.61337861384926
202608010405,1勝クラス,62.369707232264616
202608010406,1勝クラス,50.58344890096625
202608010407,1勝クラス,50.24470650057197
202608010408,2勝クラス,57.90294311925163
202608010409,2勝クラス,60.87829424542842
202608010410,3勝クラス,60.305474847351384
202608010411,OP,63.537999438040096
202608010412,未勝利,45.00073664826503
202608010601,未勝利,37.960376955678235
202608010602,未勝利,37.629810244792374
202608010603,未勝利,39.12583881428006
202608010605,未勝利,44.06461603171898
202608010606,1勝クラス,58.70549336563179
202608010607,1勝クラス,51.59653367429499
202608010608,1勝クラス,54.120515522279824
202608010609,2勝クラス,51.603851548492685
202608010610,OP,62.43842701043539
202608010611,3勝クラス,66.09076408092244
202608010612,2勝クラス,51.91972580481682
202608010701,未勝利,40.26758227564695
202608010702,未勝利,39.70045407044271
202608010703,未勝利,42.88805313246588
202608010704,1勝クラス,58.742386887379915
202608010706,未勝利,45.95333424213124
202608010707,1勝クラス,49.76197944056799
202608010708,1勝クラス,47.532000076862005
202608010709,2勝クラス,58.02754904037056
202608010710,2勝クラス,58.45613570098514
202608010711,重賞,73.37470059023802
202608010712,1勝クラス,43.42764713098915
202608010801,未勝利,44.008549830147196
202608010802,未勝利,41.888619955771404
202608010804,1勝クラス,48.45618844317044
202608010805,未勝利,45.3253878670334
202608010806,未勝利,38.29060053654616
202608010807,1勝クラス,48.12402718886994
202608010808,2勝クラス,58.773799912067076
202608010809,OP,57.206472510052464
202608010810,3勝クラス,69.6928246517491
202608010811,OP,68.52460074734465
202608010812,2勝クラス,51.03022990383922
202608010901,未勝利,44.219409909661465
202608010902,未勝利,45.27307295866034
202608010903,未勝利,46.4821595429274
202608010904,未勝利,43.484679792715866
202608010906,1勝クラス,47.10737497547997
202608010907,2勝クラス,56.329116718597334
202608010908,2勝クラス,61.419473209360795
202608010909,1勝クラス,54.60660359326238
202608010910,3勝クラス,56.8795883385548
202608010911,重賞,83.64277581018649
202608010912,1勝クラス,51.142277577695864
202608020101,未勝利,42.484538884507295
202608020102,未勝利,37.639670418843785
202608020103,未勝利,42.11556157557003
202608020104,未勝利,40.87418950157283
202608020106,未勝利,46.12886337800744
202608020107,1勝クラス,66.03946219538675
202608020108,1勝クラス,50.991043575660704
202608020109,2勝クラス,59.73117710426759
202608020110,2勝クラス,52.94153928155523
202608020111,3勝クラス,66.64428697252868
202608020112,1勝クラス,45.34531889735514
202608020201,未勝利,41.01845272672176
202608020202,未勝利,37.46930684791259
202608020203,未勝利,42.96931738972171
202608020205,未勝利,43.08820414795291
202608020206,1勝クラス,57.686977948138136
202608020207,1勝クラス,44.90375121839898
202608020208,1勝クラス,44.507715326624904
202608020209,2勝クラス,57.9335823877536
202608020210,3勝クラス,64.04196348467269
202608020211,重賞,72.21993002709988
202608020212,2勝クラス,57.437775012009816
202608020301,未勝利,40.76261448641061
202608020302,未勝利,41.529729764395285
202608020303,未勝利,42.20106385861424
202608020305,未勝利,45.16711828215042
202608020306,1勝クラス,57.94931188952016
202608020307,1勝クラス,49.36106625980168
202608020308,2勝クラス,52.85757457030301
202608020309,3勝クラス,59.350752094723724
202608020310,OP,59.878946038341354
202608020311,OP,79.04095095688733
202608020312,1勝クラス,44.99323513119629
202608020501,未勝利,38.02287825705771
202608020502,未勝利,41.18837130428116
202608020503,未勝利,46.04111101420955
202608020504,未勝利,44.49282741723064
202608020506,未勝利,40.57949890770389
202608020507,1勝クラス,50.278574293568994
202608020508,2勝クラス,57.03116974926111
202608020509,1勝クラス,60.134515434165564
202608020510,3勝クラス,60.06884426106686
202608020511,OP,67.87556777887937
202608020512,1勝クラス,40.75868824214004
202608020601,未勝利,42.61339815449063
202608020603,未勝利,37.52067073568483
202608020604,1勝クラス,53.694469882807844
202608020605,未勝利,41.25138802556542
202608020606,未勝利,42.875356451968955
202608020607,1勝クラス,52.9861490916399
202608020608,1勝クラス,43.47289972672405
202608020609,2勝クラス,56.50908992934903
202608020610,3勝クラス,72.92935536227283
202608020611,重賞,73.0888554873695
202608020612,2勝クラス,53.80853432598427
202608030101,未勝利,44.55096746660211
202608030102,未勝利,42.322986176982226
202608030103,未勝利,45.27789128942559
202608030105,未勝利,46.54270513530821
202608030106,未勝利,42.31379896844239
202608030107,1勝クラス,57.30551360225846
202608030108,1勝クラス,57.920004807397035
202608030109,1勝クラス,47.25830640094313
202608030110,3勝クラス,73.58427335501855
202608030111,OP,70.15989933712449
202608030112,2勝クラス,53.739653358307834
202608030201,未勝利,44.557800132029165
202608030202,未勝利,42.1743368665436
202608030203,未勝利,42.80462111946229
202608030205,未勝利,39.841824483654385
202608030206,1勝クラス,54.47930930769577
202608030207,1勝クラス,41.2423434492637
202608030208,1勝クラス,51.183528870460485
202608030209,2勝クラス,56.112108921662646
202608030210,3勝クラス,64.60808795382411
202608030211,重賞,72.94578562929178
202608030212,2勝クラス,62.99483627991049
202608030301,未勝利,38.563785778884366
202608030302,未勝利,38.23425561523314
202608030303,未勝利,42.97298648376115
202608030304,未勝利,42.48746578914173
202608030305,未勝利,38.71274538247109
202608030306,1勝クラス,45.66585946966413
202608030307,1勝クラス,56.866410816937304
202608030308,1勝クラス,46.0345940404649
202608030309,1勝クラス,55.37080673791312
202608030310,2勝クラス,54.364290202104506
202608030311,重賞,70.13501451672131
202608030312,1勝クラス,46.9536741956155
202608030401,未勝利,47.73916994309167
202608030402,未勝利,47.26802846267698
202608030403,未勝利,41.407377390181736
202608030404,未勝利,44.29942678660061
202608030405,未勝利,44.905716611197455
202608030406,1勝クラス,60.40784855898155
202608030407,1勝クラス,45.95631690288805
202608030408,2勝クラス,50.48464377332665
202608030409,2勝クラス,58.31628927089524
202608030410,3勝クラス,57.62544501082816
202608030411,重賞,73.25313286751222
202608030412,3勝クラス,64.01546382811217
202608030501,未勝利,48.210526419916796
202608030502,未勝利,37.82515621856997
202608030503,未勝利,42.105317518084036
202608030504,未勝利,42.395287005838874
202608030505,1勝クラス,57.65330675459792
202608030506,1勝クラス,56.99367960712727
202608030507,1勝クラス,48.7866707058416
202608030508,1勝クラス,42.38818428560366
202608030509,2勝クラス,51.868425521259745
202608030510,2勝クラス,51.9503961772102
202608030511,重賞,61.44313807660088
202608030512,2勝クラス,57.675496399155676
202608030601,未勝利,43.690220484019235
202608030602,未勝利,41.70597990307354
202608030603,未勝利,41.8374218360061
202608030604,未勝利,45.70108218829202
202608030605,未勝利,39.2587015136439
202608030606,1勝クラス,48.26674478502585
202608030607,1勝クラス,58.75769556838562
202608030608,1勝クラス,41.817942179842525
202608030609,3勝クラス,60.774597942260236
202608030610,OP,58.38578067475074
202608030611,OP,73.6038812369615
202608030612,2勝クラス,54.834324497172794
202608030701,未勝利,43.14914730538117
202608030702,未勝利,42.194444158562725
202608030703,未勝利,42.307094683490455
202608030704,未勝利,43.18117076227462
202608030705,未勝利,41.76018362481571
202608030706,1勝クラス,42.57990501832636
202608030707,1勝クラス,51.14511055892254
202608030709,1勝クラス,58.65205831065679
202608030710,3勝クラス,69.28080919846356
202608030711,OP,62.78526299229744
202608030712,2勝クラス,53.553750827355515
202608030801,未勝利,39.72412560727444
202608030802,未勝利,41.75817817450358
202608030803,未勝利,43.324193916340036
202608030804,未勝利,44.69174769930386
202608030805,未勝利,40.56438561124366
202608030806,1勝クラス,61.04740606851395
202608030807,1勝クラス,41.18243289399663
202608030808,2勝クラス,61.95963817094348
202608030809,2勝クラス,54.40835495318464
202608030810,3勝クラス,62.745403951069775
202608030811,OP,71.83906468173029
202608030812,2勝クラス,49.914424979515374
202608030901,未勝利,40.271609841682334
202608030902,未勝利,41.7356158362782
202608030903,未勝利,47.405026531403934
202608030904,未勝利,41.39975656937365
202608030905,未勝利,42.009508336735976
202608030906,1勝クラス,58.19450205285864
202608030907,1勝クラス,49.94643761545553
202608030908,1勝クラス,44.62753949004143
202608030909,1勝クラス,57.384063107902186
202608030910,3勝クラス,64.07911829092562
202608030911,重賞,81.2033892931231
202608030912,2勝クラス,56.95605008510963
202608031001,未勝利,40.180144165090255
202608031002,未勝利,44.459861136808506
202608031003,未勝利,42.12015509418822
202608031004,未勝利,43.42644961512916
202608031005,1勝クラス,55.50940369225515
202608031006,1勝クラス,60.5099641619272
202608031007,1勝クラス,43.28338736940524
202608031008,2勝クラス,57.94914865770131
202608031009,2勝クラス,52.75536413460295
202608031010,3勝クラス,63.429696931067255
202608031011,OP,61.95751072540433
202608031012,1勝クラス,47.10100736895646
202608031101,未勝利,40.68293481113757
202608031102,未勝利,42.58200278898003
202608031103,未勝利,44.66666866363163
202608031104,未勝利,40.693347783597694
202608031105,未勝利,40.276771887913625
202608031106,1勝クラス,46.74464925199807
202608031107,1勝クラス,47.192190975068456
202608031108,2勝クラス,54.57294908947261
202608031109,OP,68.99668298179367
202608031110,3勝クラス,67.88370390695627
202608031111,OP,64.65512179679544
202608031112,2勝クラス,56.48594689749916
202608031201,未勝利,44.4604107737625
202608031202,未勝利,42.778884165270206
202608031203,未勝利,45.89398888004462
202608031205,未勝利,44.362358231677824
202608031206,1勝クラス,54.053271588150295
202608031207,1勝クラス,49.34310400949579
202608031208,2勝クラス,58.737446976408535
202608031209,2勝クラス,61.604423248414975
202608031210,OP,63.10576711188172
202608031211,OP,59.53067414108489
202608031212,3勝クラス,58.92516905159516
202609010101,未勝利,41.184909792847456
202609010102,未勝利,42.257646131477244
202609010103,未勝利,45.722553563107354
202609010105,未勝利,47.346785035259536
202609010106,未勝利,42.755196312473046
202609010107,1勝クラス,48.14989172653881
202609010108,OP,62.66596639856074
202609010109,1勝クラス,47.3293143619203
202609010110,3勝クラス,67.0794085465399
202609010111,重賞,70.84567251470011
202609010112,2勝クラス,56.528176203229805
202609010201,未勝利,41.91103067253977
202609010202,未勝利,37.7184292913859
202609010203,未勝利,46.30217516040774
202609010205,未勝利,39.429240923105255
202609010206,1勝クラス,57.94074263789095
202609010207,1勝クラス,51.92066799998117
202609010208,1勝クラス,43.738106306597956
202609010209,2勝クラス,54.91616478360312
202609010210,3勝クラス,61.58578353250623
202609010211,OP,69.93467406693857
202609010212,2勝クラス,58.39979530327851
202609010301,未勝利,44.65038223165959
202609010302,未勝利,44.664308134965545
202609010303,未勝利,41.03188851070449
202609010304,未勝利,43.289972671186504
202609010305,未勝利,46.7243059845894
202609010306,1勝クラス,49.351949924121435
202609010307,1勝クラス,51.85112022091271
202609010308,2勝クラス,59.04740025642641
202609010309,3勝クラス,58.07063474843638
202609010310,OP,59.630022910453405
202609010311,OP,82.884488150484
202609010312,2勝クラス,50.700946391476336
202609010401,未勝利,46.856327462051205
202609010402,未勝利,41.8010985322008
202609010403,未勝利,47.33224526463896
202609010404,1勝クラス,61.620165044545445
202609010405,未勝利,41.57367990567831
202609010406,1勝クラス,48.92179033367905
202609010407,1勝クラス,42.68327800535714
202609010408,1勝クラス,43.04419306055247
202609010409,2勝クラス,56.262979822801874
202609010410,3勝クラス,70.51645093839717
202609010411,重賞,61.81105272309868
202609010412,2勝クラス,55.22867615387454
202609010501,未勝利,41.997613577536754
202609010502,未勝利,38.935117316758955
202609010503,未勝利,46.001815279816206
202609010504,未勝利,41.1615880335501
202609010505,未勝利,45.14078508704323
202609010506,1勝クラス,56.000828048508055
202609010507,1勝クラス,46.60059622945848
202609010508,2勝クラス,50.93140903720731
202609010509,2勝クラス,49.44979499257262
202609010510,3勝クラス,62.03042146320747
202609010511,重賞,63.55977513754836
202609010512,1勝クラス,44.19599272967889
202609010601,未勝利,44.16729575527545
202609010602,未勝利,39.69628707099736
202609010603,未勝利,45.660138174111665
202609010604,未勝利,43.23711998508481
202609010605,1勝クラス,57.89339621643015
202609010606,1勝クラス,48.35442539208943
202609010607,1勝クラス,45.53095371260037
202609010608,2勝クラス,56.06345312432722
202609010609,1勝クラス,55.34701142982847
202609010610,3勝クラス,62.367938711852915
202609010611,OP,67.99210119290099
202609010612,2勝クラス,57.64583761161721
202609010701,未勝利,41.44872983429625
202609010702,未勝利,38.26208318414503
202609010703,未勝利,44.44280096153684
202609010704,未勝利,44.4899216682102
202609010705,未勝利,42.335859122051346
202609010706,1勝クラス,41.062257811749646
202609010707,1勝クラス,49.1593559065213
202609010709,2勝クラス,51.41627217252108
202609010710,3勝クラス,61.829685963914706
202609010711,OP,75.58853109099499
202609010712,1勝クラス,49.34912045075024
202609010801,未勝利,47.505321411652076
202609010802,未勝利,41.363094301849486
202609010803,未勝利,39.87022383201257
202609010805,未勝利,42.21092194416436
202609010806,1勝クラス,47.54189989197267
202609010807,1勝クラス,47.010072447171986
202609010808,2勝クラス,58.908935721667746
202609010809,1勝クラス,54.591111360167595
202609010810,3勝クラス,64.70283330824853
202609010811,OP,61.40907051857771
202609010812,2勝クラス,55.77161212779553
202609010901,未勝利,43.321481732961324
202609010902,未勝利,37.10272904792615
202609010903,未勝利,44.188920520458
202609010904,未勝利,39.39870413206353
202609010905,未勝利,42.28270949021092
202609010906,1勝クラス,60.445085200274114
202609010907,1勝クラス,39.53336615959928
202609010908,2勝クラス,59.100999313178036
202609010909,2勝クラス,54.49276055974001
202609010910,3勝クラス,57.67855268281035
202609010911,OP,60.14929693089976
202609010912,1勝クラス,46.1290556743918
202609011001,未勝利,39.23333760628072
202609011002,未勝利,40.545927699763965
202609011003,未勝利,37.86953007086125
202609011004,未勝利,39.33618749089404
202609011005,1勝クラス,52.54173319211407
202609011006,1勝クラス,63.427876639731
202609011007,1勝クラス,47.79267423892702
202609011008,1勝クラス,46.09997838020708
202609011009,2勝クラス,54.59008352151198
202609011010,OP,77.70925224600244
202609011011,重賞,70.65450612410338
202609011012,2勝クラス,59.772089894736666
202609020101,未勝利,42.688680687568805
202609020102,未勝利,42.60890519028932
202609020103,未勝利,36.10817004990082
202609020104,未勝利,43.531691351825856
202609020105,未勝利,41.984162818684574
202609020106,1勝クラス,54.57629958590212
202609020107,1勝クラス,44.904302880779746
202609020109,1勝クラス,50.858158368675994
202609020110,2勝クラス,50.07511588295469
202609020111,重賞,56.519285300449084
202609020112,2勝クラス,58.27163502016827
202609020201,未勝利,37.473160894192574
202609020202,未勝利,44.370385915840906
202609020203,未勝利,41.91958250230478
202609020205,未勝利,42.73815458876883
202609020206,1勝クラス,54.448021778703406
202609020207,1勝クラス,46.39284181261051
202609020208,2勝クラス,57.4385402158276
202609020209,1勝クラス,47.975302940885555
202609020210,3勝クラス,64.48589664143759
202609020211,OP,62.732086674047004
202609020212,2勝クラス,55.45544266547254
202609020301,未勝利,44.2940919182944
202609020302,未勝利,46.80104677452004
202609020303,未勝利,41.923242815846876
202609020304,未勝利,45.06549642881054
202609020305,未勝利,42.64241103434112
202609020306,1勝クラス,45.807187469452366
202609020307,1勝クラス,48.628112731692745
202609020308,2勝クラス,51.75881191031486
202609020309,1勝クラス,57.393981733966946
202609020310,OP,76.04431107497595
202609020311,重賞,60.98221435724102
202609020312,2勝クラス,57.774759369651164
202609020401,未勝利,46.311905530109414
202609020402,未勝利,40.93268198934153
202609020403,未勝利,38.74481709205805
202609020404,未勝利,42.601974995912656
202609020405,1勝クラス,61.181141483090535
202609020406,1勝クラス,43.67702908898924
202609020407,2勝クラス,60.44327017726316
202609020408,2勝クラス,53.64300173538527
202609020409,OP,71.70957188447605
202609020410,3勝クラス,56.97482789134844
202609020411,重賞,77.50257546217976
202609020412,3勝クラス,66.7808225799677
202609020501,未勝利,40.10039046191298
202609020502,未勝利,44.198987082964905
202609020503,未勝利,44.10328276158355
202609020504,未勝利,43.823310747984074
202609020505,1勝クラス,61.429043714214416
202609020506,1勝クラス,55.76955446331981
202609020507,1勝クラス,45.754100670622336
202609020508,1勝クラス,48.99907866809543
202609020509,2勝クラス,53.800123431221444
202609020510,OP,63.915592548986695
202609020511,重賞,74.73776925696464
202609020512,2勝クラス,55.0365606826132
202609020601,未勝利,47.86106957771943
202609020602,未勝利,43.73789600294764
202609020603,未勝利,35.63135464373628
202609020604,未勝利,46.39726882266257
202609020605,1勝クラス,59.36954398943572
202609020606,1勝クラス,46.96647071047757
202609020607,2勝クラス,51.44909967116506
202609020608,2勝クラス,58.72738405172788
202609020609,OP,58.85790566583247
202609020610,3勝クラス,59.98603552615635
202609020611,重賞,71.58372453150655
202609020612,3勝クラス,69.47588856055545
202609020701,未勝利,42.966720476218846
202609020702,未勝利,36.616543833428565
202609020703,未勝利,45.96064389411641
202609020704,未勝利,40.94809734786963
202609020705,1勝クラス,57.92780536645125
202609020706,1勝クラス,60.452236559869874
202609020707,1勝クラス,48.826623883820524
202609020708,1勝クラス,47.6107465559994
202609020709,2勝クラス,60.42403010361714
202609020710,2勝クラス,52.65803062543166
202609020711,重賞,82.9406365765069
202609020712,1勝クラス,48.26258790582189
202609020801,未勝利,45.26731448610145
202609020802,未勝利,43.98054090743312
202609020803,未勝利,42.325249515201364
202609020805,未勝利,38.84047042405224
202609020806,1勝クラス,56.40596241826993
202609020807,1勝クラス,54.25736732601173
202609020808,1勝クラス,52.56312195157032
202609020809,2勝クラス,52.58674637898897
202609020810,3勝クラス,60.604213878056676
202609020811,3勝クラス,63.05215391317785
202609020812,2勝クラス,55.48689849869213
202609030101,未勝利,39.728429972018944
202609030102,未勝利,43.16120255506118
202609030103,未勝利,40.64715270358522
202609030104,未勝利,43.473016796081254
202609030106,未勝利,42.687828079330174
202609030107,未勝利,38.26318363952437
202609030108,1勝クラス,54.1680554277579
202609030109,1勝クラス,49.903423220396505
202609030110,2勝クラス,58.21966398995551
202609030111,3勝クラス,62.555890280108066
202609030112,1勝クラス,51.94159498539655
202609030202,未勝利,40.73677538751255
202609030203,未勝利,43.926932748835526
202609030204,未勝利,43.609061829539925
202609030206,未勝利,41.285780890065496
202609030207,1勝クラス,53.702699377758265
202609030208,1勝クラス,47.902720600110065
202609030209,2勝クラス,59.6382790534509
202609030210,2勝クラス,49.035728130864946
202609030211,OP,72.48153589398375
202609030212,1勝クラス,56.93051559067374
202609030301,未勝利,41.133429219445816
202609030302,未勝利,44.59857157264419
202609030303,未勝利,41.191145036041824
202609030304,未勝利,43.81009728703475
202609030307,1勝クラス,59.24930155568907
202609030308,1勝クラス,55.36313961859012
202609030309,2勝クラス,60.97867203845581
202609030310,2勝クラス,54.68798369546746
202609030311,OP,77.96787613313435
202609030312,1勝クラス,43.77253968617397
202609030401,未勝利,36.899323949767016
202609030402,未勝利,38.444055774844756
202609030403,未勝利,41.10073703622382
202609030404,未勝利,40.01305625214823
202609030406,1勝クラス,48.355406039946295
202609030407,1勝クラス,48.76611102024454
202609030408,2勝クラス,58.11165294539242
202609030409,2勝クラス,49.73560194937318
202609030410,3勝クラス,65.26661839037598
202609030411,重賞,80.20622304575872
202609030412,3勝クラス,63.91841382634866
202609030502,未勝利,40.47365809359395
202609030503,未勝利,41.32550242091163
202609030504,未勝利,44.50778845694686
202609030506,未勝利,42.06623697952624
202609030507,1勝クラス,51.31359397311592
202609030508,1勝クラス,56.19297497325253
202609030509,2勝クラス,54.917057709851946
202609030510,3勝クラス,59.99307745676368
202609030511,OP,72.17647046119266
202609030512,1勝クラス,52.10204139173224
202609030601,未勝利,36.573340895269936
202609030602,未勝利,40.39887118484407
202609030603,未勝利,41.649264215842116
202609030604,未勝利,35.82548498614259
202609030606,未勝利,37.738092738703315
202609030607,1勝クラス,53.03211026781536
202609030608,1勝クラス,48.63669680136734
202609030609,2勝クラス,53.42501416625239
202609030610,3勝クラス,68.9415960123562
202609030611,重賞,69.7758705637189
202609030612,2勝クラス,60.57469447376095
202609040101,未勝利,43.44172709308887
202609040102,未勝利,44.9351067322325
202609040103,未勝利,41.899489801084755
202609040104,未勝利,43.510705520545315
202609040107,1勝クラス,45.440425429989176
202609040108,1勝クラス,51.058209801225246
202609040109,2勝クラス,62.763957809454276
202609040110,3勝クラス,61.81140966764646
202609040111,OP,71.61501986729516
202609040112,1勝クラス,52.04634907095756
202609040201,未勝利,45.46054884288817
202609040202,未勝利,43.72068939760508
202609040203,未勝利,43.09698583373884
202609040204,未勝利,38.22818642886292
202609040206,1勝クラス,51.00296408194392
202609040207,1勝クラス,51.907913959645036
202609040208,2勝クラス,58.79515064246717
202609040209,1勝クラス,54.90375714981152
202609040210,3勝クラス,64.17190586168489
202609040211,重賞,72.57725368336587
202609040212,2勝クラス,61.70118297387135
202609040302,未勝利,53.38206083727601
202609040303,未勝利,38.800090906464085
202609040304,未勝利,43.02084083599381
202609040307,未勝利,42.35144878730389
202609040308,1勝クラス,51.77335397100309
202609040309,2勝クラス,57.20359867717815
202609040310,3勝クラス,68.18390628249193
202609040311,重賞,73.59570520714988
202609040312,1勝クラス,53.5918549619445
202609040401,未勝利,40.5947356593476
202609040402,未勝利,43.49805938762953
202609040403,未勝利,42.51414511139812
202609040404,未勝利,43.70079090165048
202609040406,未勝利,42.93896991370446
202609040407,1勝クラス,49.201920594608154
202609040408,1勝クラス,52.53640110115011
202609040409,2勝クラス,54.38070633754365
202609040410,3勝クラス,62.50665906704118
202609040411,重賞,66.08993597778291
202609040412,2勝クラス,53.11354612626896
202610010101,未勝利,46.86838747669469
202610010102,未勝利,42.344233589181975
202610010103,未勝利,42.13735086216221
202610010107,1勝クラス,49.34125074174276
202610010108,1勝クラス,48.828242991973624
202610010109,1勝クラス,51.24675163776871
202610010110,2勝クラス,54.95000031330782
202610010111,重賞,67.74470306456917
202610010112,1勝クラス,48.96248466962816
202610010201,未勝利,44.83834835706247
202610010202,未勝利,41.75960386264103
202610010203,1勝クラス,40.81696356339835
202610010206,未勝利,44.70847054313117
202610010207,未勝利,45.7640215708214
202610010208,1勝クラス,48.28995831839432
202610010209,1勝クラス,45.026631494915996
202610010210,2勝クラス,57.37211087717925
202610010211,3勝クラス,61.62417082722188
202610010212,1勝クラス,43.689717573944726
202610010301,未勝利,40.042599679886195
202610010302,未勝利,41.14090106101037
202610010303,1勝クラス,47.748517983352684
202610010306,未勝利,41.65403382875101
202610010307,未勝利,42.91410900740344
202610010308,1勝クラス,42.65607762757966
202610010309,2勝クラス,53.10397242436291
202610010310,2勝クラス,56.34097103793655
202610010311,3勝クラス,58.98256229467949
202610010312,1勝クラス,48.096760192832114
202610010401,未勝利,43.58859886275285
202610010402,未勝利,39.58188373641159
202610010403,1勝クラス,39.85865045310217
202610010406,未勝利,42.29101862739715
202610010407,1勝クラス,48.475707320174536
202610010408,1勝クラス,50.5484655385394
202610010409,1勝クラス,47.54242728299873
202610010410,2勝クラス,53.01415795172909
202610010411,OP,74.50104832622952
202610010412,1勝クラス,42.39092333728592
202610010501,未勝利,43.246438463387705
202610010502,未勝利,43.9606518820344
202610010503,未勝利,38.599209307257006
202610010506,未勝利,41.9814576353627
202610010507,1勝クラス,47.256722418546865
202610010508,1勝クラス,49.066764477847364
202610010509,1勝クラス,48.67820734437545
202610010510,2勝クラス,52.76759364456283
202610010511,3勝クラス,65.58387343093897
202610010512,1勝クラス,45.409581831110884
202610010601,未勝利,46.18789287034821
202610010602,未勝利,41.14627602235406
202610010603,1勝クラス,41.362601458069065
202610010606,未勝利,36.960594534206564
202610010607,1勝クラス,42.609128667234955
202610010608,1勝クラス,44.96016647812301
202610010609,1勝クラス,50.86339911701355
202610010610,2勝クラス,58.24359611298938
202610010611,OP,63.300933792398226
202610010612,1勝クラス,41.66863230757033
202610010701,未勝利,44.69680852005244
202610010702,未勝利,39.888101201284066
202610010703,未勝利,38.69206642522773
202610010705,未勝利,45.188455129767384
202610010706,1勝クラス,43.19074443224449
202610010707,1勝クラス,45.38527059378888
202610010709,1勝クラス,57.02474603558883
202610010710,2勝クラス,52.909306084682996
202610010711,3勝クラス,59.90991661100941
202610010712,1勝クラス,43.83439840201089
202610010801,未勝利,45.73635324113056
202610010802,未勝利,40.89548423470339
202610010803,1勝クラス,41.60952360110172
202610010805,未勝利,40.43928138039953
202610010806,1勝クラス,46.23422976248245
202610010807,1勝クラス,46.87637180910111
202610010808,1勝クラス,46.76849661261339
202610010809,2勝クラス,59.92185682252433
202610010810,2勝クラス,51.104524947883135
202610010811,OP,62.314650091592426
202610010812,1勝クラス,44.251993829472426
202610010901,未勝利,42.03570838642839
202610010902,未勝利,41.76595209468868
202610010903,未勝利,43.95334969983815
202610010906,未勝利,41.79000614422088
202610010907,1勝クラス,50.1307014626287
202610010908,1勝クラス,44.74244095519814
202610010909,1勝クラス,52.19866640250932
202610010910,2勝クラス,53.863105245340996
202610010911,3勝クラス,65.95872341575394
202610010912,1勝クラス,44.20022550405258
202610011001,未勝利,45.01998882143977
202610011002,未勝利,42.95684020161576
202610011003,1勝クラス,43.65831974360823
202610011005,未勝利,44.35762700842333
202610011006,未勝利,42.75760956203541
202610011007,1勝クラス,47.99080483047343
202610011008,1勝クラス,48.86380891751532
202610011009,1勝クラス,48.70410390162941
202610011010,2勝クラス,59.0721842268036
202610011011,重賞,67.82400513694853
202610011012,1勝クラス,43.44837214688684
202610011101,未勝利,44.634246300472384
202610011102,未勝利,41.304724353404026
202610011103,1勝クラス,40.81318300250452
202610011106,未勝利,42.733472642959086
202610011107,1勝クラス,60.26653253446695
202610011108,1勝クラス,47.83654478527976
202610011109,1勝クラス,47.85016689400965
202610011110,2勝クラス,57.8686705136402
202610011111,2勝クラス,56.74183938664097
202610011112,1勝クラス,41.51033935727073
202610011201,未勝利,47.17379257780125
202610011202,未勝利,42.60977753668409
202610011203,未勝利,39.82607118153184
202610011205,未勝利,45.36011059572472
202610011206,未勝利,43.52184968673577
202610011207,1勝クラス,42.4444342820958
202610011208,1勝クラス,43.351773994594375
202610011209,1勝クラス,48.96925927539305
202610011210,2勝クラス,52.532905007091
202610011211,3勝クラス,60.45527196040299
202610011212,1勝クラス,47.195800541707634
202610020101,未勝利,37.32966475312495
202610020102,未勝利,40.29116145575121
202610020103,未勝利,39.38402219602183
202610020104,未勝利,37.56658909065439
202610020106,未勝利,41.40330523401357
202610020107,1勝クラス,46.27372653995056
202610020108,1勝クラス,43.32810654891139
202610020109,1勝クラス,57.40788602528708
202610020110,2勝クラス,51.48294256567255
202610020111,3勝クラス,66.6192292559424
202610020112,1勝クラス,44.19207985321273
202610020201,未勝利,36.851470788444004
202610020202,未勝利,35.343353430603756
202610020203,未勝利,37.24377703558709
202610020204,未勝利,40.49806182999983
202610020207,1勝クラス,46.50073415375813
202610020208,1勝クラス,48.925922110551866
202610020209,2勝クラス,55.063668151915536
202610020210,2勝クラス,56.9438761751775
202610020211,3勝クラス,58.98745775577754
202610020212,1勝クラス,52.034952347739086
202610020302,未勝利,34.5052583084067
202610020303,未勝利,37.5818057720451
202610020304,未勝利,38.36600674172223
202610020306,未勝利,44.23534505530727
202610020307,未勝利,42.41135547733654
202610020308,1勝クラス,47.83540415360055
202610020309,1勝クラス,43.235712993954046
202610020310,2勝クラス,54.11598244616895
202610020311,3勝クラス,62.66692714102865
202610020312,1勝クラス,47.196191700594014
202610020402,未勝利,41.96538807687414
202610020403,未勝利,38.75601769212605
202610020404,未勝利,37.932055422231485
202610020407,未勝利,34.977716362760596
202610020408,1勝クラス,50.915046671409996
202610020409,1勝クラス,52.91553470081193
202610020410,2勝クラス,57.51993311183066
202610020411,重賞,67.36460428753134
202610020412,1勝クラス,50.860142821291625
202610020501,未勝利,41.38076084815872
202610020502,未勝利,41.41673576353459
202610020503,未勝利,39.071681682194175
202610020504,未勝利,41.4183085135038
202610020506,未勝利,36.05833599164798
202610020507,1勝クラス,50.856036589732184
202610020508,1勝クラス,47.65280566531321
202610020509,1勝クラス,52.469580246455514
202610020510,2勝クラス,52.753083438855526
202610020511,3勝クラス,59.05889789090192
202610020512,1勝クラス,42.87622156302794
202610020601,未勝利,35.08601831890287
202610020602,未勝利,37.18819573271793
202610020603,未勝利,37.34028923175342
202610020604,未勝利,41.913397973990236
202610020607,1勝クラス,53.532207453310306
202610020608,1勝クラス,46.40593745780071
202610020609,2勝クラス,62.805949948196094
202610020610,2勝クラス,47.14148111518683
202610020611,OP,75.06199918533449
202610020612,1勝クラス,43.87467724158127
202610020702,未勝利,42.99178294061909
202610020703,未勝利,34.251743456906425
202610020706,未勝利,42.94823916103759
202610020707,未勝利,40.89615207768013
202610020708,1勝クラス,51.866257274941695
202610020709,OP,40.78718850954412
202610020710,2勝クラス,57.66798012335601
202610020711,3勝クラス,56.297776247533434
202610020712,1勝クラス,53.81590907054484
202610020802,未勝利,39.98375987744797
202610020803,未勝利,39.00930271821622
202610020804,未勝利,38.34704835827788
202610020806,未勝利,40.97097329223151
202610020807,1勝クラス,44.17385035215927
202610020808,1勝クラス,49.2462566614474
202610020809,2勝クラス,52.36200598914445
202610020810,3勝クラス,65.23711975044496
202610020811,重賞,65.86520419474195
202610020812,1勝クラス,46.63636416590692
