type,race_id,race_class,surface,name,rank
遠征,202503030110,2勝クラス,芝,イツモニコニコ,1
遠征,202503030110,2勝クラス,芝,フードマン,3
遠征,202503030110,2勝クラス,芝,シアター,4
遠征,202503030110,2勝クラス,芝,コウセキ,13
遠征,202503030110,2勝クラス,芝,バシレウスシチー,16
遠征,202503030111,3勝クラス,芝,ロードトレイル,3
遠征,202503030111,3勝クラス,芝,メイショウピース,4
遠征,202503030111,3勝クラス,芝,ロードマイライフ,6
遠征,202503030111,3勝クラス,芝,ジャスパーノワール,12
遠征,202503030210,2勝クラス,ダ,アレナパラシオ,1
遠征,202503030210,2勝クラス,ダ,カペルブリュッケ,2
遠征,202503030210,2勝クラス,ダ,タカサンフェイス,8
遠征,202503030210,2勝クラス,ダ,サヴァビアン,11
遠征,202503030210,2勝クラス,ダ,グランキングオー,15
遠征,202503030211,OP,芝,レイピア,1
遠征,202503030211,OP,芝,タマモブラックタイ,4
遠征,202503030211,OP,芝,レッドヒルシューズ,8
遠征,202503030211,OP,芝,バンデルオーラ,9
遠征,202503030211,OP,芝,エイムインライフ,13
遠征,202503030211,OP,芝,エイシンワンド,15
遠征,202503030310,2勝クラス,ダ,テーオールビー,1
遠征,202503030310,2勝クラス,ダ,ギマール,4
遠征,202503030310,2勝クラス,ダ,チカミリオン,12
遠征,202503030311,3勝クラス,ダ,ファムエレガンテ,2
遠征,202503030311,3勝クラス,ダ,ミラバーグマン,7
遠征,202503030311,3勝クラス,ダ,フラップシグナス,8
遠征,202503030311,3勝クラス,ダ,ハンベルジャイト,9
遠征,202503030311,3勝クラス,ダ,メイショウキルギス,12
遠征,202503030409,OP,芝,タマモイカロス,1
遠征,202503030409,OP,芝,コラルリーフ,2
遠征,202503030409,OP,芝,アルスマグナ,13
遠征,202503030410,2勝クラス,芝,ローザサンリヴァル,1
遠征,202503030410,2勝クラス,芝,サトノソティラス,2
遠征,202503030410,2勝クラス,芝,カエルム,6
遠征,202503030411,OP,ダ,ポッドロゴ,1
遠征,202503030411,OP,ダ,ピースオブザライフ,5
遠征,202503030411,OP,ダ,ホールシバン,8
遠征,202503030411,OP,ダ,サンライズアリオン,9
遠征,202503030411,OP,ダ,モズミギカタアガリ,10
遠征,202503030411,OP,ダ,エコロガイア,11
遠征,202503030411,OP,ダ,マーブルロック,13
遠征,202503030411,OP,ダ,レアンダー,15
遠征,202503030510,2勝クラス,ダ,オトメナシャチョウ,5
遠征,202503030510,2勝クラス,ダ,アネモス,6
遠征,202503030510,2勝クラス,ダ,パルプフィクション,13
遠征,202503030511,重賞,芝,クリノメイ,9
遠征,202503030511,重賞,芝,コガネノソラ,11
遠征,202503030511,重賞,芝,バビット,12
遠征,202503030511,重賞,芝,イングランドアイズ,15
遠征,202504040110,2勝クラス,ダ,ファムエレガンテ,1
遠征,202504040110,2勝クラス,ダ,ザウリ,2
遠征,202504040110,2勝クラス,ダ,ストリンジェンド,4
遠征,202504040110,2勝クラス,ダ,ジャスパーバローズ,11
遠征,202504040111,3勝クラス,芝,ソルトクィーン,2
遠征,202504040111,3勝クラス,芝,レッドエヴァンス,6
遠征,202504040111,3勝クラス,芝,トールキン,8
遠征,202504040111,3勝クラス,芝,アルトシュタット,9
遠征,202504040111,3勝クラス,芝,シカゴスティング,10
遠征,202504040111,3勝クラス,芝,ウルトラソニック,11
遠征,202504040111,3勝クラス,芝,パクスロマーナ,14
遠征,202504040111,3勝クラス,芝,アスティスプマンテ,17
遠征,202504040210,2勝クラス,芝,ゼンダンタカ,8
遠征,202504040210,2勝クラス,芝,インテンソ,16
遠征,202504040210,2勝クラス,芝,ディーエスショウマ,18
遠征,202504040211,OP,芝,フレミングフープ,2
遠征,202504040211,OP,芝,チルカーノ,6
遠征,202504040211,OP,芝,エリカヴィータ,7
遠征,202504040211,OP,芝,カヨウネンカ,13
遠征,202504040310,2勝クラス,ダ,タマモキャリコ,5
遠征,202504040310,2勝クラス,ダ,キングオブフジ,7
遠征,202504040310,2勝クラス,ダ,ユメハハテシナク,14
遠征,202504040311,3勝クラス,芝,ヴィレム,2
遠征,202504040311,3勝クラス,芝,タガノデュード,3
遠征,202504040311,3勝クラス,芝,マイネルエニグマ,4
遠征,202504040311,3勝クラス,芝,キャントウェイト,8
遠征,202504040311,3勝クラス,芝,モズマーヴェリック,11
遠征,202504040311,3勝クラス,芝,シルキーガール,13
遠征,202504040311,3勝クラス,芝,ナヴォーナ,14
遠征,202504040311,3勝クラス,芝,シャンデルナゴル,17
遠征,202504040311,3勝クラス,芝,ダノンフロイデ,18
遠征,202504040410,2勝クラス,芝,ディーガレジェンド,4
遠征,202504040410,2勝クラス,芝,シルバープリペット,5
遠征,202504040410,2勝クラス,芝,フルレゾン,8
遠征,202504040410,2勝クラス,芝,カリーニョ,9
遠征,202504040410,2勝クラス,芝,マイネルシーマー,10
遠征,202504040410,2勝クラス,芝,バルダンツァ,12
遠征,202504040410,2勝クラス,芝,ジェモロジー,14
遠征,202504040410,2勝クラス,芝,アルファヒディ,16
遠征,202504040411,OP,芝,シロン,10
遠征,202504040411,OP,芝,タツダイヤモンド,13
遠征,202504040411,OP,芝,サウンドアレグリア,14
遠征,202505040109,2勝クラス,芝,マテンロウブラボー,4
遠征,202505040109,2勝クラス,芝,エバーグルーヴ,7
遠征,202505040109,2勝クラス,芝,ジッピーレーサー,9
遠征,202505040110,3勝クラス,芝,ユハンヌス,2
遠征,202505040110,3勝クラス,芝,スカイハイ,3
遠征,202505040110,3勝クラス,芝,レディマリオン,4
遠征,202505040110,3勝クラス,芝,コト,6
遠征,202505040111,OP,ダ,オメガギネス,1
遠征,202505040111,OP,ダ,マテンロウコマンド,2
遠征,202505040111,OP,ダ,バトゥーキ,6
遠征,202505040111,OP,ダ,サトノルフィアン,8
遠征,202505040111,OP,ダ,ニシキギミッチー,10
遠征,202505040111,OP,ダ,テイエムリステット,13
遠征,202505040112,2勝クラス,ダ,シホノペルフェット,11
遠征,202505040209,2勝クラス,芝,タイセイカレント,3
遠征,202505040209,2勝クラス,芝,チューラワンサ,5
遠征,202505040209,2勝クラス,芝,エクストラバック,10
遠征,202505040209,2勝クラス,芝,コーティアスマナー,13
遠征,202505040209,2勝クラス,芝,フードマン,14
遠征,202505040210,3勝クラス,ダ,アルゴナヴィス,4
遠征,202505040210,3勝クラス,ダ,ガンウルフ,8
遠征,202505040210,3勝クラス,ダ,グラヴィス,14
遠征,202505040211,重賞,芝,エルトンバローズ,5
遠征,202505040211,重賞,芝,チェルヴィニア,7
遠征,202505040211,重賞,芝,ロングラン,8
遠征,202505040212,2勝クラス,ダ,スマートスピア,3
遠征,202505040212,2勝クラス,ダ,ベルダイナフェロー,4
遠征,202505040212,2勝クラス,ダ,クールブロン,5
遠征,202505040212,2勝クラス,ダ,サラサハウプリティ,13
遠征,202505040309,2勝クラス,芝,ミントマーク,2
遠征,202505040309,2勝クラス,芝,ゴージョニーゴー,9
遠征,202505040310,2勝クラス,ダ,シャンパンポップ,1
遠征,202505040310,2勝クラス,ダ,ジョウショーパワー,12
遠征,202505040311,重賞,芝,アスクエジンバラ,7
遠征,202505040409,2勝クラス,芝,アイサンサン,1
遠征,202505040409,2勝クラス,芝,ネーヴェフレスカ,10
遠征,202505040410,3勝クラス,ダ,ワイワイレジェンド,1
遠征,202505040410,3勝クラス,ダ,ペプチドタイガー,2
遠征,202505040410,3勝クラス,ダ,アンシール,3
遠征,202505040410,3勝クラス,ダ,マーブルマウンテン,4
遠征,202505040410,3勝クラス,ダ,タイセイレスポンス,12
遠征,202505040411,重賞,芝,ラヴァンダ,1
遠征,202505040411,重賞,芝,サフィラ,12
遠征,202505040411,重賞,芝,ドゥアイズ,13
遠征,202505040411,重賞,芝,ピースオブザライフ,15
遠征,202505040412,2勝クラス,ダ,エイプリルインパリ,2
遠征,202505040412,2勝クラス,ダ,ペイシャケイプ,3
遠征,202505040412,2勝クラス,ダ,ユウトザレン,4
遠征,202505040412,2勝クラス,ダ,トルーマンテソーロ,9
遠征,202505040412,2勝クラス,ダ,プレイテシア,10
遠征,202505040412,2勝クラス,ダ,ジョヴィアン,11
遠征,202505040412,2勝クラス,ダ,グラティアスミノル,13
遠征,202505040510,3勝クラス,芝,シャイニングソード,1
遠征,202505040510,3勝クラス,芝,ヴォランテ,5
遠征,202505040510,3勝クラス,芝,ロードオールライト,6
遠征,202505040511,OP,芝,ギャラクシーナイト,8
遠征,202505040511,OP,芝,ウエストナウ,18
遠征,202505040608,2勝クラス,芝,ヴァリディシームス,3
遠征,202505040609,OP,芝,アンドゥーリル,1
遠征,202505040610,3勝クラス,ダ,ノットイナフ,2
遠征,202505040610,3勝クラス,ダ,レッドプロフェシー,3
遠征,202505040610,3勝クラス,ダ,アスクデビューモア,5
遠征,202505040610,3勝クラス,ダ,ジャスパーグレイト,6
遠征,202505040610,3勝クラス,ダ,リューデスハイム,13
遠征,202505040611,重賞,芝,ファーヴェント,7
遠征,202505040612,2勝クラス,ダ,コシュデリ,1
遠征,202505040612,2勝クラス,ダ,ダイシンリンク,2
遠征,202505040612,2勝クラス,ダ,ハクサンアイリス,6
遠征,202505040710,2勝クラス,ダ,スマートスピア,3
遠征,202505040710,2勝クラス,ダ,レッドダンルース,4
遠征,202505040710,2勝クラス,ダ,ケイアイメキラ,5
遠征,202505040710,2勝クラス,ダ,ハリウッドブルース,6
遠征,202505040710,2勝クラス,ダ,キングツェッペリン,10
遠征,202505040711,OP,ダ,クールミラボー,2
遠征,202505040711,OP,ダ,ゼットリアン,2
遠征,202505040711,OP,ダ,リアレスト,6
遠征,202505040711,OP,ダ,リチュアル,7
遠征,202505040711,OP,ダ,カゼノランナー,10
遠征,202505040712,3勝クラス,芝,グローリーリンク,5
遠征,202505040712,3勝クラス,芝,ワンダイレクト,9
遠征,202505040712,3勝クラス,芝,サウンドウォリアー,11
遠征,202505040712,3勝クラス,芝,コスモフロイデ,12
遠征,202505040712,3勝クラス,芝,イケイケドンドン,15
遠征,202505040809,2勝クラス,芝,タイセイカレント,2
遠征,202505040809,2勝クラス,芝,マテンロウサン,7
遠征,202505040809,2勝クラス,芝,ジュンゴールド,8
遠征,202505040809,2勝クラス,芝,エクストラバック,10
遠征,202505040809,2勝クラス,芝,ミッキーチャレンジ,11
遠征,202505040810,3勝クラス,ダ,トウカイポワール,7
遠征,202505040810,3勝クラス,ダ,タイゲン,8
遠征,202505040810,3勝クラス,ダ,ラップスター,12
遠征,202505040810,3勝クラス,ダ,ギーロカスタル,14
遠征,202505040811,重賞,芝,レディーゴール,6
遠征,202505040811,重賞,芝,バースデイフライト,8
遠征,202505040812,2勝クラス,ダ,ワーズワース,4
遠征,202505040812,2勝クラス,ダ,カルパ,5
遠征,202505040812,2勝クラス,ダ,バイファーザベスト,12
遠征,202505040909,2勝クラス,ダ,ベルダイナフェロー,1
遠征,202505040909,2勝クラス,ダ,ゼロスネーク,3
遠征,202505040909,2勝クラス,ダ,ベント,12
遠征,202505040909,2勝クラス,ダ,クリノグローリー,13
遠征,202505040910,2勝クラス,芝,イトカワサクラ,2
遠征,202505040910,2勝クラス,芝,ベレザニーニャ,11
遠征,202505040911,OP,ダ,インユアパレス,1
遠征,202505040911,OP,ダ,ジャスティンアース,2
遠征,202505040911,OP,ダ,ノーブルロジャー,4
遠征,202505040911,OP,ダ,リジル,5
遠征,202505040911,OP,ダ,サトノフェニックス,6
遠征,202505040911,OP,ダ,モズミギカタアガリ,7
遠征,202505040911,OP,ダ,サンライズパスカル,8
遠征,202505040911,OP,ダ,マルモリスペシャル,9
遠征,202505040911,OP,ダ,アドバンスファラオ,12
遠征,202505040911,OP,ダ,アクートゥス,14
遠征,202505040911,OP,ダ,パラシュラーマ,16
遠征,202505041008,2勝クラス,ダ,ミロワール,4
遠征,202505041008,2勝クラス,ダ,ダイシンリンク,5
遠征,202505041008,2勝クラス,ダ,トラヴェリンバンド,6
遠征,202505041008,2勝クラス,ダ,ペイシャケイプ,7
遠征,202505041009,2勝クラス,芝,ジュンツバメガエシ,2
遠征,202505041009,2勝クラス,芝,ローザサンリヴァル,3
遠征,202505041010,3勝クラス,芝,チェルビアット,1
遠征,202505041010,3勝クラス,芝,ウォーターガーベラ,7
遠征,202505041010,3勝クラス,芝,リッケンバッカー,10
遠征,202505041011,OP,ダ,ペプチドソレイユ,7
遠征,202505041011,OP,ダ,アルムラトゥール,8
遠征,202505041011,OP,ダ,バトルクライ,10
遠征,202505041011,OP,ダ,ポールセン,15
遠征,202505041109,2勝クラス,芝,ワンモアスマイル,4
遠征,202505041109,2勝クラス,芝,コリカンチャ,10
遠征,202505041110,3勝クラス,ダ,ドラゴンウェルズ,2
遠征,202505041110,3勝クラス,ダ,タマモダイジョッキ,7
遠征,202505041111,重賞,芝,ジャスティンパレス,3
遠征,202505041111,重賞,芝,メイショウタバル,6
遠征,202505041111,重賞,芝,タスティエーラ,8
遠征,202505041111,重賞,芝,クイーンズウォーク,9
遠征,202505041111,重賞,芝,ソールオリエンス,14
遠征,202505041112,2勝クラス,ダ,テーオーライマン,2
遠征,202505041112,2勝クラス,ダ,オコタンペ,8
遠征,202505041112,2勝クラス,ダ,クリノクリスタル,10
遠征,202505041112,2勝クラス,ダ,アリエスキング,11
遠征,202505050108,2勝クラス,芝,シルバープリペット,7
遠征,202505050109,2勝クラス,ダ,テーオーマルコーニ,2
遠征,202505050109,2勝クラス,ダ,インジケーター,9
遠征,202505050110,3勝クラス,ダ,メイショウミカワ,7
遠征,202505050110,3勝クラス,ダ,メイショウオーロラ,10
遠征,202505050111,重賞,芝,ダイヤモンドノット,1
遠征,202505050111,重賞,芝,ルートサーティーン,5
遠征,202505050111,重賞,芝,ネネキリマル,11
遠征,202505050111,重賞,芝,シーミハットク,13
遠征,202505050208,2勝クラス,ダ,アンズアメ,1
遠征,202505050208,2勝クラス,ダ,エコロネオ,2
遠征,202505050208,2勝クラス,ダ,エイプリルインパリ,6
遠征,202505050208,2勝クラス,ダ,ダミエ,7
遠征,202505050210,3勝クラス,芝,クレバーテースト,8
遠征,202505050211,重賞,芝,ミステリーウェイ,1
遠征,202505050211,重賞,芝,プラダリア,10
遠征,202505050211,重賞,芝,ボルドグフーシュ,11
遠征,202505050211,重賞,芝,ハギノアルデバラン,13
遠征,202505050211,重賞,芝,サスツルギ,14
遠征,202505050212,2勝クラス,芝,ベンガン,8
遠征,202505050212,2勝クラス,芝,ホークマン,18
遠征,202505050309,2勝クラス,ダ,フェイト,4
遠征,202505050309,2勝クラス,ダ,アラナコア,6
遠征,202505050309,2勝クラス,ダ,ダディーズトリップ,7
遠征,202505050309,2勝クラス,ダ,クアトロジャック,16
遠征,202505050310,3勝クラス,芝,マイネルチケット,1
遠征,202505050310,3勝クラス,芝,スライビングロード,2
遠征,202505050310,3勝クラス,芝,ユハンヌス,3
遠征,202505050310,3勝クラス,芝,キタサンダムール,9
遠征,202505050310,3勝クラス,芝,トラペジスト,10
遠征,202505050310,3勝クラス,芝,コト,15
遠征,202505050310,3勝クラス,芝,サトノグレイト,18
遠征,202505050311,重賞,ダ,ビダーヤ,3
遠征,202505050311,重賞,ダ,サンライズフレイム,4
遠征,202505050311,重賞,ダ,オメガギネス,7
遠征,202505050311,重賞,ダ,マテンロウコマンド,10
遠征,202505050311,重賞,ダ,アサカラキング,13
遠征,202505050407,2勝クラス,ダ,メイショウハチロー,1
遠征,202505050408,2勝クラス,芝,エルディアブロ,11
遠征,202505050409,3勝クラス,ダ,ダノンフィーゴ,1
遠征,202505050409,3勝クラス,ダ,アジアミッション,6
遠征,202505050409,3勝クラス,ダ,レーウィン,10
遠征,202505050409,3勝クラス,ダ,フラムリンガム,12
遠征,202505050410,3勝クラス,芝,フレミングフープ,1
遠征,202505050410,3勝クラス,芝,インヴォーグ,4
遠征,202505050410,3勝クラス,芝,ハニーコム,5
遠征,202505050410,3勝クラス,芝,ルシフェル,8
遠征,202505050411,OP,芝,フォーチュンタイム,1
遠征,202505050411,OP,芝,ラケマーダ,3
遠征,202505050411,OP,芝,ナムラアトム,4
遠征,202505050411,OP,芝,シュタールヴィント,6
遠征,202505050411,OP,芝,メイショウシンタケ,9
遠征,202505050411,OP,芝,ベガリス,10
遠征,202505050411,OP,芝,カリボール,11
遠征,202505050411,OP,芝,スカイロケット,13
遠征,202505050411,OP,芝,ガロンヌ,18
遠征,202505050508,2勝クラス,ダ,バルダンツァ,2
遠征,202505050510,3勝クラス,芝,ナヴォーナ,6
遠征,202505050510,3勝クラス,芝,アルトゥーム,11
遠征,202505050510,3勝クラス,芝,フライングブレード,12
遠征,202505050510,3勝クラス,芝,タイゲン,13
遠征,202505050510,3勝クラス,芝,テーオーダグラス,15
遠征,202505050511,OP,ダ,ワイワイレジェンド,2
遠征,202505050511,OP,ダ,マルモリスペシャル,8
遠征,202505050511,OP,ダ,コンクイスタ,14
遠征,202505050512,2勝クラス,芝,テラステラ,9
遠征,202505050512,2勝クラス,芝,ルヴァンノワール,11
遠征,202505050708,2勝クラス,ダ,タッチャブル,5
遠征,202505050708,2勝クラス,ダ,ラヴァブル,10
遠征,202505050708,2勝クラス,ダ,タガノマルアフ,14
遠征,202505050710,3勝クラス,ダ,エストレヤデベレン,3
遠征,202505050710,3勝クラス,ダ,ストレングス,6
遠征,202505050710,3勝クラス,ダ,アジアミッション,7
遠征,202505050710,3勝クラス,ダ,マーブルマウンテン,8
遠征,202505050710,3勝クラス,ダ,ドゥータップ,15
遠征,202505050710,3勝クラス,ダ,デイトナモード,16
遠征,202505050711,OP,芝,ミッキーゴージャス,1
遠征,202505050711,OP,芝,ブエナオンダ,3
遠征,202505050711,OP,芝,グロリアラウス,4
遠征,202505050711,OP,芝,ラケマーダ,6
遠征,202505050711,OP,芝,マピュース,9
遠征,202505050711,OP,芝,スズハローム,11
遠征,202505050711,OP,芝,セオ,13
遠征,202505050711,OP,芝,シュタールヴィント,15
遠征,202505050711,OP,芝,ホウオウプロサンゲ,16
遠征,202505050712,2勝クラス,芝,ダノンブギ,6
遠征,202505050712,2勝クラス,芝,サイモンルモンド,9
遠征,202505050809,2勝クラス,芝,ログラール,3
遠征,202505050810,2勝クラス,ダ,ダイシンリンク,5
遠征,202505050810,2勝クラス,ダ,シホノペルフェット,12
遠征,202505050811,3勝クラス,芝,ヴィレム,1
遠征,202505050811,3勝クラス,芝,ミッキーツインクル,5
遠征,202505050811,3勝クラス,芝,コルレオニス,6
遠征,202505050812,重賞,芝,ジャスティンパレス,5
遠征,202505050812,重賞,芝,ヨーホーレイク,14
遠征,202505050812,重賞,芝,サンライズアース,15
遠征,202506050110,2勝クラス,ダ,プルナチャンドラ,2
遠征,202506050110,2勝クラス,ダ,レイバックスピン,4
遠征,202506050111,重賞,芝,ブレイヴロッカー,4
遠征,202506050111,重賞,芝,ワープスピード,5
遠征,202506050111,重賞,芝,ヴェルテンベルク,6
遠征,202506050112,2勝クラス,芝,ボンヌソワレ,10
遠征,202506050207,2勝クラス,芝,サトノソティラス,11
遠征,202506050208,2勝クラス,ダ,ズバットマサムネ,8
遠征,202506050209,3勝クラス,芝,パクスロマーナ,7
遠征,202506050210,3勝クラス,ダ,メイプルタピット,12
遠征,202506050210,3勝クラス,ダ,オペラプラージュ,15
遠征,202506050211,OP,芝,ロードフォアエース,1
遠征,202506050211,OP,芝,ムイ,10
遠征,202506050211,OP,芝,マイネルレノン,11
遠征,202506050308,2勝クラス,ダ,タカサンフェイス,9
遠征,202506050308,2勝クラス,ダ,スマートカイロス,10
遠征,202506050310,3勝クラス,ダ,ジェネラーレ,3
遠征,202506050310,3勝クラス,ダ,エンヤラヴフェイス,6
遠征,202506050310,3勝クラス,ダ,メイショウフジタカ,7
遠征,202506050310,3勝クラス,ダ,エレガントムーン,9
遠征,202506050310,3勝クラス,ダ,ビルカール,10
遠征,202506050310,3勝クラス,ダ,アイファースキャン,12
遠征,202506050409,2勝クラス,芝,イガッチ,1
遠征,202506050409,2勝クラス,芝,レディーミコノス,5
遠征,202506050410,OP,ダ,ブライアンセンス,1
遠征,202506050410,OP,ダ,ポッドロゴ,3
遠征,202506050410,OP,ダ,テーオーパスワード,6
遠征,202506050410,OP,ダ,ミッキーヌチバナ,7
遠征,202506050410,OP,ダ,スマートアイ,15
遠征,202506050411,重賞,ダ,テーオーエルビス,1
遠征,202506050411,重賞,ダ,サンライズアムール,6
遠征,202506050411,重賞,ダ,ポッドベイダー,7
遠征,202506050411,重賞,ダ,タガノミスト,11
遠征,202506050411,重賞,ダ,スターペスカオリ,13
遠征,202506050411,重賞,ダ,エートラックス,14
遠征,202506050411,重賞,ダ,ドンアミティエ,15
遠征,202506050411,重賞,ダ,カルチャーデイ,16
遠征,202506050510,2勝クラス,ダ,シャンバラ,8
遠征,202506050510,2勝クラス,ダ,セレクティオ,9
遠征,202506050510,2勝クラス,ダ,ハッピーダンチャン,11
遠征,202506050511,重賞,芝,スリールミニョン,7
遠征,202506050511,重賞,芝,ビップデイジー,10
遠征,202506050511,重賞,芝,チェルビアット,13
遠征,202506050511,重賞,芝,ソーダズリング,14
遠征,202506050511,重賞,芝,ランフォーヴァウ,15
遠征,202506050512,2勝クラス,ダ,スノーサイレンス,2
遠征,202506050610,3勝クラス,ダ,ギーロカスタル,11
遠征,202506050611,OP,芝,ショウナンマグマ,4
遠征,202506050611,OP,芝,ドクタードリトル,9
遠征,202506050611,OP,芝,マイネルメモリー,10
遠征,202506050611,OP,芝,フォワードアゲン,12
遠征,202506050612,2勝クラス,芝,ラージギャラリー,8
遠征,202506050612,2勝クラス,芝,サヴァビアン,13
遠征,202506050709,2勝クラス,芝,アンビバレント,1
遠征,202506050711,重賞,芝,アスクエジンバラ,3
遠征,202506050711,重賞,芝,バドリナート,5
遠征,202506050711,重賞,芝,アンドゥーリル,7
遠征,202506050711,重賞,芝,ジャスティンビスタ,8
遠征,202506050711,重賞,芝,テーオーアルアイン,9
遠征,202506050711,重賞,芝,ウイナーズナイン,13
遠征,202506050712,3勝クラス,芝,アスターブジエ,5
遠征,202506050712,3勝クラス,芝,サークルオブジョイ,8
遠征,202506050808,2勝クラス,ダ,アートレスマインド,5
遠征,202506050808,2勝クラス,ダ,ジューンエオス,12
遠征,202506050809,2勝クラス,芝,コーチェラバレー,1
遠征,202506050809,2勝クラス,芝,ショウナンガチ,8
遠征,202506050809,2勝クラス,芝,ボンドロア,13
遠征,202506050810,3勝クラス,ダ,アンズアメ,3
遠征,202506050810,3勝クラス,ダ,ムーム,7
遠征,202506050810,3勝クラス,ダ,ジャスパーノワール,15
遠征,202506050810,3勝クラス,ダ,ネグレスコ,16
遠征,202506050811,重賞,芝,レガレイラ,4
遠征,202506050811,重賞,芝,ジャスティンパレス,7
遠征,202506050811,重賞,芝,エキサイトバイオ,8
遠征,202506050811,重賞,芝,マイネルエンペラー,9
遠征,202506050811,重賞,芝,アドマイヤテラ,11
遠征,202506050811,重賞,芝,エルトンバローズ,12
遠征,202506050811,重賞,芝,メイショウタバル,13
遠征,202506050812,3勝クラス,芝,グローリーリンク,2
遠征,202506050812,3勝クラス,芝,セブンマジシャン,2
遠征,202506050812,3勝クラス,芝,ケイデンシーマーク,7
遠征,202506050812,3勝クラス,芝,エポックヴィーナス,9
遠征,202507050110,2勝クラス,ダ,ビッグドリーム,3
遠征,202507050110,2勝クラス,ダ,ビーマックス,6
遠征,202507050110,2勝クラス,ダ,メモリーグラス,7
遠征,202507050110,2勝クラス,ダ,ダミエ,9
遠征,202507050110,2勝クラス,ダ,ミスエル,10
遠征,202507050110,2勝クラス,ダ,バンブトンプロ,13
遠征,202507050111,3勝クラス,芝,サトミノキラリ,2
遠征,202507050111,3勝クラス,芝,ユハンヌス,3
遠征,202507050111,3勝クラス,芝,ヴェサリウス,4
遠征,202507050111,3勝クラス,芝,アニトラ,7
遠征,202507050111,3勝クラス,芝,フライングブレード,8
遠征,202507050111,3勝クラス,芝,コスモアディラート,10
遠征,202507050111,3勝クラス,芝,フォルテム,11
遠征,202507050209,2勝クラス,ダ,エイシンナデシコ,1
遠征,202507050209,2勝クラス,ダ,コンアフェット,2
遠征,202507050209,2勝クラス,ダ,ユウェンタース,4
遠征,202507050209,2勝クラス,ダ,カフェアローロ,5
遠征,202507050209,2勝クラス,ダ,アンドリーナ,6
遠征,202507050209,2勝クラス,ダ,ロフティーイデアル,7
遠征,202507050209,2勝クラス,ダ,ヴォンフレ,11
遠征,202507050209,2勝クラス,ダ,プチボヌール,15
遠征,202507050209,2勝クラス,ダ,ブーバー,16
遠征,202507050210,2勝クラス,芝,ホウオウシェリー,4
遠征,202507050210,2勝クラス,芝,ステラバルセロナ,9
遠征,202507050210,2勝クラス,芝,ヒロノゴウカイ,10
遠征,202507050210,2勝クラス,芝,ラッジオ,11
遠征,202507050210,2勝クラス,芝,ラーテル,13
遠征,202507050211,重賞,ダ,ペリエール,10
遠征,202507050211,重賞,ダ,シックスペンス,11
遠征,202507050211,重賞,ダ,ペプチドナイル,12
遠征,202507050211,重賞,ダ,ナルカミ,13
遠征,202507050211,重賞,ダ,ルクソールカフェ,15
遠征,202507050211,重賞,ダ,ウィリアムバローズ,16
遠征,202507050310,2勝クラス,ダ,アラレタバシル,1
遠征,202507050310,2勝クラス,ダ,ジュンラトゥール,5
遠征,202507050310,2勝クラス,ダ,タイセイミッション,7
遠征,202507050310,2勝クラス,ダ,エクストラノート,8
遠征,202507050310,2勝クラス,ダ,エイブラムス,9
遠征,202507050310,2勝クラス,ダ,ユメハハテシナク,16
遠征,202507050311,重賞,芝,シンハナーダ,4
遠征,202507050311,重賞,芝,メリオーレム,5
遠征,202507050311,重賞,芝,ピースワンデュック,6
遠征,202507050311,重賞,芝,マイネルモーント,8
遠征,202507050311,重賞,芝,ヴィンセンシオ,9
遠征,202507050311,重賞,芝,ダンディズム,12
遠征,202507050311,重賞,芝,ショウナンアデイブ,13
遠征,202507050311,重賞,芝,マイネルケレリウス,14
遠征,202507050410,2勝クラス,芝,バルナバ,1
遠征,202507050410,2勝クラス,芝,ジェットブレード,3
遠征,202507050410,2勝クラス,芝,レイヤードレッド,5
遠征,202507050410,2勝クラス,芝,マイネルシーマー,6
遠征,202507050410,2勝クラス,芝,サイモンルモンド,10
遠征,202507050411,3勝クラス,芝,モズナナスター,1
遠征,202507050411,3勝クラス,芝,ベイビーキッス,2
遠征,202507050411,3勝クラス,芝,ジャスリー,9
遠征,202507050509,OP,芝,ノアールビーナス,4
遠征,202507050509,OP,芝,ハッピーエンジェル,6
遠征,202507050509,OP,芝,シーグルロス,7
遠征,202507050509,OP,芝,ランドスター,8
遠征,202507050510,2勝クラス,ダ,トルーマンテソーロ,1
遠征,202507050510,2勝クラス,ダ,メモリーグラス,2
遠征,202507050510,2勝クラス,ダ,フィリップ,3
遠征,202507050510,2勝クラス,ダ,フォーワンセルフ,7
遠征,202507050510,2勝クラス,ダ,アイファーバトル,8
遠征,202507050510,2勝クラス,ダ,トロピカルヒーロー,9
遠征,202507050510,2勝クラス,ダ,ミスエル,10
遠征,202507050510,2勝クラス,ダ,キングクー,11
遠征,202507050510,2勝クラス,ダ,カンザシ,14
遠征,202507050510,2勝クラス,ダ,マーシヴィガラス,16
遠征,202507050511,3勝クラス,ダ,ピクシレーション,2
遠征,202507050511,3勝クラス,ダ,フルオール,5
遠征,202507050511,3勝クラス,ダ,ビップスコーピオン,6
遠征,202507050511,3勝クラス,ダ,タイセイレスポンス,8
遠征,202507050511,3勝クラス,ダ,アルゴナヴィス,11
遠征,202507050610,2勝クラス,芝,ディヴァインスター,1
遠征,202507050610,2勝クラス,芝,アナレンマ,5
遠征,202507050610,2勝クラス,芝,バードウォッチャー,7
遠征,202507050610,2勝クラス,芝,ジェモロジー,8
遠征,202507050611,OP,ダ,ドンインザムード,2
遠征,202507050611,OP,ダ,アッチャゴーラ,3
遠征,202507050611,OP,ダ,エスカル,5
遠征,202507050611,OP,ダ,ロジアデレード,6
遠征,202507050611,OP,ダ,ナイトアクアリウム,7
遠征,202507050611,OP,ダ,バトゥーキ,8
遠征,202507050611,OP,ダ,エコロガイア,9
遠征,202507050611,OP,ダ,シークレットヴァウ,11
遠征,202507050611,OP,ダ,メイショウカゼマチ,12
遠征,202507050611,OP,ダ,ジョージテソーロ,13
遠征,202507050612,2勝クラス,芝,タイキヴァンクール,3
遠征,202507050612,2勝クラス,芝,ヨウシタンレイ,6
遠征,202507050612,2勝クラス,芝,イブニングタイド,7
遠征,202507050612,2勝クラス,芝,バンブルビー,9
遠征,202507050612,2勝クラス,芝,ナファロア,10
遠征,202507050612,2勝クラス,芝,リリーブライト,11
遠征,202507050612,2勝クラス,芝,ララマセラシオン,12
遠征,202507050612,2勝クラス,芝,スーパーマン,13
遠征,202507050612,2勝クラス,芝,ワタシマツワ,14
遠征,202507050612,2勝クラス,芝,ラホーヤストーム,16
遠征,202507050612,2勝クラス,芝,キントラダンサー,17
遠征,202508030108,2勝クラス,芝,ウイントレメンデス,1
遠征,202508030108,2勝クラス,芝,バルティカ,5
遠征,202508030108,2勝クラス,芝,ラレーヌデリス,7
遠征,202508030108,2勝クラス,芝,キングスコール,8
遠征,202508030110,3勝クラス,ダ,エレガントムーン,4
遠征,202508030111,OP,芝,ジョーメッドヴィン,4
遠征,202508030111,OP,芝,フィオライア,5
遠征,202508030111,OP,芝,バンデルオーラ,7
遠征,202508030111,OP,芝,プルパレイ,8
遠征,202508030111,OP,芝,ジュンウィンダム,12
遠征,202508030111,OP,芝,ブトンドール,13
遠征,202508030111,OP,芝,ブーケファロス,14
遠征,202508030111,OP,芝,ショウナンハクラク,15
遠征,202508030111,OP,芝,ミルトクレイモー,16
遠征,202508030111,OP,芝,マイネルジェロディ,18
遠征,202508030208,2勝クラス,ダ,フラーハ,9
遠征,202508030208,2勝クラス,ダ,ランタナヒルズ,10
遠征,202508030209,3勝クラス,芝,タイキラフター,4
遠征,202508030209,3勝クラス,芝,マイネルニコラス,6
遠征,202508030209,3勝クラス,芝,キュクヌス,7
遠征,202508030209,3勝クラス,芝,サトノクローク,8
遠征,202508030210,OP,ダ,ニットウバジル,6
遠征,202508030210,OP,ダ,メイショウミツヤス,7
遠征,202508030210,OP,ダ,メズメライザー,10
遠征,202508030210,OP,ダ,マニバドラ,13
遠征,202508030210,OP,ダ,メタマックス,14
遠征,202508030211,重賞,芝,ディープモンスター,1
遠征,202508030211,重賞,芝,ヴェルミセル,3
遠征,202508030211,重賞,芝,アルナシーム,6
遠征,202508030211,重賞,芝,サンライズソレイユ,9
遠征,202508030211,重賞,芝,ブレイヴロッカー,13
遠征,202508030211,重賞,芝,メイショウブレゲ,14
遠征,202508030211,重賞,芝,ミクソロジー,17
遠征,202508030212,2勝クラス,芝,カリーシ,5
遠征,202508030212,2勝クラス,芝,エルサトアナ,8
遠征,202508030212,2勝クラス,芝,トウカイエルデ,12
遠征,202508030212,2勝クラス,芝,マイネルビジョン,13
遠征,202508030310,2勝クラス,芝,エールトゥヘヴン,7
遠征,202508030310,2勝クラス,芝,アップストローク,9
遠征,202508030310,2勝クラス,芝,エイムフォーエース,11
遠征,202508030310,2勝クラス,芝,アスクドリームモア,12
遠征,202508030310,2勝クラス,芝,ホークマン,13
遠征,202508030311,3勝クラス,ダ,タガノバビロン,1
遠征,202508030311,3勝クラス,ダ,シンビリーブ,2
遠征,202508030311,3勝クラス,ダ,イデアイゴッソウ,5
遠征,202508030311,3勝クラス,ダ,デコラシオン,6
遠征,202508030311,3勝クラス,ダ,スズノテレサ,10
遠征,202508030311,3勝クラス,ダ,ハーバーライト,11
遠征,202508030311,3勝クラス,ダ,タンゴバイラリン,12
遠征,202508030408,2勝クラス,ダ,ルージュミラージュ,1
遠征,202508030408,2勝クラス,ダ,ウィンターダフネ,2
遠征,202508030408,2勝クラス,ダ,メイショウタムシバ,4
遠征,202508030408,2勝クラス,ダ,ミレニアムヒロイン,14
遠征,202508030409,2勝クラス,ダ,プレアデスグループ,8
遠征,202508030409,2勝クラス,ダ,パールフロント,9
遠征,202508030409,2勝クラス,ダ,イルザ,14
遠征,202508030410,3勝クラス,芝,サムハンター,8
遠征,202508030410,3勝クラス,芝,ファインライン,10
遠征,202508030410,3勝クラス,芝,ウインレイアー,12
遠征,202508030411,OP,ダ,ハビレ,4
遠征,202508030509,2勝クラス,ダ,ゴヴェルナーレリコ,5
遠征,202508030509,2勝クラス,ダ,コスモオピニオン,6
遠征,202508030509,2勝クラス,ダ,オールマイデイズ,7
遠征,202508030509,2勝クラス,ダ,セイウンガレオン,8
遠征,202508030509,2勝クラス,ダ,キュピドン,11
遠征,202508030510,2勝クラス,芝,ジャルディニエ,6
遠征,202508030510,2勝クラス,芝,ジェットマグナム,7
遠征,202508030510,2勝クラス,芝,アラタマフェーヴル,8
遠征,202508030510,2勝クラス,芝,ジッピーレーサー,10
遠征,202508030511,重賞,芝,オフトレイル,1
遠征,202508030511,重賞,芝,レッドモンレーヴ,9
遠征,202508030511,重賞,芝,ロジリオン,10
遠征,202508030511,重賞,芝,タイムトゥヘヴン,12
遠征,202508030511,重賞,芝,グレイイングリーン,13
遠征,202508030511,重賞,芝,バルサムノート,16
遠征,202508030511,重賞,芝,アサカラキング,17
遠征,202508030609,2勝クラス,ダ,ジューンポンポン,5
遠征,202508030609,2勝クラス,ダ,フレッシュラン,11
遠征,202508030610,2勝クラス,芝,シュバルツマサムネ,2
遠征,202508030610,2勝クラス,芝,リギーロ,3
遠征,202508030610,2勝クラス,芝,デルマグレムリン,4
遠征,202508030611,3勝クラス,ダ,ルージュアベリア,3
遠征,202508030611,3勝クラス,ダ,イージーオンミー,4
遠征,202508030611,3勝クラス,ダ,スミ,5
遠征,202508030611,3勝クラス,ダ,タガノチョコラータ,7
遠征,202508030611,3勝クラス,ダ,ピクシレーション,9
遠征,202508030611,3勝クラス,ダ,メテオールライト,10
遠征,202508030611,3勝クラス,ダ,アグラシアド,11
遠征,202508030611,3勝クラス,ダ,サイモンブーケ,12
遠征,202508030611,3勝クラス,ダ,リバートゥルー,14
遠征,202508030708,2勝クラス,芝,ロンドボス,5
遠征,202508030709,OP,芝,ファニーバニー,3
遠征,202508030710,3勝クラス,ダ,グランフォーブル,1
遠征,202508030710,3勝クラス,ダ,エストレヤデベレン,2
遠征,202508030710,3勝クラス,ダ,イノセントキャット,8
遠征,202508030710,3勝クラス,ダ,パルデンス,10
遠征,202508030710,3勝クラス,ダ,ビルカール,11
遠征,202508030711,重賞,芝,エンブロイダリー,1
遠征,202508030711,重賞,芝,エリカエクスプレス,2
遠征,202508030711,重賞,芝,ジョスラン,4
遠征,202508030711,重賞,芝,マピュース,10
遠征,202508030711,重賞,芝,ケリフレッドアスク,11
遠征,202508030711,重賞,芝,カムニャック,16
遠征,202508030711,重賞,芝,レーゼドラマ,17
遠征,202508030711,重賞,芝,ブラウンラチェット,18
遠征,202508030712,2勝クラス,ダ,プルナチャンドラ,4
遠征,202508030712,2勝クラス,ダ,アーロンイメル,8
遠征,202508030712,2勝クラス,ダ,インペリアルライン,10
遠征,202508030808,2勝クラス,芝,コスモアンソロジー,3
遠征,202508030808,2勝クラス,芝,キングスコール,4
遠征,202508030808,2勝クラス,芝,マイネルバーテクス,6
遠征,202508030808,2勝クラス,芝,アラタマフェーヴル,7
遠征,202508030808,2勝クラス,芝,プリズマジコ,8
遠征,202508030808,2勝クラス,芝,メイショウヨゾラ,9
遠征,202508030808,2勝クラス,芝,テンメジャーガール,11
遠征,202508030808,2勝クラス,芝,リリーブライト,12
遠征,202508030809,2勝クラス,ダ,ソウルアンドジャズ,3
遠征,202508030809,2勝クラス,ダ,レッドリベルタ,5
遠征,202508030809,2勝クラス,ダ,リアド,7
遠征,202508030809,2勝クラス,ダ,タイセイアディクト,9
遠征,202508030809,2勝クラス,ダ,バナマンテソーロ,14
遠征,202508030810,3勝クラス,芝,ジョディーズマロン,9
遠征,202508030810,3勝クラス,芝,アバンチュリエ,10
遠征,202508030811,OP,芝,バレエマスター,4
遠征,202508030811,OP,芝,ピースワンデュック,6
遠征,202508030811,OP,芝,センツブラッド,7
遠征,202508030811,OP,芝,ダンテスヴュー,8
遠征,202508030811,OP,芝,シルトホルン,10
遠征,202508030908,2勝クラス,芝,モジャーリオ,1
遠征,202508030908,2勝クラス,芝,ルージュスエルテ,5
遠征,202508030908,2勝クラス,芝,スーパーマン,8
遠征,202508030908,2勝クラス,芝,クールベイビー,10
遠征,202508030908,2勝クラス,芝,キントラダンサー,14
遠征,202508030909,OP,芝,ストームサンダー,3
遠征,202508030910,OP,ダ,マリアナトレンチ,4
遠征,202508030910,OP,ダ,エルゲルージ,10
遠征,202508030910,OP,ダ,タガノエスコート,11
遠征,202508030910,OP,ダ,ヴァルツァーシャル,13
遠征,202508030911,重賞,芝,エネルジコ,1
遠征,202508030911,重賞,芝,ゲルチュタール,4
遠征,202508030911,重賞,芝,レッドバンデ,5
遠征,202508030911,重賞,芝,ジョバンニ,8
遠征,202508030911,重賞,芝,レクスノヴァス,9
遠征,202508030911,重賞,芝,アマキヒ,11
遠征,202508030911,重賞,芝,レイヤードレッド,15
遠征,202508030911,重賞,芝,ヤマニンブークリエ,16
遠征,202508030911,重賞,芝,ラーシャローム,17
遠征,202508030912,2勝クラス,ダ,サンダーロード,12
遠征,202508030912,2勝クラス,ダ,ジェネラーレ,14
遠征,202508030912,2勝クラス,ダ,ルージュイストリア,16
遠征,202508031008,2勝クラス,ダ,アーロンイメル,1
遠征,202508031008,2勝クラス,ダ,ブレイゼスト,2
遠征,202508031008,2勝クラス,ダ,プルナチャンドラ,3
遠征,202508031008,2勝クラス,ダ,アルベリック,7
遠征,202508031009,2勝クラス,芝,アイザックバローズ,5
遠征,202508031009,2勝クラス,芝,バルティカ,6
遠征,202508031009,2勝クラス,芝,ジェットマグナム,7
遠征,202508031009,2勝クラス,芝,ラレーヌデリス,9
遠征,202508031010,3勝クラス,ダ,テーオーグランビル,1
遠征,202508031010,3勝クラス,ダ,クラウンシエンタ,2
遠征,202508031010,3勝クラス,ダ,オンザライン,3
遠征,202508031010,3勝クラス,ダ,サイモンブーケ,11
遠征,202508031010,3勝クラス,ダ,ニューステソーロ,13
遠征,202508031011,重賞,芝,ショウナンカリス,2
遠征,202508031011,重賞,芝,ブラックチャリス,4
遠征,202508031011,重賞,芝,ベレーバスク,5
遠征,202508031011,重賞,芝,ポペット,6
遠征,202508031108,2勝クラス,ダ,パールフロント,5
遠征,202508031108,2勝クラス,ダ,グラスブランシュ,7
遠征,202508031108,2勝クラス,ダ,ストリンジェンド,10
遠征,202508031108,2勝クラス,ダ,タミゼ,14
遠征,202508031110,3勝クラス,芝,ヴォランテ,1
遠征,202508031110,3勝クラス,芝,フェミナフォルテ,7
遠征,202508031110,3勝クラス,芝,フルール,11
遠征,202508031111,OP,芝,シングザットソング,4
遠征,202508031111,OP,芝,ダイシンヤマト,7
遠征,202508031111,OP,芝,ムーンプローブ,10
遠征,202508031111,OP,芝,ペイシャフラワー,12
遠征,202508031112,2勝クラス,芝,ハワイアンタイム,1
遠征,202508031112,2勝クラス,芝,ロンドボス,2
遠征,202508031112,2勝クラス,芝,カリーシ,10
遠征,202508040109,2勝クラス,ダ,トロピカルヒーロー,10
遠征,202508040109,2勝クラス,ダ,ダズリングダンス,12
遠征,202508040109,2勝クラス,ダ,ブリッツクリーク,14
遠征,202508040110,3勝クラス,芝,フロムダスク,1
遠征,202508040111,OP,ダ,エティエンヌ,8
遠征,202508040111,OP,ダ,イスラアネーロ,11
遠征,202508040111,OP,ダ,ロードエクレール,15
遠征,202508040111,OP,ダ,スマートアイ,16
遠征,202508040207,2勝クラス,芝,ピックデムッシュ,2
遠征,202508040207,2勝クラス,芝,アルマデオロ,6
遠征,202508040208,2勝クラス,ダ,メイショウタムシバ,5
遠征,202508040208,2勝クラス,ダ,サツキノジョウ,7
遠征,202508040208,2勝クラス,ダ,ウィンターダフネ,10
遠征,202508040208,2勝クラス,ダ,ブルーペクトライト,14
遠征,202508040209,2勝クラス,芝,レーヴブリリアント,6
遠征,202508040210,3勝クラス,ダ,ショウナンアビアス,2
遠征,202508040210,3勝クラス,ダ,モズナナスター,7
遠征,202508040210,3勝クラス,ダ,キタノソワレ,8
遠征,202508040211,重賞,ダ,ロードクロンヌ,3
遠征,202508040211,重賞,ダ,デルマソトガケ,8
遠征,202508040211,重賞,ダ,ペリエール,10
遠征,202508040211,重賞,ダ,ノースブリッジ,12
遠征,202508040211,重賞,ダ,エアロロノア,14
遠征,202508040308,2勝クラス,芝,サクソンジェンヌ,3
遠征,202508040308,2勝クラス,芝,ジャルディニエ,5
遠征,202508040308,2勝クラス,芝,ハミング,7
遠征,202508040309,2勝クラス,ダ,ジェネラーレ,1
遠征,202508040309,2勝クラス,ダ,ビッグドリーム,2
遠征,202508040309,2勝クラス,ダ,ザウリ,6
遠征,202508040309,2勝クラス,ダ,エルサトアナ,8
遠征,202508040309,2勝クラス,ダ,ハリウッドブルース,9
遠征,202508040309,2勝クラス,ダ,キングクー,14
遠征,202508040310,OP,芝,マイネルケレリウス,3
遠征,202508040310,OP,芝,バレエマスター,4
遠征,202508040310,OP,芝,リビアングラス,6
遠征,202508040310,OP,芝,エープラス,11
遠征,202508040310,OP,芝,ウインエーデル,12
遠征,202508040310,OP,芝,シュバルツクーゲル,13
遠征,202508040310,OP,芝,コスモブッドレア,14
遠征,202508040310,OP,芝,ケンシレインボー,15
遠征,202508040310,OP,芝,スパイダーゴールド,16
遠征,202508040311,重賞,芝,ガリレア,7
遠征,202508040407,2勝クラス,ダ,ゴールデンクラウド,1
遠征,202508040408,2勝クラス,芝,オンザブルースカイ,2
遠征,202508040408,2勝クラス,芝,ダノンキラウェア,3
遠征,202508040408,2勝クラス,芝,カラヴァジェスティ,10
遠征,202508040408,2勝クラス,芝,エクセルゴールド,14
遠征,202508040410,3勝クラス,ダ,シンビリーブ,5
遠征,202508040410,3勝クラス,ダ,コスモジンバック,6
遠征,202508040410,3勝クラス,ダ,グロッシェン,11
遠征,202508040410,3勝クラス,ダ,ルージュミラージュ,14
遠征,202508040411,重賞,芝,ライラック,3
遠征,202508040411,重賞,芝,セキトバイースト,6
遠征,202508040411,重賞,芝,ヴェルミセル,8
遠征,202508040411,重賞,芝,フェアエールング,9
遠征,202508040411,重賞,芝,ボンドガール,11
遠征,202508040411,重賞,芝,エリカエクスプレス,12
遠征,202508040411,重賞,芝,シンリョクカ,13
遠征,202508040411,重賞,芝,ケリフレッドアスク,14
遠征,202508040411,重賞,芝,カナテープ,15
遠征,202508040412,3勝クラス,芝,セブンマジシャン,3
遠征,202508040412,3勝クラス,芝,ウィープディライト,4
遠征,202508040412,3勝クラス,芝,ワイドアラジン,6
遠征,202508040412,3勝クラス,芝,マイネルオーシャン,9
遠征,202508040412,3勝クラス,芝,ショウナンラピダス,10
遠征,202508040412,3勝クラス,芝,ディープリッチ,12
遠征,202508040511,OP,ダ,ゼットリアン,3
遠征,202508040511,OP,ダ,カンピオーネ,4
遠征,202508040511,OP,ダ,ロコポルティ,16
遠征,202508040512,2勝クラス,芝,アイザックバローズ,7
遠征,202508040512,2勝クラス,芝,ウインアクトゥール,11
遠征,202508040512,2勝クラス,芝,ラッキーダンス,13
遠征,202508040512,2勝クラス,芝,ルクスドヌーヴ,14
遠征,202508040512,2勝クラス,芝,ゴーソーファー,15
遠征,202508040608,2勝クラス,ダ,ショウナンカブト,9
遠征,202508040608,2勝クラス,ダ,アルベリック,11
遠征,202508040609,2勝クラス,芝,ブルーマエストロ,2
遠征,202508040609,2勝クラス,芝,ヨウシタンレイ,4
遠征,202508040609,2勝クラス,芝,トーアライデン,6
遠征,202508040609,2勝クラス,芝,ヒロノゴウカイ,11
遠征,202508040610,3勝クラス,ダ,ジョディーズマロン,6
遠征,202508040610,3勝クラス,ダ,ノットファウンド,12
遠征,202508040610,3勝クラス,ダ,スミ,15
遠征,202508040611,重賞,芝,ジャンタルマンタル,1
遠征,202508040611,重賞,芝,ガイアフォース,2
遠征,202508040611,重賞,芝,ウォーターリヒト,3
遠征,202508040611,重賞,芝,オフトレイル,4
遠征,202508040611,重賞,芝,ソウルラッシュ,6
遠征,202508040611,重賞,芝,アスコリピチェーノ,7
遠征,202508040611,重賞,芝,マジックサンズ,8
遠征,202508040611,重賞,芝,レーベンスティール,12
遠征,202508040611,重賞,芝,シャンパンカラー,14
遠征,202508040611,重賞,芝,ロングラン,15
遠征,202508040612,3勝クラス,芝,ロードトレイル,6
遠征,202508040612,3勝クラス,芝,ルーフ,7
遠征,202508040612,3勝クラス,芝,サウンドモリアーナ,9
遠征,202508040612,3勝クラス,芝,マックアルイーン,12
遠征,202508040612,3勝クラス,芝,タツダイヤモンド,14
遠征,202508040708,2勝クラス,ダ,トリリオンボーイ,1
遠征,202508040708,2勝クラス,ダ,マサノユニコーン,2
遠征,202508040708,2勝クラス,ダ,リクエイ,10
遠征,202508040708,2勝クラス,ダ,レヴィテーション,11
遠征,202508040708,2勝クラス,ダ,グラスブランシュ,12
遠征,202508040708,2勝クラス,ダ,ミヤビクライ,13
遠征,202508040708,2勝クラス,ダ,アオカミ,15
遠征,202508040708,2勝クラス,ダ,イグニション,16
遠征,202508040709,2勝クラス,ダ,カペルブリュッケ,1
遠征,202508040709,2勝クラス,ダ,ブルーペクトライト,2
遠征,202508040709,2勝クラス,ダ,ロングウェイホーム,6
遠征,202508040709,2勝クラス,ダ,ウインアルドーレ,7
遠征,202508040709,2勝クラス,ダ,フォーワンセルフ,10
遠征,202508040709,2勝クラス,ダ,コスモオピニオン,12
遠征,202508040710,3勝クラス,芝,シュヴェルトライテ,3
遠征,202508040710,3勝クラス,芝,モズナナスター,7
遠征,202508040710,3勝クラス,芝,トラペジスト,8
遠征,202508040710,3勝クラス,芝,エヴァンスウィート,10
遠征,202508040712,2勝クラス,芝,ブルーアイドガール,2
遠征,202508040712,2勝クラス,芝,ベビーズブレス,7
遠征,202508040712,2勝クラス,芝,ハリウッドメモリー,10
遠征,202508040712,2勝クラス,芝,ブライティアダイヤ,11
遠征,202508040712,2勝クラス,芝,マイネルラッシュ,12
遠征,202508040712,2勝クラス,芝,スペルキャスター,13
遠征,202508040712,2勝クラス,芝,アイヲツグモノ,16
遠征,202508040808,2勝クラス,芝,サクソンジェンヌ,1
遠征,202508040810,3勝クラス,ダ,ベルウェザー,6
遠征,202508040810,3勝クラス,ダ,サイモンブーケ,7
遠征,202508040810,3勝クラス,ダ,イデアイゴッソウ,9
遠征,202508040810,3勝クラス,ダ,アーロンイメル,14
遠征,202508040811,OP,ダ,ビダーヤ,2
遠征,202508040811,OP,ダ,ジャスティンアース,5
遠征,202508040811,OP,ダ,ロードフロンティア,8
遠征,202508040811,OP,ダ,カズプレスト,12
遠征,202508040812,重賞,芝,エーティーマクフィ,1
遠征,202508040812,重賞,芝,ルガル,2
遠征,202508040812,重賞,芝,レイピア,4
遠征,202508040812,重賞,芝,ペアポルックス,12
遠征,202509050108,2勝クラス,ダ,ルークススペイ,2
遠征,202509050108,2勝クラス,ダ,オコタンペ,9
遠征,202509050108,2勝クラス,ダ,マフィン,11
遠征,202509050108,2勝クラス,ダ,イモータルバード,14
遠征,202509050108,2勝クラス,ダ,トロピカルヒーロー,15
遠征,202509050110,3勝クラス,ダ,ファムエレガンテ,1
遠征,202509050110,3勝クラス,ダ,ショウナンアビアス,5
遠征,202509050110,3勝クラス,ダ,キタノソワレ,10
遠征,202509050110,3勝クラス,ダ,フラップシグナス,14
遠征,202509050111,重賞,芝,センツブラッド,2
遠征,202509050111,重賞,芝,マテンロウレオ,3
遠征,202509050111,重賞,芝,ブラックシールド,6
遠征,202509050111,重賞,芝,サンストックトン,7
遠征,202509050111,重賞,芝,オニャンコポン,8
遠征,202509050111,重賞,芝,ラーグルフ,11
遠征,202509050208,2勝クラス,芝,コスモアンソロジー,4
遠征,202509050208,2勝クラス,芝,コンフォルツァ,6
遠征,202509050208,2勝クラス,芝,サヴァビアン,7
遠征,202509050210,3勝クラス,芝,レディネス,1
遠征,202509050210,3勝クラス,芝,ナヴォーナ,3
遠征,202509050210,3勝クラス,芝,エバーハピネス,13
遠征,202509050210,3勝クラス,芝,ショーモン,18
遠征,202509050211,OP,ダ,ポールセン,2
遠征,202509050211,OP,ダ,バトルクライ,11
遠征,202509050211,OP,ダ,ムーヴ,13
遠征,202509050211,OP,ダ,レッドアヴァンティ,16
遠征,202509050212,2勝クラス,芝,チューラワンサ,1
遠征,202509050212,2勝クラス,芝,エイムフォーエース,4
遠征,202509050212,2勝クラス,芝,スイミーユニバンス,5
遠征,202509050212,2勝クラス,芝,レザンノワール,8
遠征,202509050212,2勝クラス,芝,ルージュスエルテ,9
遠征,202509050212,2勝クラス,芝,シアター,10
遠征,202509050212,2勝クラス,芝,テラステラ,12
遠征,202509050212,2勝クラス,芝,オンザブルースカイ,13
遠征,202509050212,2勝クラス,芝,アジュマン,17
遠征,202509050310,2勝クラス,ダ,レッドリベルタ,9
遠征,202509050310,2勝クラス,ダ,ヒルノデプラーツ,14
遠征,202509050311,OP,芝,ダノンエアズロック,3
遠征,202509050311,OP,芝,シヴァース,4
遠征,202509050311,OP,芝,キョウエイブリッサ,5
遠征,202509050311,OP,芝,ゴートゥファースト,6
遠征,202509050311,OP,芝,ヤンキーバローズ,9
遠征,202509050311,OP,芝,ニシノスーベニア,11
遠征,202509050311,OP,芝,アッシュルバニパル,12
遠征,202509050312,2勝クラス,芝,ウィルサヴァイブ,2
遠征,202509050312,2勝クラス,芝,ハートメテオ,5
遠征,202509050312,2勝クラス,芝,レッセパッセ,6
遠征,202509050312,2勝クラス,芝,ムガ,9
遠征,202509050312,2勝クラス,芝,トゥルブレンツ,10
遠征,202509050408,2勝クラス,ダ,クーデール,1
遠征,202509050408,2勝クラス,ダ,スリーピース,6
遠征,202509050409,3勝クラス,芝,レミージュ,2
遠征,202509050409,3勝クラス,芝,ハギノアルデバラン,4
遠征,202509050409,3勝クラス,芝,フェミナフォルテ,12
遠征,202509050409,3勝クラス,芝,コスモフロイデ,13
遠征,202509050409,3勝クラス,芝,エイカイマッケンロ,15
遠征,202509050410,3勝クラス,ダ,ワンパット,3
遠征,202509050410,3勝クラス,ダ,ルージュアベリア,4
遠征,202509050410,3勝クラス,ダ,ロードマゼラン,7
遠征,202509050410,3勝クラス,ダ,ノットイナフ,10
遠征,202509050410,3勝クラス,ダ,コスモジンバック,13
遠征,202509050411,重賞,芝,タイセイボーグ,3
遠征,202509050411,重賞,芝,アルバンヌ,6
遠征,202509050411,重賞,芝,ショウナンカリス,7
遠征,202509050411,重賞,芝,イヌボウノウタゴエ,10
遠征,202509050411,重賞,芝,ミツカネベネラ,12
遠征,202509050411,重賞,芝,ヒズマスターピース,15
遠征,202509050411,重賞,芝,ラスティングスノー,16
遠征,202509050412,2勝クラス,芝,ウォータークラーク,2
遠征,202509050412,2勝クラス,芝,マルカオペラ,4
遠征,202509050412,2勝クラス,芝,ルクスジニア,5
遠征,202509050412,2勝クラス,芝,シホノペルフェット,6
遠征,202509050412,2勝クラス,芝,テラステラ,7
遠征,202509050412,2勝クラス,芝,ブライティアダイヤ,9
遠征,202509050509,OP,ダ,ワンダーディーン,2
遠征,202509050510,2勝クラス,芝,シュバルツマサムネ,1
遠征,202509050510,2勝クラス,芝,ラーテル,8
遠征,202509050511,OP,芝,デュガ,1
遠征,202509050511,OP,芝,アサカラキング,4
遠征,202509050511,OP,芝,ウイングレイテスト,5
遠征,202509050511,OP,芝,バースクライ,6
遠征,202509050511,OP,芝,サトノカルナバル,9
遠征,202509050511,OP,芝,ショウナンハクラク,10
遠征,202509050511,OP,芝,アスコルティアーモ,14
遠征,202509050511,OP,芝,レッドヒルシューズ,15
遠征,202509050512,2勝クラス,芝,ブルーアイドガール,1
遠征,202509050512,2勝クラス,芝,レイククレセント,3
遠征,202509050512,2勝クラス,芝,カリーシ,7
遠征,202509050512,2勝クラス,芝,スペルキャスター,8
遠征,202509050512,2勝クラス,芝,エルサトアナ,11
遠征,202509050512,2勝クラス,芝,クレオズニードル,15
遠征,202509050512,2勝クラス,芝,ニジュウダンサー,16
遠征,202509050608,2勝クラス,ダ,ビービーバザーク,2
遠征,202509050608,2勝クラス,ダ,オセアバトルプラン,3
遠征,202509050608,2勝クラス,ダ,スマートカイロス,5
遠征,202509050608,2勝クラス,ダ,エーデル,8
遠征,202509050608,2勝クラス,ダ,トゥーザムーン,9
遠征,202509050608,2勝クラス,ダ,ロンパイア,10
遠征,202509050608,2勝クラス,ダ,エクストラノート,11
遠征,202509050608,2勝クラス,ダ,メイショウタイピン,14
遠征,202509050608,2勝クラス,ダ,オカメノコイ,15
遠征,202509050609,3勝クラス,ダ,トリリオンボーイ,1
遠征,202509050609,3勝クラス,ダ,レイズカイザー,4
遠征,202509050609,3勝クラス,ダ,ピックアップライン,10
遠征,202509050609,3勝クラス,ダ,ガンウルフ,12
遠征,202509050609,3勝クラス,ダ,グラスシフォン,14
遠征,202509050610,OP,ダ,アムールドパリ,10
遠征,202509050610,OP,ダ,サンライズアリオン,12
遠征,202509050610,OP,ダ,マンマリアーレ,14
遠征,202509050610,OP,ダ,テーオードレフォン,15
遠征,202509050611,重賞,芝,エコロアルバ,4
遠征,202509050611,重賞,芝,リアライズシリウス,5
遠征,202509050611,重賞,芝,タガノアラリア,8
遠征,202509050611,重賞,芝,ストームサンダー,9
遠征,202509050611,重賞,芝,コルテオソレイユ,11
遠征,202509050611,重賞,芝,スペルーチェ,14
遠征,202509050612,3勝クラス,芝,モジャーリオ,3
遠征,202509050612,3勝クラス,芝,タイセイカレント,4
遠征,202509050612,3勝クラス,芝,フライングブレード,9
遠征,202509050612,3勝クラス,芝,ウイントワイライト,12
遠征,202509050612,3勝クラス,芝,エヴァンスウィート,14
遠征,202509050708,2勝クラス,ダ,ダイシンリンク,2
遠征,202509050708,2勝クラス,ダ,ニタモノドウシ,4
遠征,202509050710,3勝クラス,ダ,ベルウェザー,2
遠征,202509050710,3勝クラス,ダ,ロードマゼラン,10
遠征,202509050710,3勝クラス,ダ,グランドセントラル,14
遠征,202509050711,重賞,芝,ナムラクレア,2
遠征,202509050711,重賞,芝,フォーチュンタイム,3
遠征,202509050711,重賞,芝,グレイイングリーン,4
遠征,202509050711,重賞,芝,アスクワンタイム,8
遠征,202509050711,重賞,芝,ジューンブレア,11
遠征,202509050711,重賞,芝,グロリアラウス,12
遠征,202509050711,重賞,芝,シャドウフューリー,16
遠征,202509050712,2勝クラス,芝,コスモエクスプレス,3
遠征,202509050808,2勝クラス,ダ,レッドダンルース,5
遠征,202509050808,2勝クラス,ダ,ドッビアーコ,10
遠征,202509050809,2勝クラス,芝,レモンバーム,3
遠征,202509050809,2勝クラス,芝,シャイニースイフト,8
遠征,202509050809,2勝クラス,芝,デファイ,9
遠征,202509050810,3勝クラス,芝,ピンクジン,6
遠征,202509050810,3勝クラス,芝,エイカイマッケンロ,9
遠征,202509050811,OP,ダ,バトゥーキ,2
遠征,202509050811,OP,ダ,ユキマル,5
遠征,202509050811,OP,ダ,メイショウカズサ,9
遠征,202509050811,OP,ダ,グッジョブ,15
遠征,202509050812,3勝クラス,芝,サウンドモリアーナ,3
遠征,202509050812,3勝クラス,芝,エマヌエーレ,5
遠征,202509050812,3勝クラス,芝,ロードマイライフ,6
遠征,202509050812,3勝クラス,芝,マルプリ,10
遠征,202602010410,2勝クラス,ダ,ライフゲート,2
遠征,202602010410,2勝クラス,ダ,ジュンラトゥール,4
遠征,202602010410,2勝クラス,ダ,ギマール,5
遠征,202602010410,2勝クラス,ダ,ラマンシュ,8
遠征,202602010410,2勝クラス,ダ,クリノキングマン,9
遠征,202602010411,3勝クラス,芝,アスティスプマンテ,1
遠征,202602010411,3勝クラス,芝,トールキン,10
遠征,202602010411,3勝クラス,芝,ドゥアムール,11
遠征,202602010411,3勝クラス,芝,メルトユアハート,13
遠征,202602010411,3勝クラス,芝,ダークエクリプス,14
遠征,202603010111,OP,ダ,タガノミスト,2
遠征,202603010111,OP,ダ,スナークラファエロ,3
遠征,202603010111,OP,ダ,レイナデアルシーラ,4
遠征,202603010111,OP,ダ,カンピオーネ,5
遠征,202603010111,OP,ダ,ホールシバン,6
遠征,202603010111,OP,ダ,コトホドサヨウニ,8
遠征,202603010111,OP,ダ,ミッキークレスト,9
遠征,202603010111,OP,ダ,レアンダー,14
遠征,202603010111,OP,ダ,ダンツエラン,15
遠征,202603010210,2勝クラス,ダ,イマージョン,1
遠征,202603010210,2勝クラス,ダ,セントールビースト,2
遠征,202603010210,2勝クラス,ダ,パールフロント,7
遠征,202603010210,2勝クラス,ダ,アメリカンチケット,11
遠征,202603010210,2勝クラス,ダ,ヒルノピレネー,12
遠征,202603010210,2勝クラス,ダ,ディーエスショウマ,13
遠征,202603010210,2勝クラス,ダ,フレッシュラン,16
遠征,202603010211,OP,芝,ガイアメンテ,2
遠征,202603010211,OP,芝,シルトホルン,3
遠征,202603010211,OP,芝,リビアングラス,5
遠征,202603010211,OP,芝,バレエマスター,7
遠征,202603010211,OP,芝,ラインベック,8
遠征,202603010211,OP,芝,バルナバ,9
遠征,202603010211,OP,芝,ダンディズム,10
遠征,202603010211,OP,芝,ウインシュクラン,15
遠征,202603010311,2勝クラス,ダ,メイショウカシワデ,1
遠征,202603010311,2勝クラス,ダ,ホウショウマリス,3
遠征,202603010311,2勝クラス,ダ,ライフゲート,4
遠征,202603010311,2勝クラス,ダ,ラマンシュ,5
遠征,202603010311,2勝クラス,ダ,ステラスプレンダー,13
遠征,202603010311,2勝クラス,ダ,モレポブラーノ,14
遠征,202603010311,2勝クラス,ダ,クリノキングマン,15
遠征,202603010410,2勝クラス,芝,ベイラム,3
遠征,202603010410,2勝クラス,芝,スズカミエール,5
遠征,202603010410,2勝クラス,芝,コリカンチャ,11
遠征,202603010411,重賞,芝,コガネノソラ,1
遠征,202603010411,重賞,芝,ケリフレッドアスク,4
遠征,202603010411,重賞,芝,テレサ,5
遠征,202603010411,重賞,芝,パラディレーヌ,8
遠征,202603010411,重賞,芝,ブラウンラチェット,11
遠征,202603010411,重賞,芝,エラトー,13
遠征,202603010411,重賞,芝,レディマリオン,14
遠征,202603010411,重賞,芝,ミッキーゴージャス,16
遠征,202603010510,2勝クラス,芝,ウィンストン,1
遠征,202603010510,2勝クラス,芝,セントールビースト,3
遠征,202603010510,2勝クラス,芝,クイーンズデイ,4
遠征,202603010510,2勝クラス,芝,ヴェントゥーラ,5
遠征,202603010510,2勝クラス,芝,インブロリオ,8
遠征,202603010510,2勝クラス,芝,バシレウスシチー,9
遠征,202603010510,2勝クラス,芝,モズトキキ,10
遠征,202603010510,2勝クラス,芝,シュブロンレーヴル,11
遠征,202603010510,2勝クラス,芝,マイネルラッシュ,12
遠征,202603010510,2勝クラス,芝,マテンロウボンド,15
遠征,202603010510,2勝クラス,芝,タガノスペルノヴァ,16
遠征,202603010511,3勝クラス,ダ,プレゼンティーア,1
遠征,202603010511,3勝クラス,ダ,キタノソワレ,4
遠征,202603010511,3勝クラス,ダ,イマージョン,9
遠征,202603010511,3勝クラス,ダ,ジェネラーレ,10
遠征,202603010610,2勝クラス,ダ,グランキングオー,1
遠征,202603010610,2勝クラス,ダ,セボンサデッセ,2
遠征,202603010610,2勝クラス,ダ,ジュンラトゥール,3
遠征,202603010610,2勝クラス,ダ,ギマール,4
遠征,202603010610,2勝クラス,ダ,マーウォルス,6
遠征,202603010610,2勝クラス,ダ,キングツェッペリン,10
遠征,202603010610,2勝クラス,ダ,スマートプレシャス,14
遠征,202603010610,2勝クラス,ダ,トーレ,15
遠征,202603010611,OP,芝,レッドアヴァンティ,2
遠征,202603010611,OP,芝,シュタールヴィント,4
遠征,202603010611,OP,芝,ショウナンハクラク,5
遠征,202603010611,OP,芝,マイネルレノン,7
遠征,202603010611,OP,芝,モズナナスター,9
遠征,202603010611,OP,芝,ムイ,10
遠征,202603010611,OP,芝,ナムラローズマリー,11
遠征,202603010611,OP,芝,イツモニコニコ,12
遠征,202603010611,OP,芝,ナナオ,13
遠征,202603010611,OP,芝,テイエムリステット,15
遠征,202604010110,2勝クラス,芝,マイネルフルムーン,1
遠征,202604010110,2勝クラス,芝,ナイトスラッガー,5
遠征,202604010110,2勝クラス,芝,ジャルディニエ,8
遠征,202604010110,2勝クラス,芝,バガン,9
遠征,202604010110,2勝クラス,芝,ラブリーリディア,14
遠征,202604010111,3勝クラス,ダ,クインズショコラ,1
遠征,202604010111,3勝クラス,ダ,エルフストラック,2
遠征,202604010111,3勝クラス,ダ,ウィンターダフネ,3
遠征,202604010111,3勝クラス,ダ,ハワイアンティアレ,8
遠征,202604010111,3勝クラス,ダ,ツキノアカリ,9
遠征,202604010111,3勝クラス,ダ,ルージュミラージュ,10
遠征,202604010111,3勝クラス,ダ,サイモンブーケ,13
遠征,202604010111,3勝クラス,ダ,モズカトレア,14
遠征,202604010111,3勝クラス,ダ,トウカイポワール,15
遠征,202604010209,2勝クラス,ダ,ステアハート,3
遠征,202604010209,2勝クラス,ダ,メイショウリリー,4
遠征,202604010209,2勝クラス,ダ,サイモンコーラル,5
遠征,202604010209,2勝クラス,ダ,プウスカンドゥール,7
遠征,202604010209,2勝クラス,ダ,マハナ,8
遠征,202604010209,2勝クラス,ダ,サンコンクエスト,10
遠征,202604010209,2勝クラス,ダ,フローラルセント,12
遠征,202604010210,2勝クラス,芝,カウンターセブン,1
遠征,202604010210,2勝クラス,芝,スペルキャスター,5
遠征,202604010210,2勝クラス,芝,リリーフィールド,6
遠征,202604010210,2勝クラス,芝,タミゼ,9
遠征,202604010210,2勝クラス,芝,ララアヴリル,11
遠征,202604010210,2勝クラス,芝,ペイシャヴァルツー,12
遠征,202604010211,OP,ダ,ショウナンアビアス,3
遠征,202604010211,OP,ダ,ポールセン,4
遠征,202604010211,OP,ダ,エティエンヌ,6
遠征,202604010211,OP,ダ,エコロガイア,8
遠征,202604010211,OP,ダ,ルディック,10
遠征,202604010211,OP,ダ,ボディブロー,13
遠征,202604010211,OP,ダ,レアンダー,14
遠征,202604010311,3勝クラス,芝,ロードトレイル,2
遠征,202604010311,3勝クラス,芝,トールキン,4
遠征,202604010311,3勝クラス,芝,ベイビーキッス,9
遠征,202604010311,3勝クラス,芝,カウンターセブン,10
遠征,202604010311,3勝クラス,芝,ジュンヴァンケット,15
遠征,202604010410,2勝クラス,ダ,マンオブザマッチ,1
遠征,202604010410,2勝クラス,ダ,モモンウールー,3
遠征,202604010410,2勝クラス,ダ,フラッシング,6
遠征,202604010410,2勝クラス,ダ,エクストラノート,9
遠征,202604010410,2勝クラス,ダ,エイカイソウル,10
遠征,202604010410,2勝クラス,ダ,タガノマルアフ,11
遠征,202604010410,2勝クラス,ダ,オリエンタルナイト,14
遠征,202604010411,OP,芝,マサノカナリア,3
遠征,202604010411,OP,芝,ビーアストニッシド,7
遠征,202604010411,OP,芝,グレイイングリーン,8
遠征,202604010411,OP,芝,アルテヴェローチェ,10
遠征,202604010411,OP,芝,クランフォード,11
遠征,202604010411,OP,芝,ナムラアトム,12
遠征,202604010411,OP,芝,シンフォーエバー,13
遠征,202604010510,2勝クラス,ダ,アークドール,1
遠征,202604010510,2勝クラス,ダ,ディアウス,2
遠征,202604010510,2勝クラス,ダ,テルアスワッド,4
遠征,202604010510,2勝クラス,ダ,プラニスフェリオ,5
遠征,202604010510,2勝クラス,ダ,カレンワッツアップ,7
遠征,202604010510,2勝クラス,ダ,スマートスピア,8
遠征,202604010510,2勝クラス,ダ,ソニックステップ,9
遠征,202604010511,重賞,芝,バレエマスター,2
遠征,202604010511,重賞,芝,セキトバイースト,7
遠征,202604010511,重賞,芝,ホールネス,8
遠征,202604010511,重賞,芝,ラインベック,12
遠征,202604010511,重賞,芝,サフィラ,13
遠征,202604010511,重賞,芝,シュガークン,15
遠征,202604010610,2勝クラス,芝,ジェットブレード,6
遠征,202604010610,2勝クラス,芝,ハイディージェン,8
遠征,202604010610,2勝クラス,芝,バンフィエルド,9
遠征,202604010610,2勝クラス,芝,ホウオウレイヴン,10
遠征,202604010610,2勝クラス,芝,フルレゾン,13
遠征,202604010611,3勝クラス,芝,ドラゴンヘッド,4
遠征,202604010611,3勝クラス,芝,ワイドアラジン,6
遠征,202604010611,3勝クラス,芝,バッデレイト,7
遠征,202604010611,3勝クラス,芝,ミナデオロ,8
遠征,202604010611,3勝クラス,芝,ピンキープロミス,9
遠征,202604010611,3勝クラス,芝,ミエスペランサ,13
遠征,202604010611,3勝クラス,芝,マイエレメント,14
遠征,202604010711,2勝クラス,芝,ヒーローインチーフ,4
遠征,202604010711,2勝クラス,芝,フォティック,6
遠征,202604010711,2勝クラス,芝,イグニション,10
遠征,202604010711,2勝クラス,芝,ブルボンクイーン,11
遠征,202604010711,2勝クラス,芝,メイショウミリオレ,12
遠征,202604010711,2勝クラス,芝,スペルキャスター,15
遠征,202604010810,2勝クラス,ダ,セルヴァンス,2
遠征,202604010810,2勝クラス,ダ,ミスエル,4
遠征,202604010810,2勝クラス,ダ,シルフズミスチーフ,7
遠征,202604010810,2勝クラス,ダ,ゲーベル,8
遠征,202604010810,2勝クラス,ダ,ビッグドリーム,10
遠征,202604010810,2勝クラス,ダ,キングクー,11
遠征,202604010810,2勝クラス,ダ,ダズリングダンス,13
遠征,202604010810,2勝クラス,ダ,バンディート,14
遠征,202604010811,OP,芝,モズナナスター,3
遠征,202604010811,OP,芝,ナスノカンゲツ,8
遠征,202604010811,OP,芝,テイエムスパーダ,11
遠征,202604010811,OP,芝,ベイビーキッス,12
遠征,202605010108,2勝クラス,ダ,ペイシャケイプ,1
遠征,202605010108,2勝クラス,ダ,アスクアイルビゼア,2
遠征,202605010108,2勝クラス,ダ,ゴールデンカイト,5
遠征,202605010109,3勝クラス,ダ,ヴィヴァン,1
遠征,202605010109,3勝クラス,ダ,ワイドブリザード,4
遠征,202605010109,3勝クラス,ダ,タイゲン,14
遠征,202605010109,3勝クラス,ダ,ヒルノハンブルク,16
遠征,202605010110,OP,芝,アスミル,4
遠征,202605010110,OP,芝,トミーバローズ,5
遠征,202605010110,OP,芝,グッドピース,9
遠征,202605010110,OP,芝,フレンドモナコ,11
遠征,202605010111,OP,芝,ダノンシーマ,1
遠征,202605010111,OP,芝,ヴィレム,2
遠征,202605010111,OP,芝,ピースワンデュック,5
遠征,202605010111,OP,芝,キングズパレス,6
遠征,202605010111,OP,芝,オーロラエックス,9
遠征,202605010207,2勝クラス,芝,ログラール,1
遠征,202605010207,2勝クラス,芝,ナイトスラッガー,5
遠征,202605010207,2勝クラス,芝,メディテラニアン,8
遠征,202605010207,2勝クラス,芝,コスモエクスプレス,9
遠征,202605010208,2勝クラス,ダ,ジーティーダーリン,1
遠征,202605010208,2勝クラス,ダ,テーオーマルコーニ,3
遠征,202605010208,2勝クラス,ダ,シャンバラ,7
遠征,202605010208,2勝クラス,ダ,タッチャブル,9
遠征,202605010208,2勝クラス,ダ,ダディーズトリップ,10
遠征,202605010210,3勝クラス,芝,アンダースコア,3
遠征,202605010210,3勝クラス,芝,スマートワイス,4
遠征,202605010210,3勝クラス,芝,アイサンサン,6
遠征,202605010210,3勝クラス,芝,バンドシェル,7
遠征,202605010210,3勝クラス,芝,モンテシート,8
遠征,202605010210,3勝クラス,芝,リチャードバローズ,15
遠征,202605010211,重賞,ダ,ダノンフィーゴ,3
遠征,202605010211,重賞,ダ,オメガギネス,4
遠征,202605010211,重賞,ダ,マピュース,5
遠征,202605010211,重賞,ダ,インユアパレス,9
遠征,202605010211,重賞,ダ,アルファマム,13
遠征,202605010508,2勝クラス,ダ,コスモストーム,8
遠征,202605010508,2勝クラス,ダ,マイティマイティー,9
遠征,202605010508,2勝クラス,ダ,ジャズ,15
遠征,202605010509,2勝クラス,芝,サトノスカイターフ,8
遠征,202605010510,3勝クラス,ダ,ストレングス,1
遠征,202605010510,3勝クラス,ダ,メイショウハチロー,2
遠征,202605010510,3勝クラス,ダ,レイズカイザー,9
遠征,202605010511,重賞,芝,レディーゴール,8
遠征,202605010511,重賞,芝,ギャラボーグ,9
遠征,202605010511,重賞,芝,タイムレスキス,12
遠征,202605010608,2勝クラス,芝,フェイト,2
遠征,202605010608,2勝クラス,芝,ワンモアスマイル,12
遠征,202605010608,2勝クラス,芝,トロピカルヒーロー,13
遠征,202605010609,3勝クラス,芝,アンダースコア,2
遠征,202605010609,3勝クラス,芝,ミッキースピネル,3
遠征,202605010609,3勝クラス,芝,エイムフォーエース,12
遠征,202605010609,3勝クラス,芝,コスモエスパーダ,16
遠征,202605010610,OP,ダ,ドンインザムード,2
遠征,202605010610,OP,ダ,ノーブルロジャー,9
遠征,202605010610,OP,ダ,フリームファクシ,10
遠征,202605010610,OP,ダ,エストレヤデベレン,11
遠征,202605010611,重賞,芝,ベレシート,2
遠征,202605010611,重賞,芝,イージーライダー,8
遠征,202605010612,2勝クラス,ダ,ストーンズ,3
遠征,202605010612,2勝クラス,ダ,フィドルファドル,7
遠征,202605010612,2勝クラス,ダ,ウルスクローム,13
遠征,202605010708,2勝クラス,芝,ジッピーレーサー,12
遠征,202605010710,3勝クラス,ダ,レッドプロフェシー,1
遠征,202605010710,3勝クラス,ダ,パカーラン,3
遠征,202605010710,3勝クラス,ダ,ジーティーダーリン,14
遠征,202605010710,3勝クラス,ダ,アーマルコライト,16
遠征,202605010711,重賞,芝,ブレイヴロッカー,3
遠征,202605010711,重賞,芝,ヴェルテンベルク,4
遠征,202605010711,重賞,芝,レッドバリエンテ,6
遠征,202605010711,重賞,芝,ヴォランテ,8
遠征,202605010711,重賞,芝,トータルクラリティ,14
遠征,202605010807,2勝クラス,ダ,アカデミア,1
遠征,202605010807,2勝クラス,ダ,ドラゴン,4
遠征,202605010807,2勝クラス,ダ,ブルーワール,9
遠征,202605010807,2勝クラス,ダ,スマートシーカー,13
遠征,202605010808,2勝クラス,芝,フェアリーライク,6
遠征,202605010808,2勝クラス,芝,ジュンゴールド,14
遠征,202605010808,2勝クラス,芝,ジオパーククラウン,15
遠征,202605010809,OP,ダ,ボクマダネムイヨ,4
遠征,202605010809,OP,ダ,シーズザスローン,7
遠征,202605010809,OP,ダ,サマーマッドネス,9
遠征,202605010810,3勝クラス,芝,ログラール,4
遠征,202605010810,3勝クラス,芝,ウイントレメンデス,8
遠征,202605010810,3勝クラス,芝,ライトトラック,9
遠征,202605010811,重賞,ダ,ダブルハートボンド,3
遠征,202605010811,重賞,ダ,ブライアンセンス,4
遠征,202605010811,重賞,ダ,ラムジェット,8
遠征,202605010811,重賞,ダ,ロードクロンヌ,11
遠征,202605010811,重賞,ダ,ロングラン,14
遠征,202605010811,重賞,ダ,サイモンザナドゥ,15
遠征,202605010812,2勝クラス,ダ,アスクアイルビゼア,1
遠征,202605010812,2勝クラス,ダ,トラヴェリンバンド,11
遠征,202605010812,2勝クラス,ダ,ヤマニンバロネス,14
遠征,202605020109,2勝クラス,芝,オメガインペリアル,4
遠征,202605020109,2勝クラス,芝,レベルスルール,7
遠征,202605020110,3勝クラス,ダ,メイショウハチロー,2
遠征,202605020110,3勝クラス,ダ,レーウィン,6
遠征,202605020111,重賞,芝,ゴーイントゥスカイ,1
遠征,202605020111,重賞,芝,ブラックオリンピア,3
遠征,202605020111,重賞,芝,サガルマータ,6
遠征,202605020111,重賞,芝,シャドウマスター,8
遠征,202605020111,重賞,芝,カットソロ,9
遠征,202605020111,重賞,芝,ヨカオウ,15
遠征,202605020112,2勝クラス,ダ,バロンドール,3
遠征,202605020112,2勝クラス,ダ,スーパージョック,8
遠征,202605020208,2勝クラス,芝,エイヨーアメジスト,4
遠征,202605020208,2勝クラス,芝,キャッスルレイク,5
遠征,202605020208,2勝クラス,芝,ライツユーアップ,9
遠征,202605020209,3勝クラス,芝,カンシン,1
遠征,202605020209,3勝クラス,芝,モンシュマン,4
遠征,202605020209,3勝クラス,芝,フォルテム,5
遠征,202605020209,3勝クラス,芝,セシリエプラージュ,6
遠征,202605020209,3勝クラス,芝,モンテシート,7
遠征,202605020209,3勝クラス,芝,ヨウシタンレイ,9
遠征,202605020209,3勝クラス,芝,チューラワンサ,12
遠征,202605020209,3勝クラス,芝,リチャードバローズ,13
遠征,202605020209,3勝クラス,芝,ウナギノボリ,14
遠征,202605020210,OP,ダ,テーオーパスワード,2
遠征,202605020210,OP,ダ,ナイトアクアリウム,3
遠征,202605020210,OP,ダ,トリリオンボーイ,12
遠征,202605020210,OP,ダ,ジャスティンスカイ,14
遠征,202605020210,OP,ダ,プロトポロス,15
遠征,202605020211,重賞,芝,リアライズルミナス,3
遠征,202605020211,重賞,芝,エイシンウィスパー,4
遠征,202605020211,重賞,芝,ペイシャシス,8
遠征,202605020211,重賞,芝,ペンダント,11
遠征,202605020212,2勝クラス,ダ,レーティッシュ,2
遠征,202605020212,2勝クラス,ダ,リメンバーヒム,8
遠征,202605020212,2勝クラス,ダ,ボルセーナ,9
遠征,202605020212,2勝クラス,ダ,ラピダリア,12
遠征,202605020212,2勝クラス,ダ,フィリップ,13
遠征,202605020308,2勝クラス,芝,アルマデオロ,3
遠征,202605020308,2勝クラス,芝,サトノソティラス,4
遠征,202605020309,3勝クラス,ダ,ギュルヴィ,2
遠征,202605020309,3勝クラス,ダ,アカデミア,3
遠征,202605020309,3勝クラス,ダ,パカーラン,5
遠征,202605020309,3勝クラス,ダ,ビップスコーピオン,10
遠征,202605020310,OP,芝,アストリル,5
遠征,202605020310,OP,芝,ベルサンローラン,8
遠征,202605020310,OP,芝,レディーゴール,9
遠征,202605020310,OP,芝,ラヴィニール,11
遠征,202605020311,重賞,芝,ワールズエンド,1
遠征,202605020311,重賞,芝,マイネルチケット,3
遠征,202605020311,重賞,芝,ラケマーダ,4
遠征,202605020311,重賞,芝,キープカルム,6
遠征,202605020311,重賞,芝,ワイドラトゥール,7
遠征,202605020311,重賞,芝,ヤブサメ,10
遠征,202605020311,重賞,芝,カンチェンジュンガ,12
遠征,202605020311,重賞,芝,ララマセラシオン,13
遠征,202605020311,重賞,芝,ダノンマッキンリー,15
遠征,202605020311,重賞,芝,ウイントワイライト,16
遠征,202605020311,重賞,芝,アサカラキング,18
遠征,202605020312,2勝クラス,ダ,ライフゲート,3
遠征,202605020312,2勝クラス,ダ,グラフィティアート,7
遠征,202605020312,2勝クラス,ダ,サンダーロード,8
遠征,202605020312,2勝クラス,ダ,レッドダンルース,9
遠征,202605020408,2勝クラス,芝,ホークマン,7
遠征,202605020408,2勝クラス,芝,ダノンブギ,8
遠征,202605020408,2勝クラス,芝,ハリウッドパーク,9
遠征,202605020409,3勝クラス,芝,キャントウェイト,3
遠征,202605020409,3勝クラス,芝,ヴァリディシームス,8
遠征,202605020409,3勝クラス,芝,ミッキーゴールド,10
遠征,202605020409,3勝クラス,芝,エゾダイモン,11
遠征,202605020409,3勝クラス,芝,イケイケドンドン,13
遠征,202605020409,3勝クラス,芝,チルカーノ,15
遠征,202605020410,OP,ダ,タイトニット,1
遠征,202605020410,OP,ダ,レッドプロフェシー,2
遠征,202605020410,OP,ダ,ハギノサステナブル,5
遠征,202605020410,OP,ダ,ロードプレジール,6
遠征,202605020410,OP,ダ,リアレスト,7
遠征,202605020410,OP,ダ,クールミラボー,8
遠征,202605020410,OP,ダ,ゼットリアン,9
遠征,202605020410,OP,ダ,メイショウユズルハ,10
遠征,202605020410,OP,ダ,メイショウズイウン,11
遠征,202605020410,OP,ダ,メイショウフンジン,14
遠征,202605020411,OP,芝,レッドラージャ,5
遠征,202605020411,OP,芝,ミッキージャンプ,7
遠征,202605020411,OP,芝,ボンドマティーニ,14
遠征,202605020412,2勝クラス,ダ,シルフズミスチーフ,4
遠征,202605020412,2勝クラス,ダ,フォーワンセルフ,12
遠征,202605020508,2勝クラス,芝,カリーニョ,3
遠征,202605020508,2勝クラス,芝,コスタデラルス,8
遠征,202605020509,3勝クラス,芝,アウフヘーベン,2
遠征,202605020509,3勝クラス,芝,コルレオニス,5
遠征,202605020509,3勝クラス,芝,チャンネルトンネル,9
遠征,202605020510,OP,ダ,チュウワカーネギー,4
遠征,202605020510,OP,ダ,メイショウバルク,10
遠征,202605020510,OP,ダ,アンヘリータス,12
遠征,202605020510,OP,ダ,サンライズケヴィン,14
遠征,202605020511,重賞,芝,センツブラッド,10
遠征,202605020511,重賞,芝,サブマリーナ,11
遠征,202605020511,重賞,芝,エピファニー,13
遠征,202605020511,重賞,芝,オニャンコポン,15
遠征,202605020512,2勝クラス,ダ,フィドルファドル,2
遠征,202605020512,2勝クラス,ダ,アクアマリーナ,5
遠征,202605020512,2勝クラス,ダ,ホウショウマリス,6
遠征,202605020512,2勝クラス,ダ,ワイノナオミ,10
遠征,202605020512,2勝クラス,ダ,レディゴディヴァ,11
遠征,202605020512,2勝クラス,ダ,ヴァリオーサ,12
遠征,202605020512,2勝クラス,ダ,オカメノコイ,13
遠征,202605020512,2勝クラス,ダ,ラヴァブル,14
遠征,202605020609,2勝クラス,ダ,タイセイカイザー,2
遠征,202605020609,2勝クラス,ダ,ドゥラエテルノ,3
遠征,202605020609,2勝クラス,ダ,タッチャブル,8
遠征,202605020610,OP,芝,ウエストナウ,1
遠征,202605020610,OP,芝,シャイニングソード,2
遠征,202605020610,OP,芝,マイネルケレリウス,4
遠征,202605020610,OP,芝,ドクタードリトル,5
遠征,202605020610,OP,芝,ゴールデンスナップ,6
遠征,202605020610,OP,芝,マイネルメモリー,8
遠征,202605020610,OP,芝,コパノサントス,12
遠征,202605020611,重賞,芝,ローベルクランツ,4
遠征,202605020611,重賞,芝,ダイヤモンドノット,5
遠征,202605020611,重賞,芝,レザベーション,6
遠征,202605020611,重賞,芝,サンダーストラック,7
遠征,202605020611,重賞,芝,アンドゥーリル,8
遠征,202605020611,重賞,芝,バルセシート,10
遠征,202605020611,重賞,芝,カヴァレリッツォ,12
遠征,202605020612,3勝クラス,ダ,ルージュスタニング,1
遠征,202605020612,3勝クラス,ダ,メイショウポペット,10
遠征,202605020612,3勝クラス,ダ,フラムリンガム,11
遠征,202605020612,3勝クラス,ダ,オンザライン,13
遠征,202605020612,3勝クラス,ダ,ノーブルスカイ,15
遠征,202605020709,2勝クラス,芝,ラビットアイ,4
遠征,202605020709,2勝クラス,芝,ルクスジニア,5
遠征,202605020709,2勝クラス,芝,ウィルサヴァイブ,6
遠征,202605020709,2勝クラス,芝,マドモアゼルアスク,7
遠征,202605020709,2勝クラス,芝,レッセパッセ,8
遠征,202605020710,2勝クラス,ダ,レーティッシュ,3
遠征,202605020710,2勝クラス,ダ,トーレ,12
遠征,202605020711,3勝クラス,芝,キングスコール,1
遠征,202605020711,3勝クラス,芝,ウインルーティン,5
遠征,202605020711,3勝クラス,芝,リンフレスカンテ,10
遠征,202605020711,3勝クラス,芝,ハギノアルデバラン,13
遠征,202605020711,3勝クラス,芝,エイカイマッケンロ,15
遠征,202605020809,2勝クラス,芝,オリバナム,2
遠征,202605020809,2勝クラス,芝,ミッキースターダム,3
遠征,202605020809,2勝クラス,芝,ジーティーマン,4
遠征,202605020810,2勝クラス,ダ,キングツェッペリン,3
遠征,202605020810,2勝クラス,ダ,ケイアイアルタイル,8
遠征,202605020810,2勝クラス,ダ,サンダーロード,15
遠征,202605020811,重賞,芝,エンブロイダリー,1
遠征,202605020811,重賞,芝,カムニャック,2
遠征,202605020811,重賞,芝,クイーンズウォーク,3
遠征,202605020811,重賞,芝,ココナッツブラウン,5
遠征,202605020811,重賞,芝,ラヴァンダ,7
遠征,202605020811,重賞,芝,マピュース,9
遠征,202605020811,重賞,芝,パラディレーヌ,12
遠征,202605020811,重賞,芝,アイサンサン,13
遠征,202605020811,重賞,芝,ワイドラトゥール,15
遠征,202605020812,3勝クラス,ダ,ラファル,1
遠征,202605020812,3勝クラス,ダ,スニーカースキル,3
遠征,202605020812,3勝クラス,ダ,アスクアイルビゼア,4
遠征,202605020812,3勝クラス,ダ,コーラルクラウン,11
遠征,202605020812,3勝クラス,ダ,トゥロン,12
遠征,202605020812,3勝クラス,ダ,メイケイレイン,13
遠征,202605020910,2勝クラス,芝,シャイフ,1
遠征,202605020910,2勝クラス,芝,チムグクル,2
遠征,202605020910,2勝クラス,芝,モズトキキ,9
遠征,202605020910,2勝クラス,芝,ペイドラロワール,14
遠征,202605020910,2勝クラス,芝,ラブディーヴァ,16
遠征,202605020911,OP,ダ,ノーブルロジャー,3
遠征,202605020911,OP,ダ,ワイワイレジェンド,4
遠征,202605020911,OP,ダ,フェルヴェンテ,6
遠征,202605020911,OP,ダ,ニシキギミッチー,7
遠征,202605020911,OP,ダ,ストレングス,10
遠征,202605020911,OP,ダ,スカイロケット,12
遠征,202605020911,OP,ダ,スマートサニー,14
遠征,202605020912,2勝クラス,ダ,マジックローズ,2
遠征,202605020912,2勝クラス,ダ,エターナルプロミス,6
遠征,202605020912,2勝クラス,ダ,ルトゥール,7
遠征,202605020912,2勝クラス,ダ,レーヴドレフォン,11
遠征,202605020912,2勝クラス,ダ,オーケアニス,16
遠征,202605021008,2勝クラス,ダ,バロンドール,4
遠征,202605021008,2勝クラス,ダ,ライフゲート,13
遠征,202605021008,2勝クラス,ダ,サンコンクエスト,16
遠征,202605021009,2勝クラス,芝,バガン,6
遠征,202605021010,3勝クラス,芝,レッドエヴァンス,1
遠征,202605021010,3勝クラス,芝,スカイハイ,5
遠征,202605021010,3勝クラス,芝,エイムフォーエース,10
遠征,202605021010,3勝クラス,芝,ユハンヌス,11
遠征,202605021010,3勝クラス,芝,モーデン,13
遠征,202605021011,重賞,芝,ジュウリョクピエロ,1
遠征,202605021011,重賞,芝,リアライズルミナス,4
遠征,202605021011,重賞,芝,スウィートハピネス,5
遠征,202605021011,重賞,芝,レイクラシック,6
遠征,202605021011,重賞,芝,アランカール,8
遠征,202605021011,重賞,芝,アンジュドジョワ,9
遠征,202605021011,重賞,芝,トリニティ,10
遠征,202605021011,重賞,芝,ロングトールサリー,11
遠征,202605021011,重賞,芝,スターアニス,12
遠征,202605021011,重賞,芝,ソルパッサーレ,13
遠征,202605021012,3勝クラス,ダ,ギュルヴィ,1
遠征,202605021012,3勝クラス,ダ,ロカヒ,3
遠征,202605021012,3勝クラス,ダ,ビップスコーピオン,7
遠征,202605021012,3勝クラス,ダ,パカーラン,8
遠征,202605021109,2勝クラス,ダ,フィドルファドル,2
遠征,202605021109,2勝クラス,ダ,アクアマリーナ,3
遠征,202605021109,2勝クラス,ダ,ダイシンリンク,6
遠征,202605021109,2勝クラス,ダ,ジェミート,9
遠征,202605021109,2勝クラス,ダ,ウインアルドーレ,14
遠征,202605021110,2勝クラス,芝,ジーティーマン,2
遠征,202605021110,2勝クラス,芝,ダガーリング,3
遠征,202605021110,2勝クラス,芝,スナークピカソ,7
遠征,202605021110,2勝クラス,芝,ビッグデイメイク,11
遠征,202605021111,OP,ダ,テーオーパスワード,1
遠征,202605021111,OP,ダ,ジンセイ,2
遠征,202605021111,OP,ダ,ナイトアクアリウム,5
遠征,202605021111,OP,ダ,キタノズエッジ,6
遠征,202605021111,OP,ダ,マーブルロック,8
遠征,202605021111,OP,ダ,ケイアイシェルビー,12
遠征,202605021111,OP,ダ,スナークラファエロ,14
遠征,202605021111,OP,ダ,ゴートゥファースト,16
遠征,202605021112,2勝クラス,ダ,タイセイカイザー,1
遠征,202605021112,2勝クラス,ダ,レッドリベルタ,3
遠征,202605021208,2勝クラス,芝,アスクデッドヒート,5
遠征,202605021208,2勝クラス,芝,ショウナンガチ,8
遠征,202605021208,2勝クラス,芝,プリズマジコ,10
遠征,202605021208,2勝クラス,芝,ダノンカゼルタ,12
遠征,202605021208,2勝クラス,芝,バンフィエルド,13
遠征,202605021209,3勝クラス,ダ,ジョディーズマロン,4
遠征,202605021209,3勝クラス,ダ,ヘルモーズ,7
遠征,202605021209,3勝クラス,ダ,ダノンスウィッチ,8
遠征,202605021209,3勝クラス,ダ,ホルトバージ,10
遠征,202605021209,3勝クラス,ダ,クァンタムウェーブ,14
遠征,202605021210,3勝クラス,芝,マイネルフルムーン,7
遠征,202605021210,3勝クラス,芝,テーオーダグラス,8
遠征,202605021210,3勝クラス,芝,ドットクルー,10
遠征,202605021210,3勝クラス,芝,キングメーカー,13
遠征,202605021210,3勝クラス,芝,レディーミコノス,15
遠征,202605021210,3勝クラス,芝,ゲンパチムサシ,17
遠征,202605021211,重賞,芝,マテンロウゲイル,5
遠征,202605021211,重賞,芝,アルトラムス,6
遠征,202605021211,重賞,芝,コンジェスタス,9
遠征,202605021211,重賞,芝,エムズビギン,14
遠征,202605021211,重賞,芝,ジャスティンビスタ,18
遠征,202605021212,OP,芝,ダノンシーマ,3
遠征,202605021212,OP,芝,ミラージュナイト,4
遠征,202605021212,OP,芝,キングスコール,5
遠征,202605021212,OP,芝,キングズパレス,7
遠征,202605021212,OP,芝,マイネルケレリウス,8
遠征,202605021212,OP,芝,アマキヒ,9
遠征,202605021212,OP,芝,ヴェルミセル,12
遠征,202605021212,OP,芝,ギャンブルルーム,14
遠征,202605030411,OP,芝,マイネルチケット,1
遠征,202605030411,OP,芝,ショウナンザナドゥ,2
遠征,202605030411,OP,芝,クルゼイロドスル,4
遠征,202605030411,OP,芝,マサノカナリア,7
遠征,202605030411,OP,芝,ラケマーダ,8
遠征,202605030411,OP,芝,グレイイングリーン,9
遠征,202605030609,2勝クラス,ダ,フィドルファドル,3
遠征,202605030609,2勝クラス,ダ,シホノペルフェット,11
遠征,202605030609,2勝クラス,ダ,アクアマリーナ,12
遠征,202605030610,3勝クラス,芝,ラーンザロープス,1
遠征,202605030610,3勝クラス,芝,モンシュマン,6
遠征,202605030610,3勝クラス,芝,ユハンヌス,11
遠征,202605030610,3勝クラス,芝,セシリエプラージュ,12
遠征,202605030610,3勝クラス,芝,ウナギノボリ,15
遠征,202605030611,重賞,芝,セキトバイースト,1
遠征,202605030611,重賞,芝,ウイントワイライト,2
遠征,202605030611,重賞,芝,コガネノソラ,5
遠征,202605030611,重賞,芝,ホールネス,6
遠征,202605030611,重賞,芝,ブラウンラチェット,7
遠征,202605030611,重賞,芝,パラディレーヌ,9
遠征,202605030611,重賞,芝,ビップデイジー,11
遠征,202605030611,重賞,芝,ルージュソリテール,12
遠征,202605030611,重賞,芝,テレサ,15
遠征,202606010109,3勝クラス,ダ,アスクデビューモア,1
遠征,202606010109,3勝クラス,ダ,カネトシブルーム,8
遠征,202606010109,3勝クラス,ダ,アンジュフィールド,11
遠征,202606010110,OP,芝,フレンドモナコ,8
遠征,202606010111,重賞,芝,ピースワンデュック,5
遠征,202606010111,重賞,芝,ウエストナウ,11
遠征,202606010308,2勝クラス,ダ,スマートカイロス,6
遠征,202606010310,2勝クラス,芝,マテンロウブラボー,1
遠征,202606010310,2勝クラス,芝,ミトノオルフェ,4
遠征,202606010310,2勝クラス,芝,アンジョルラス,7
遠征,202606010310,2勝クラス,芝,ワンモアスマイル,11
遠征,202606010310,2勝クラス,芝,エールトゥヘヴン,13
遠征,202606010310,2勝クラス,芝,ホークマン,15
遠征,202606010311,3勝クラス,芝,マイユニバース,2
遠征,202606010311,3勝クラス,芝,オールセインツ,4
遠征,202606010311,3勝クラス,芝,マイネルラウレア,7
遠征,202606010311,3勝クラス,芝,ロードオールライト,8
遠征,202606010311,3勝クラス,芝,イケイケドンドン,15
遠征,202606010409,2勝クラス,芝,ジャルディニエ,7
遠征,202606010409,2勝クラス,芝,ビッグデイメイク,13
遠征,202606010410,OP,ダ,カゼノランナー,1
遠征,202606010410,OP,ダ,リチュアル,3
遠征,202606010410,OP,ダ,ハギノサステナブル,4
遠征,202606010410,OP,ダ,ミスティックロア,6
遠征,202606010410,OP,ダ,ポッドロゴ,7
遠征,202606010410,OP,ダ,バスタードサフラン,11
遠征,202606010410,OP,ダ,ラインオブソウル,15
遠征,202606010412,2勝クラス,ダ,ロードトレゾール,3
遠征,202606010412,2勝クラス,ダ,メイショウドライブ,7
遠征,202606010412,2勝クラス,ダ,アスタールフナ,10
遠征,202606010608,2勝クラス,ダ,カツラノキサノキ,5
遠征,202606010608,2勝クラス,ダ,トロピカルヒーロー,10
遠征,202606010608,2勝クラス,ダ,フレイミングパイ,13
遠征,202606010610,3勝クラス,ダ,フラムリンガム,9
遠征,202606010611,OP,芝,テイエムリステット,6
遠征,202606010611,OP,芝,カズゴルティス,8
遠征,202606010611,OP,芝,ディヴィナシオン,15
遠征,202606010612,2勝クラス,芝,カンシン,1
遠征,202606010612,2勝クラス,芝,エクストラバック,6
遠征,202606010612,2勝クラス,芝,タイキエクセロン,13
遠征,202606010707,2勝クラス,芝,ヴァリディシームス,3
遠征,202606010707,2勝クラス,芝,プラニスフェリオ,10
遠征,202606010707,2勝クラス,芝,アナレンマ,12
遠征,202606010707,2勝クラス,芝,ヴァリージア,14
遠征,202606010708,2勝クラス,ダ,リアルクィーン,8
遠征,202606010709,3勝クラス,芝,グローリーリンク,3
遠征,202606010709,3勝クラス,芝,ケイデンシーマーク,11
遠征,202606010710,OP,ダ,ジョーローリット,3
遠征,202606010710,OP,ダ,ナムラフランク,3
遠征,202606010710,OP,ダ,ロードアウォード,8
遠征,202606010710,OP,ダ,アメリカンステージ,11
遠征,202606010710,OP,ダ,サウンドアレグリア,12
遠征,202606010711,重賞,芝,マテンロウゲイル,2
遠征,202606010809,2勝クラス,芝,タイセイリコルド,4
遠征,202606010811,3勝クラス,芝,フレーヴァード,3
遠征,202606010811,3勝クラス,芝,ガジュノリ,4
遠征,202606010811,3勝クラス,芝,ドットクルー,14
遠征,202606010811,3勝クラス,芝,ルシフェル,18
遠征,202606010907,2勝クラス,芝,コスモアンソロジー,2
遠征,202606010908,2勝クラス,ダ,キングクー,5
遠征,202606010908,2勝クラス,ダ,ホウオウフロイト,6
遠征,202606010908,2勝クラス,ダ,フォーワンセルフ,8
遠征,202606010908,2勝クラス,ダ,ロードトレゾール,12
遠征,202606010910,3勝クラス,ダ,ルディック,1
遠征,202606010910,3勝クラス,ダ,ショウナンアビアス,3
遠征,202606010910,3勝クラス,ダ,ビルカール,6
遠征,202606010910,3勝クラス,ダ,ウナギノボリ,16
遠征,202606010911,重賞,芝,ショウヘイ,1
遠征,202606010911,重賞,芝,ジョバンニ,7
遠征,202606010911,重賞,芝,マイネルエンペラー,11
遠征,202606010911,重賞,芝,マイネルメモリー,15
遠征,202606020108,2勝クラス,芝,コスモアンソロジー,1
遠征,202606020108,2勝クラス,芝,オオナミコナミ,6
遠征,202606020110,3勝クラス,ダ,アンズアメ,3
遠征,202606020110,3勝クラス,ダ,ジェネラーレ,8
遠征,202606020111,重賞,芝,ルガル,3
遠征,202606020111,重賞,芝,ヨシノイースター,5
遠征,202606020111,重賞,芝,ビッグシーザー,9
遠征,202606020111,重賞,芝,カリボール,10
遠征,202606020111,重賞,芝,フィオライア,10
遠征,202606020111,重賞,芝,フリームファクシ,13
遠征,202606020111,重賞,芝,オタルエバー,14
遠征,202606020112,2勝クラス,ダ,クロドラバール,7
遠征,202606020112,2勝クラス,ダ,ユウトザユウト,12
遠征,202606020112,2勝クラス,ダ,サイモンルモンド,14
遠征,202606020209,2勝クラス,芝,カリーニョ,2
遠征,202606020210,3勝クラス,芝,レッドエヴァンス,3
遠征,202606020210,3勝クラス,芝,アスティスプマンテ,4
遠征,202606020210,3勝クラス,芝,モンシュマン,5
遠征,202606020210,3勝クラス,芝,サウスバンク,8
遠征,202606020210,3勝クラス,芝,アンビバレント,9
遠征,202606020210,3勝クラス,芝,ウインスノーライト,11
遠征,202606020210,3勝クラス,芝,ジャスパーノワール,13
遠征,202606020211,重賞,芝,チェルヴィニア,5
遠征,202606020211,重賞,芝,オニャンコポン,11
遠征,202606020211,重賞,芝,ショウナンマグマ,13
遠征,202606020212,2勝クラス,ダ,ビッグドリーム,2
遠征,202606020212,2勝クラス,ダ,ジョヴィアン,12
遠征,202606020309,2勝クラス,芝,カエルム,1
遠征,202606020309,2勝クラス,芝,サラトガチップス,2
遠征,202606020310,3勝クラス,ダ,シンビリーブ,4
遠征,202606020310,3勝クラス,ダ,メイショウソウタ,7
遠征,202606020311,重賞,芝,パラディレーヌ,3
遠征,202606020311,重賞,芝,エリカエクスプレス,4
遠征,202606020311,重賞,芝,ケリフレッドアスク,8
遠征,202606020311,重賞,芝,クリノメイ,15
遠征,202606020311,重賞,芝,レディーヴァリュー,16
遠征,202606020408,2勝クラス,ダ,ヴォルスター,10
遠征,202606020409,3勝クラス,芝,マイユニバース,1
遠征,202606020409,3勝クラス,芝,アスターブジエ,6
遠征,202606020409,3勝クラス,芝,ガジュノリ,8
遠征,202606020409,3勝クラス,芝,ウインルーティン,9
遠征,202606020409,3勝クラス,芝,リンフレスカンテ,13
遠征,202606020409,3勝クラス,芝,コスモフロイデ,15
遠征,202606020409,3勝クラス,芝,ノーランサンライズ,16
遠征,202606020410,OP,ダ,レヴォントゥレット,5
遠征,202606020410,OP,ダ,ルヴァンユニベール,6
遠征,202606020410,OP,ダ,ハグ,10
遠征,202606020411,重賞,芝,アドマイヤクワッズ,3
遠征,202606020411,重賞,芝,メイショウソラリス,10
遠征,202606020412,2勝クラス,芝,ロードトレゾール,2
遠征,202606020412,2勝クラス,芝,ビービーエフォート,3
遠征,202606020412,2勝クラス,芝,メイショウミリオレ,5
遠征,202606020412,2勝クラス,芝,アオイレーギーナ,6
遠征,202606020412,2勝クラス,芝,カリーシ,9
遠征,202606020412,2勝クラス,芝,ピースフルナイト,12
遠征,202606020412,2勝クラス,芝,ダイヤモンドフジ,14
遠征,202606020509,2勝クラス,芝,ヴォワラクテ,2
遠征,202606020510,3勝クラス,芝,マテンロウブラボー,3
遠征,202606020510,3勝クラス,芝,エアミアーニ,7
遠征,202606020510,3勝クラス,芝,ツキノアカリ,15
遠征,202606020511,OP,芝,ベルサンローラン,6
遠征,202606020511,OP,芝,メイショウハッケイ,7
遠征,202606020511,OP,芝,ホワイトオーキッド,16
遠征,202606020512,2勝クラス,ダ,ホウオウフロイト,11
遠征,202606020608,2勝クラス,芝,ネーブルオレンジ,6
遠征,202606020608,2勝クラス,芝,オリエンタルナイト,10
遠征,202606020609,2勝クラス,ダ,ソウルアンドジャズ,3
遠征,202606020609,2勝クラス,ダ,オーシンハーフ,4
遠征,202606020609,2勝クラス,ダ,アメリカンエール,11
遠征,202606020610,OP,芝,ランフォーヴァウ,6
遠征,202606020610,OP,芝,メイショウシンタケ,10
遠征,202606020610,OP,芝,ランスオブカオス,11
遠征,202606020611,重賞,芝,アクロフェイズ,3
遠征,202606020611,重賞,芝,サウンドムーブ,4
遠征,202606020611,重賞,芝,マカナアネラ,13
遠征,202606020611,重賞,芝,フレイムスター,16
遠征,202606020709,2勝クラス,芝,ダノンジャイアン,1
遠征,202606020709,2勝クラス,芝,レッセパッセ,10
遠征,202606020709,2勝クラス,芝,キーウェーブ,14
遠征,202606020710,3勝クラス,ダ,ルージュアベリア,1
遠征,202606020710,3勝クラス,ダ,クインズショコラ,4
遠征,202606020710,3勝クラス,ダ,テーオールビー,7
遠征,202606020710,3勝クラス,ダ,サイモンブーケ,9
遠征,202606020710,3勝クラス,ダ,パルクリチュード,10
遠征,202606020710,3勝クラス,ダ,ジューンエオス,11
遠征,202606020710,3勝クラス,ダ,メイショウポペット,12
遠征,202606020711,重賞,芝,カラペルソナ,5
遠征,202606020711,重賞,芝,アーリーハーベスト,6
遠征,202606020711,重賞,芝,バースデイフライト,9
遠征,202606020711,重賞,芝,エアビーアゲイル,11
遠征,202606020711,重賞,芝,ラコンチャビエン,15
遠征,202606020809,2勝クラス,ダ,イマージョン,5
遠征,202606020811,OP,ダ,ショウナンアビアス,7
遠征,202606020811,OP,ダ,ルディック,9
遠征,202606020811,OP,ダ,アガシ,10
遠征,202606020811,OP,ダ,エートラックス,11
遠征,202606020811,OP,ダ,メイショウホウレン,12
遠征,202606020811,OP,ダ,エコロガイア,13
遠征,202606020811,OP,ダ,ロードフロンティア,15
遠征,202606020812,2勝クラス,ダ,エルフストラック,1
遠征,202606020812,2勝クラス,ダ,ヴァリオーサ,10
遠征,202606020812,2勝クラス,ダ,ブリーズオンチーク,16
遠征,202606030108,2勝クラス,芝,リーティアコナル,1
遠征,202606030108,2勝クラス,芝,ヤマニンループ,9
遠征,202606030109,3勝クラス,ダ,ラファル,2
遠征,202606030109,3勝クラス,ダ,イミュータブル,8
遠征,202606030109,3勝クラス,ダ,ロードマイライフ,14
遠征,202606030109,3勝クラス,ダ,ネグレスコ,15
遠征,202606030110,OP,ダ,ダノンバーボン,1
遠征,202606030110,OP,ダ,サンライズケヴィン,5
遠征,202606030110,OP,ダ,テーオーカイザー,7
遠征,202606030110,OP,ダ,アメリカンスタイル,10
遠征,202606030111,重賞,芝,シャイニングソード,5
遠征,202606030111,重賞,芝,マイネルケレリウス,6
遠征,202606030111,重賞,芝,ホールネス,9
遠征,202606030111,重賞,芝,リビアングラス,11
遠征,202606030111,重賞,芝,ブレイヴロッカー,12
遠征,202606030112,2勝クラス,ダ,メイショウカシワデ,2
遠征,202606030210,3勝クラス,芝,カンシン,2
遠征,202606030210,3勝クラス,芝,ロードトレイル,6
遠征,202606030210,3勝クラス,芝,パクスロマーナ,7
遠征,202606030210,3勝クラス,芝,タイセイレスポンス,8
遠征,202606030210,3勝クラス,芝,ウインスノーライト,14
遠征,202606030211,重賞,ダ,サンデーファンデー,1
遠征,202606030211,重賞,ダ,バスタードサフラン,9
遠征,202606030211,重賞,ダ,ハナウマビーチ,11
遠征,202606030211,重賞,ダ,コレペティトール,13
遠征,202606030212,2勝クラス,芝,カリーシ,3
遠征,202606030212,2勝クラス,芝,タイキエクセロン,7
遠征,202606030310,2勝クラス,ダ,オリーブグリーン,1
遠征,202606030310,2勝クラス,ダ,ウインアルドーレ,9
遠征,202606030311,重賞,芝,スズハローム,1
遠征,202606030311,重賞,芝,ミニトランザット,4
遠征,202606030311,重賞,芝,ブエナオンダ,6
遠征,202606030311,重賞,芝,ダディーズビビッド,14
遠征,202606030311,重賞,芝,マテンロウオリオン,15
遠征,202606030312,2勝クラス,ダ,カツラノキサノキ,14
遠征,202606030312,2勝クラス,ダ,エコロネオ,16
遠征,202606030409,2勝クラス,芝,ロールザダイス,3
遠征,202606030410,3勝クラス,ダ,デルアヴァー,3
遠征,202606030410,3勝クラス,ダ,タイセイミッション,10
遠征,202606030410,3勝クラス,ダ,ペイシャモノノフ,11
遠征,202606030410,3勝クラス,ダ,バリアントバイオ,12
遠征,202606030410,3勝クラス,ダ,シゲルソロソロ,13
遠征,202606030411,3勝クラス,芝,ホウオウスーペリア,6
遠征,202606030411,3勝クラス,芝,クルミナーレ,8
遠征,202606030411,3勝クラス,芝,トーアライデン,9
遠征,202606030411,3勝クラス,芝,フレーヴァード,14
遠征,202606030411,3勝クラス,芝,アルトゥーム,15
遠征,202606030411,3勝クラス,芝,マイネルニコラス,16
遠征,202606030412,2勝クラス,芝,ラーテル,7
遠征,202606030412,2勝クラス,芝,アンタノバラード,11
遠征,202606030510,3勝クラス,ダ,キタノソワレ,3
遠征,202606030510,3勝クラス,ダ,エンヤラヴフェイス,5
遠征,202606030510,3勝クラス,ダ,ジャーヴィス,7
遠征,202606030510,3勝クラス,ダ,ナスノカンゲツ,10
遠征,202606030510,3勝クラス,ダ,コパノハンプトン,12
遠征,202606030511,重賞,芝,レザベーション,1
遠征,202606030512,2勝クラス,ダ,プレゼンティーア,1
遠征,202606030512,2勝クラス,ダ,オカメノコイ,3
遠征,202606030512,2勝クラス,ダ,アスタールフナ,8
遠征,202606030512,2勝クラス,ダ,プレアデスグループ,11
遠征,202606030512,2勝クラス,ダ,ボルセーナ,13
遠征,202606030609,2勝クラス,ダ,イプシロンナンバー,3
遠征,202606030609,2勝クラス,ダ,オーシンハーフ,11
遠征,202606030610,3勝クラス,芝,チャンネルトンネル,2
遠征,202606030610,3勝クラス,芝,トーホウディアス,8
遠征,202606030610,3勝クラス,芝,ブルクトーア,11
遠征,202606030611,OP,芝,クラスペディア,1
遠征,202606030611,OP,芝,モズナナスター,2
遠征,202606030611,OP,芝,アスクワンタイム,5
遠征,202606030611,OP,芝,タマモブラックタイ,8
遠征,202606030611,OP,芝,ジョーメッドヴィン,10
遠征,202606030611,OP,芝,エナジーグラン,14
遠征,202606030611,OP,芝,カリボール,16
遠征,202606030709,2勝クラス,芝,カウンターセブン,5
遠征,202606030709,2勝クラス,芝,アオイレーギーナ,9
遠征,202606030709,2勝クラス,芝,ラブディーヴァ,10
遠征,202606030709,2勝クラス,芝,ガットネロ,11
遠征,202606030710,3勝クラス,ダ,ワイドブリザード,1
遠征,202606030710,3勝クラス,ダ,オンザライン,3
遠征,202606030710,3勝クラス,ダ,クロニクル,9
遠征,202606030712,2勝クラス,ダ,ハヤテノツバサ,1
遠征,202606030712,2勝クラス,ダ,アストラカ,7
遠征,202606030712,2勝クラス,ダ,フォーワンセルフ,8
遠征,202606030712,2勝クラス,ダ,ブリーズオンチーク,12
遠征,202606030712,2勝クラス,ダ,トロピカルヒーロー,13
遠征,202606030808,2勝クラス,ダ,ケイアイアルタイル,2
遠征,202606030808,2勝クラス,ダ,ドゥラエテルノ,4
遠征,202606030808,2勝クラス,ダ,メイショウジェンマ,8
遠征,202606030809,2勝クラス,芝,イトカワサクラ,4
遠征,202606030809,2勝クラス,芝,ヴォワラクテ,5
遠征,202606030809,2勝クラス,芝,レッセパッセ,9
遠征,202606030809,2勝クラス,芝,ファミリーツリー,12
遠征,202606030810,OP,ダ,ナムラフランク,1
遠征,202606030810,OP,ダ,コンクイスタ,2
遠征,202606030810,OP,ダ,マニバドラ,3
遠征,202606030810,OP,ダ,ポッドベイダー,4
遠征,202606030810,OP,ダ,トリリオンボーイ,8
遠征,202606030810,OP,ダ,エティエンヌ,11
遠征,202606030810,OP,ダ,スマートフォルス,13
遠征,202606030810,OP,ダ,カズゴルティス,15
遠征,202606030811,重賞,芝,サウンドムーブ,6
遠征,202606030811,重賞,芝,ラージアンサンブル,8
遠征,202606030811,重賞,芝,マテンロウゲイル,10
遠征,202606030811,重賞,芝,カヴァレリッツォ,13
遠征,202606030811,重賞,芝,アクロフェイズ,16
遠征,202606030811,重賞,芝,ロードフィレール,17
遠征,202606030811,重賞,芝,アルトラムス,18
遠征,202606030812,3勝クラス,芝,ディーガレジェンド,3
遠征,202606030812,3勝クラス,芝,サクソンジェンヌ,4
遠征,202606030812,3勝クラス,芝,リーティアコナル,7
遠征,202606030812,3勝クラス,芝,アスターブジエ,12
遠征,202606030812,3勝クラス,芝,アロンディ,15
遠征,202606030812,3勝クラス,芝,ジオフロント,17
遠征,202607010110,2勝クラス,芝,ジェットブレード,5
遠征,202607010110,2勝クラス,芝,ジェモロジー,9
遠征,202607010111,2勝クラス,ダ,テーオーマルコーニ,1
遠征,202607010111,2勝クラス,ダ,サンカルミア,5
遠征,202607010111,2勝クラス,ダ,ネクストダンサー,10
遠征,202607010111,2勝クラス,ダ,シンボリノエル,12
遠征,202607010111,2勝クラス,ダ,コパノヴィンセント,14
遠征,202607010209,2勝クラス,ダ,ミッキーマカパ,2
遠征,202607010209,2勝クラス,ダ,エイプリルインパリ,3
遠征,202607010209,2勝クラス,ダ,モリノセピア,4
遠征,202607010209,2勝クラス,ダ,テラステラ,5
遠征,202607010209,2勝クラス,ダ,ザウリ,7
遠征,202607010209,2勝クラス,ダ,ダズリングダンス,9
遠征,202607010209,2勝クラス,ダ,ミスエル,10
遠征,202607010209,2勝クラス,ダ,タミゼ,13
遠征,202607010209,2勝クラス,ダ,ロッカバイベイビー,14
遠征,202607010209,2勝クラス,ダ,クールソル,15
遠征,202607010210,OP,ダ,ルクスレイモンド,3
遠征,202607010210,OP,ダ,アルデトップガン,4
遠征,202607010210,OP,ダ,マジッククッキー,5
遠征,202607010210,OP,ダ,シュピラー,7
遠征,202607010210,OP,ダ,ヘリテージブルーム,8
遠征,202607010211,重賞,芝,ジョバンニ,2
遠征,202607010211,重賞,芝,ドゥラドーレス,5
遠征,202607010211,重賞,芝,ヴィレム,6
遠征,202607010211,重賞,芝,ディマイザキッド,7
遠征,202607010211,重賞,芝,アラタ,10
遠征,202607010211,重賞,芝,セキトバイースト,11
遠征,202607010211,重賞,芝,ニシノレヴナント,12
遠征,202607010211,重賞,芝,ホウオウビスケッツ,12
遠征,202607010211,重賞,芝,アーバンシック,14
遠征,202607010309,2勝クラス,芝,パルティクラール,2
遠征,202607010309,2勝クラス,芝,メイケイバートン,4
遠征,202607010309,2勝クラス,芝,ミクストベリーズ,6
遠征,202607010309,2勝クラス,芝,ワース,9
遠征,202607010309,2勝クラス,芝,ラーテル,10
遠征,202607010310,3勝クラス,ダ,セギレエルビエント,3
遠征,202607010310,3勝クラス,ダ,クインズデネブ,5
遠征,202607010310,3勝クラス,ダ,ベルギューン,7
遠征,202607010310,3勝クラス,ダ,ドンレパルス,8
遠征,202607010310,3勝クラス,ダ,ショーモン,13
遠征,202607010310,3勝クラス,ダ,ハードワイヤード,15
遠征,202607010310,3勝クラス,ダ,ロサンゼルス,16
遠征,202607010311,重賞,芝,フクチャンショウ,3
遠征,202607010311,重賞,芝,タガノアラリア,4
遠征,202607010311,重賞,芝,マーゴットブロー,8
遠征,202607010311,重賞,芝,ハッピーエンジェル,9
遠征,202607010311,重賞,芝,タイセイアストロ,10
遠征,202607010311,重賞,芝,プルヴォワール,16
遠征,202607010311,重賞,芝,タヤスロレンヌ,17
遠征,202607010410,2勝クラス,ダ,タイセイアディクト,1
遠征,202607010410,2勝クラス,ダ,コーカサスゴールド,2
遠征,202607010410,2勝クラス,ダ,バルダンツァ,4
遠征,202607010410,2勝クラス,ダ,レッドリベルタ,7
遠征,202607010410,2勝クラス,ダ,ベルイストワール,8
遠征,202607010410,2勝クラス,ダ,シゲルカミカゼ,11
遠征,202607010410,2勝クラス,ダ,コスモコンフェルマ,15
遠征,202607010410,2勝クラス,ダ,ダブルメッセージ,16
遠征,202607010411,重賞,芝,ソルトクィーン,2
遠征,202607010411,重賞,芝,セフィロ,3
遠征,202607010411,重賞,芝,チェルビアット,5
遠征,202607010411,重賞,芝,マピュース,6
遠征,202607010411,重賞,芝,ウイントワイライト,7
遠征,202607010411,重賞,芝,リラボニート,9
遠征,202607010411,重賞,芝,ドロップオブライト,10
遠征,202607010411,重賞,芝,カルプスペルシュ,11
遠征,202607010411,重賞,芝,モリノドリーム,15
遠征,202607010411,重賞,芝,シンバーシア,16
遠征,202607010411,重賞,芝,カンパニョーラ,18
遠征,202607010510,2勝クラス,芝,ジェットブレード,4
遠征,202607010510,2勝クラス,芝,ドゥレイクパセージ,5
遠征,202607010510,2勝クラス,芝,アナレンマ,11
遠征,202607010511,3勝クラス,芝,ラーンザロープス,2
遠征,202607010511,3勝クラス,芝,ピックアチェリー,3
遠征,202607010511,3勝クラス,芝,ミラビリスマジック,9
遠征,202607010511,3勝クラス,芝,レオテミス,11
遠征,202607010511,3勝クラス,芝,コンドゥイア,14
遠征,202607010511,3勝クラス,芝,クリニクラウン,15
遠征,202607010512,2勝クラス,芝,ライラ,2
遠征,202607010512,2勝クラス,芝,ボンヌソワレ,5
遠征,202607010512,2勝クラス,芝,ドーンコーラス,11
遠征,202607010512,2勝クラス,芝,ルトゥール,12
遠征,202607010512,2勝クラス,芝,キョウエイボニータ,13
遠征,202607010512,2勝クラス,芝,ニシノクードクール,15
遠征,202607010610,3勝クラス,ダ,テーオーマルコーニ,2
遠征,202607010610,3勝クラス,ダ,アラレタバシル,4
遠征,202607010610,3勝クラス,ダ,ミライヘノカギ,6
遠征,202607010610,3勝クラス,ダ,エイブラムス,7
遠征,202607010610,3勝クラス,ダ,グロバーテソーロ,9
遠征,202607010610,3勝クラス,ダ,フルオール,10
遠征,202607010610,3勝クラス,ダ,エレクトリックブギ,11
遠征,202607010610,3勝クラス,ダ,アルゴナヴィス,14
遠征,202607010611,重賞,芝,レッドモンレーヴ,2
遠征,202607010611,重賞,芝,ウインカーネリアン,3
遠征,202607010611,重賞,芝,パンジャタワー,4
遠征,202607010611,重賞,芝,レイピア,5
遠征,202607010611,重賞,芝,ママコチャ,9
遠征,202607010611,重賞,芝,ペアポルックス,10
遠征,202607010611,重賞,芝,ピューロマジック,13
遠征,202607010611,重賞,芝,インビンシブルパパ,15
遠征,202607010611,重賞,芝,ジューンブレア,17
遠征,202607010611,重賞,芝,フィオライア,18
遠征,202607010612,2勝クラス,ダ,メイショウタムシバ,2
遠征,202607010612,2勝クラス,ダ,チュウワチーフ,4
遠征,202607010612,2勝クラス,ダ,エンファサイズ,6
遠征,202607010612,2勝クラス,ダ,モリノアミーゴ,7
遠征,202607010612,2勝クラス,ダ,フィーチャリング,9
遠征,202607010612,2勝クラス,ダ,サトノアルペジオ,10
遠征,202607010612,2勝クラス,ダ,カレンワッツアップ,11
遠征,202607010612,2勝クラス,ダ,クリスタルウエイ,13
遠征,202607010612,2勝クラス,ダ,サンダーアリュール,14
遠征,202607010612,2勝クラス,ダ,マスグラバイト,15
遠征,202607010612,2勝クラス,ダ,チャロ,16
遠征,202608010109,2勝クラス,ダ,マナエトレ,2
遠征,202608010109,2勝クラス,ダ,マッスルバック,6
遠征,202608010109,2勝クラス,ダ,ジュンラトゥール,10
遠征,202608010109,2勝クラス,ダ,サトノシュトラーセ,11
遠征,202608010110,3勝クラス,芝,フクノブルーレイク,3
遠征,202608010110,3勝クラス,芝,クレバーテースト,4
遠征,202608010110,3勝クラス,芝,コスモフロイデ,8
遠征,202608010111,重賞,芝,ファーヴェント,2
遠征,202608010111,重賞,芝,ショウナンアデイブ,3
遠征,202608010111,重賞,芝,トロヴァトーレ,4
遠征,202608010111,重賞,芝,クルゼイロドスル,7
遠征,202608010111,重賞,芝,キープカルム,9
遠征,202608010111,重賞,芝,マテンロウオリオン,11
遠征,202608010111,重賞,芝,キョウエイブリッサ,12
遠征,202608010111,重賞,芝,ホウオウラスカーズ,13
遠征,202608010112,2勝クラス,芝,ララマセラシオン,1
遠征,202608010112,2勝クラス,芝,クイーンズデイ,5
遠征,202608010112,2勝クラス,芝,スイミーユニバンス,7
遠征,202608010112,2勝クラス,芝,タイキヴァンクール,8
遠征,202608010309,2勝クラス,ダ,ユウェンタース,4
遠征,202608010309,2勝クラス,ダ,ルトゥール,7
遠征,202608010310,2勝クラス,芝,ジャスパーディビネ,1
遠征,202608010310,2勝クラス,芝,ルシード,2
遠征,202608010310,2勝クラス,芝,コウセキ,3
遠征,202608010310,2勝クラス,芝,マイネルラッシュ,16
遠征,202608010311,OP,ダ,ビダーヤ,3
遠征,202608010311,OP,ダ,エコロガイア,6
遠征,202608010311,OP,ダ,モズミギカタアガリ,7
遠征,202608010311,OP,ダ,グッジョブ,11
遠征,202608010311,OP,ダ,サフランヒーロー,14
遠征,202608010311,OP,ダ,ラーグルフ,15
遠征,202608010408,2勝クラス,ダ,ダイシンリンク,8
遠征,202608010408,2勝クラス,ダ,フィリップ,10
遠征,202608010408,2勝クラス,ダ,サンダーロード,11
遠征,202608010408,2勝クラス,ダ,アオイミモザ,16
遠征,202608010409,2勝クラス,ダ,サイモンルモンド,10
遠征,202608010410,3勝クラス,芝,ラーンザロープス,4
遠征,202608010410,3勝クラス,芝,アルトゥーム,10
遠征,202608010411,OP,芝,ナムラアトム,4
遠征,202608010411,OP,芝,フィオライア,6
遠征,202608010411,OP,芝,プルパレイ,7
遠征,202608010411,OP,芝,イフェイオン,8
遠征,202608010411,OP,芝,デュガ,12
遠征,202608010411,OP,芝,メイショウカゼマチ,16
遠征,202608010609,2勝クラス,芝,ジェットマグナム,1
遠征,202608010609,2勝クラス,芝,ハートメテオ,2
遠征,202608010609,2勝クラス,芝,ピンキープロミス,3
遠征,202608010609,2勝クラス,芝,リッチブラック,7
遠征,202608010609,2勝クラス,芝,アンテロース,8
遠征,202608010609,2勝クラス,芝,コスモエクスプレス,9
遠征,202608010610,OP,芝,パープルガーネット,4
遠征,202608010611,3勝クラス,ダ,ハードワイヤード,7
遠征,202608010611,3勝クラス,ダ,グランドセントラル,11
遠征,202608010612,2勝クラス,芝,カズミクラーシュ,1
遠征,202608010612,2勝クラス,芝,モアリジット,2
遠征,202608010612,2勝クラス,芝,ルクスジニア,6
遠征,202608010612,2勝クラス,芝,シャイニースイフト,12
遠征,202608010612,2勝クラス,芝,マルプリ,14
遠征,202608010612,2勝クラス,芝,サヴァビアン,15
遠征,202608010612,2勝クラス,芝,ゴキゲンサン,17
遠征,202608010612,2勝クラス,芝,ユキノエミリオ,18
遠征,202608010709,2勝クラス,ダ,ミロワール,8
遠征,202608010709,2勝クラス,ダ,オカメノコイ,13
遠征,202608010709,2勝クラス,ダ,グラスブランシュ,14
遠征,202608010710,2勝クラス,ダ,アルベリック,7
遠征,202608010710,2勝クラス,ダ,メイショウタイピン,9
遠征,202608010710,2勝クラス,ダ,トーアシオン,13
遠征,202608010711,重賞,芝,リビアングラス,3
遠征,202608010711,重賞,芝,ヤマニンブークリエ,7
遠征,202608010711,重賞,芝,シャイニングソード,8
遠征,202608010711,重賞,芝,マイネルクリソーラ,11
遠征,202608010711,重賞,芝,ライラック,12
遠征,202608010808,2勝クラス,ダ,クラリティスケール,5
遠征,202608010808,2勝クラス,ダ,ビーマックス,7
遠征,202608010808,2勝クラス,ダ,ジーベック,8
遠征,202608010809,OP,芝,ラディアントスター,4
遠征,202608010809,OP,芝,ラージアンサンブル,6
遠征,202608010809,OP,芝,マテンロウゼロ,7
遠征,202608010809,OP,芝,グレーヌドジョワ,8
遠征,202608010809,OP,芝,アロンソア,11
遠征,202608010809,OP,芝,オーライカモン,12
遠征,202608010810,3勝クラス,ダ,アスクシュタイン,1
遠征,202608010810,3勝クラス,ダ,マイノワール,4
遠征,202608010810,3勝クラス,ダ,モズマーヴェリック,14
遠征,202608010810,3勝クラス,ダ,タンゴバイラリン,15
遠征,202608010811,OP,芝,レイベリング,1
遠征,202608010811,OP,芝,スカイロケット,5
遠征,202608010811,OP,芝,シヴァース,6
遠征,202608010811,OP,芝,クルゼイロドスル,7
遠征,202608010811,OP,芝,セフィロ,8
遠征,202608010811,OP,芝,スズハローム,9
遠征,202608010811,OP,芝,ゾンニッヒ,11
遠征,202608010811,OP,芝,バレエマスター,13
遠征,202608010811,OP,芝,ハクサンバード,14
遠征,202608010812,2勝クラス,芝,ルトゥール,5
遠征,202608010812,2勝クラス,芝,アオイミモザ,6
遠征,202608010812,2勝クラス,芝,バンブルビー,7
遠征,202608010812,2勝クラス,芝,サヴァビアン,8
遠征,202608010812,2勝クラス,芝,メイショウヨゾラ,9
遠征,202608010907,2勝クラス,芝,ヨヒーン,5
遠征,202608010907,2勝クラス,芝,テリオスサラ,6
遠征,202608010907,2勝クラス,芝,ジェモロジー,9
遠征,202608010907,2勝クラス,芝,レイピカケ,10
遠征,202608010908,2勝クラス,ダ,サムシャイン,3
遠征,202608010908,2勝クラス,ダ,サトノシュトラーセ,5
遠征,202608010908,2勝クラス,ダ,マッスルバック,7
遠征,202608010910,3勝クラス,芝,トラペジスト,3
遠征,202608010910,3勝クラス,芝,ラーンザロープス,5
遠征,202608010910,3勝クラス,芝,モジャーリオ,7
遠征,202608010910,3勝クラス,芝,ディープリッチ,16
遠征,202608010910,3勝クラス,芝,アニトラ,17
遠征,202608010911,重賞,ダ,ジェイパームス,7
遠征,202608010911,重賞,ダ,ペイシャエス,8
遠征,202608010911,重賞,ダ,テーオードレフォン,14
遠征,202608020109,2勝クラス,ダ,ルークススペイ,3
遠征,202608020109,2勝クラス,ダ,メモリーグラス,8
遠征,202608020110,2勝クラス,芝,ボンドロア,4
遠征,202608020110,2勝クラス,芝,オウケンボルト,7
遠征,202608020111,3勝クラス,ダ,プロミストジーン,1
遠征,202608020111,3勝クラス,ダ,ロフティストーリー,2
遠征,202608020111,3勝クラス,ダ,エイシンナデシコ,7
遠征,202608020111,3勝クラス,ダ,フラッパールック,10
遠征,202608020111,3勝クラス,ダ,メテオールライト,11
遠征,202608020209,2勝クラス,ダ,サイモンルモンド,8
遠征,202608020209,2勝クラス,ダ,フイノマジワリ,10
遠征,202608020209,2勝クラス,ダ,ウインアルドーレ,11
遠征,202608020210,3勝クラス,芝,レクスノヴァス,2
遠征,202608020210,3勝クラス,芝,バルナバ,4
遠征,202608020211,重賞,芝,フィオライア,1
遠征,202608020211,重賞,芝,レイピア,2
遠征,202608020211,重賞,芝,カルプスペルシュ,4
遠征,202608020211,重賞,芝,イコサン,7
遠征,202608020211,重賞,芝,ロードフォアエース,9
遠征,202608020211,重賞,芝,ナムラアトム,10
遠征,202608020211,重賞,芝,ウインアイオライト,14
遠征,202608020211,重賞,芝,エコロレジーナ,17
遠征,202608020212,2勝クラス,芝,ウォータークラーク,2
遠征,202608020308,2勝クラス,芝,バルティカ,3
遠征,202608020308,2勝クラス,芝,ピンキープロミス,4
遠征,202608020308,2勝クラス,芝,リッチブラック,6
遠征,202608020308,2勝クラス,芝,ブリヤディアマンテ,8
遠征,202608020309,3勝クラス,ダ,アイアムユウシュン,6
遠征,202608020309,3勝クラス,ダ,ハンベルジャイト,7
遠征,202608020309,3勝クラス,ダ,パラサイコロジー,10
遠征,202608020309,3勝クラス,ダ,アメリカンマーチ,11
遠征,202608020309,3勝クラス,ダ,フラップシグナス,15
遠征,202608020309,3勝クラス,ダ,シャカシャカシー,16
遠征,202608020311,OP,ダ,ゼットリアン,1
遠征,202608020311,OP,ダ,シュバルツクーゲル,8
遠征,202608020311,OP,ダ,ピカピカサンダー,13
遠征,202608020311,OP,ダ,キョウキランブ,15
遠征,202608020311,OP,ダ,ドラゴンブースト,16
遠征,202608020508,2勝クラス,ダ,マンダリンボレロ,5
遠征,202608020508,2勝クラス,ダ,ゲンパチルーナ,8
遠征,202608020510,3勝クラス,芝,エゾダイモン,9
遠征,202608020510,3勝クラス,芝,イケイケドンドン,10
遠征,202608020510,3勝クラス,芝,マイネルニコラス,11
遠征,202608020510,3勝クラス,芝,コスモフロイデ,14
遠征,202608020511,OP,芝,チェルビアット,2
遠征,202608020511,OP,芝,リラボニート,3
遠征,202608020511,OP,芝,キョウエイブリッサ,4
遠征,202608020511,OP,芝,ゴートゥファースト,6
遠征,202608020511,OP,芝,スカイロケット,7
遠征,202608020511,OP,芝,ソルトクィーン,8
遠征,202608020511,OP,芝,ブラックシールド,10
遠征,202608020511,OP,芝,サトノカルナバル,12
遠征,202608020609,2勝クラス,芝,バセリーナ,7
遠征,202608020610,3勝クラス,ダ,ゴールデンクラウド,2
遠征,202608020610,3勝クラス,ダ,ギーロカスタル,10
遠征,202608020611,重賞,芝,ヘデントール,8
遠征,202608020611,重賞,芝,マイネルクリソーラ,10
遠征,202608020611,重賞,芝,メイショウブレゲ,11
遠征,202608020612,2勝クラス,ダ,カワキタマナレア,5
遠征,202608020612,2勝クラス,ダ,プレゼンティーア,6
遠征,202608020612,2勝クラス,ダ,ラーナローザ,10
遠征,202608020612,2勝クラス,ダ,マフィン,11
遠征,202608020612,2勝クラス,ダ,ヒラボクミニー,14
遠征,202608030110,3勝クラス,ダ,プルナチャンドラ,10
遠征,202608030111,OP,ダ,ジュンウィンダム,1
遠征,202608030111,OP,ダ,ドンアミティエ,2
遠征,202608030111,OP,ダ,カズゴルティス,8
遠征,202608030111,OP,ダ,オーブルクール,11
遠征,202608030111,OP,ダ,ケイアイアニラ,12
遠征,202608030209,2勝クラス,芝,ピックデムッシュ,4
遠征,202608030210,3勝クラス,芝,ミスタージーティー,3
遠征,202608030210,3勝クラス,芝,レイニング,11
遠征,202608030210,3勝クラス,芝,ルクスビッグスター,15
遠征,202608030210,3勝クラス,芝,ショウナンラピダス,16
遠征,202608030211,重賞,芝,ドラゴンブースト,2
遠征,202608030211,重賞,芝,ファーヴェント,6
遠征,202608030211,重賞,芝,エルトンバローズ,8
遠征,202608030211,重賞,芝,シャンパンカラー,9
遠征,202608030211,重賞,芝,ブエナオンダ,12
遠征,202608030211,重賞,芝,ウォーターリヒト,13
遠征,202608030211,重賞,芝,クルゼイロドスル,14
遠征,202608030211,重賞,芝,ファインライン,15
遠征,202608030211,重賞,芝,アサヒ,16
遠征,202608030211,重賞,芝,マテンロウスカイ,17
遠征,202608030211,重賞,芝,ロングラン,18
遠征,202608030212,2勝クラス,ダ,トラヴェリンバンド,13
遠征,202608030310,2勝クラス,ダ,ヒラボクカレラ,4
遠征,202608030310,2勝クラス,ダ,ジーベック,7
遠征,202608030311,重賞,ダ,ケイアイアギト,3
遠征,202608030311,重賞,ダ,ストロングエース,9
遠征,202608030408,2勝クラス,芝,アタリダイキチ,1
遠征,202608030408,2勝クラス,芝,バシレウスシチー,4
遠征,202608030408,2勝クラス,芝,マジカルフェアリー,14
遠征,202608030409,2勝クラス,ダ,サパテアール,8
遠征,202608030410,3勝クラス,芝,ルシード,1
遠征,202608030410,3勝クラス,芝,アンビバレント,7
遠征,202608030410,3勝クラス,芝,トーセントラム,8
遠征,202608030410,3勝クラス,芝,エヴァンスウィート,14
遠征,202608030410,3勝クラス,芝,パクスロマーナ,15
遠征,202608030410,3勝クラス,芝,トーラスシャイン,16
遠征,202608030410,3勝クラス,芝,ジャスパーノワール,18
遠征,202608030411,重賞,芝,クロワデュノール,1
遠征,202608030411,重賞,芝,シンエンペラー,7
遠征,202608030411,重賞,芝,ミステリーウェイ,8
遠征,202608030411,重賞,芝,マイネルカンパーナ,10
遠征,202608030411,重賞,芝,プレシャスデイ,13
遠征,202608030411,重賞,芝,ホーエリート,14
遠征,202608030411,重賞,芝,エヒト,15
遠征,202608030412,3勝クラス,ダ,ゲキザル,9
遠征,202608030412,3勝クラス,ダ,ゴールデンオスカー,15
遠征,202608030509,2勝クラス,芝,ダガーリング,2
遠征,202608030509,2勝クラス,芝,ステラスプレンダー,11
遠征,202608030510,2勝クラス,芝,アオイタケル,3
遠征,202608030511,重賞,芝,ラディアントスター,3
遠征,202608030511,重賞,芝,ティラーノ,12
遠征,202608030511,重賞,芝,キンググローリー,13
遠征,202608030511,重賞,芝,ブリガンティン,15
遠征,202608030511,重賞,芝,ステラスペース,16
遠征,202608030609,3勝クラス,芝,レクスノヴァス,1
遠征,202608030609,3勝クラス,芝,サダムオプシス,5
遠征,202608030609,3勝クラス,芝,ミスタージーティー,9
遠征,202608030609,3勝クラス,芝,ウィズユアドリーム,12
遠征,202608030609,3勝クラス,芝,アームブランシュ,13
遠征,202608030610,OP,芝,スペルーチェ,3
遠征,202608030610,OP,芝,トラスコンガーデン,10
遠征,202608030610,OP,芝,ギガントマキア,11
遠征,202608030611,OP,ダ,ヴァンヤール,7
遠征,202608030611,OP,ダ,シェットランド,8
遠征,202608030611,OP,ダ,テーオーグランビル,12
遠征,202608030611,OP,ダ,シュバルツクーゲル,13
遠征,202608030611,OP,ダ,フタイテンロック,15
遠征,202608030611,OP,ダ,メルキオル,16
遠征,202608030612,2勝クラス,ダ,ハリウッドブルース,3
遠征,202608030612,2勝クラス,ダ,ヤマメキング,13
遠征,202608030612,2勝クラス,ダ,クォーツァイト,14
遠征,202608030710,3勝クラス,ダ,タイセイアディクト,3
遠征,202608030710,3勝クラス,ダ,フランスゴデイナ,12
遠征,202608030711,OP,芝,フリッカージャブ,1
遠征,202608030711,OP,芝,マイネルレノン,4
遠征,202608030711,OP,芝,フロムダスク,5
遠征,202608030711,OP,芝,ティニア,7
遠征,202608030711,OP,芝,モリノドリーム,8
遠征,202608030711,OP,芝,イツモニコニコ,13
遠征,202608030712,2勝クラス,ダ,ライトニングゼウス,1
遠征,202608030712,2勝クラス,ダ,オコタンペ,9
遠征,202608030712,2勝クラス,ダ,ピコニ,9
遠征,202608030712,2勝クラス,ダ,ラヴァグロウ,14
遠征,202608030712,2勝クラス,ダ,ショウナンラリー,15
遠征,202608030809,2勝クラス,芝,サトノソティラス,3
遠征,202608030809,2勝クラス,芝,ビップチェイス,7
遠征,202608030809,2勝クラス,芝,パープルクラウド,8
遠征,202608030810,3勝クラス,芝,カズミクラーシュ,1
遠征,202608030810,3勝クラス,芝,セブンマジシャン,4
遠征,202608030810,3勝クラス,芝,ボーモンド,11
遠征,202608030811,OP,ダ,タガノミスト,1
遠征,202608030811,OP,ダ,クロジシジョー,5
遠征,202608030811,OP,ダ,ジャスティンアース,6
遠征,202608030811,OP,ダ,ハッピーマン,7
遠征,202608030811,OP,ダ,スリーピース,11
遠征,202608030811,OP,ダ,レアンダー,14
遠征,202608030811,OP,ダ,サフランヒーロー,16
遠征,202608030910,3勝クラス,芝,シャドウメテオ,3
遠征,202608030910,3勝クラス,芝,リンクスティップ,8
遠征,202608030910,3勝クラス,芝,テリオスサラ,10
遠征,202608030910,3勝クラス,芝,ノーランサンライズ,11
遠征,202608030910,3勝クラス,芝,マカナ,12
遠征,202608030910,3勝クラス,芝,コンドゥイア,13
遠征,202608030910,3勝クラス,芝,ラブリージャブリー,16
遠征,202608030911,重賞,ダ,ヴァルツァーシャル,2
遠征,202608030911,重賞,ダ,メリークリスマス,4
遠征,202608030911,重賞,ダ,ポッドロゴ,7
遠征,202608030911,重賞,ダ,リアライズカミオン,12
遠征,202608030911,重賞,ダ,チュウワクリスエス,13
遠征,202608030911,重賞,ダ,アクションプラン,14
遠征,202608030911,重賞,ダ,キョウキランブ,15
遠征,202608030912,2勝クラス,ダ,ハリウッドブルース,5
遠征,202608030912,2勝クラス,ダ,アスゴッド,8
遠征,202608030912,2勝クラス,ダ,ジョウゲンノツキ,10
遠征,202608031008,2勝クラス,ダ,ケーヴァラ,4
遠征,202608031008,2勝クラス,ダ,サパテアール,12
遠征,202608031009,2勝クラス,芝,アラタマフェーヴル,1
遠征,202608031009,2勝クラス,芝,ジャズ,4
遠征,202608031009,2勝クラス,芝,ロゼル,9
遠征,202608031010,3勝クラス,ダ,アンズアメ,1
遠征,202608031010,3勝クラス,ダ,ワンダラー,8
遠征,202608031010,3勝クラス,ダ,スノーサイレンス,10
遠征,202608031010,3勝クラス,ダ,サザンエルフ,11
遠征,202608031010,3勝クラス,ダ,シャカシャカシー,14
遠征,202608031011,OP,芝,メリオーレム,4
遠征,202608031011,OP,芝,アンリーロード,5
遠征,202608031011,OP,芝,ゴンバデカーブース,9
遠征,202608031011,OP,芝,アサヒ,11
遠征,202608031109,OP,ダ,イッテラッシャイ,1
遠征,202608031110,3勝クラス,ダ,ラオラシオン,10
遠征,202608031110,3勝クラス,ダ,タイゲン,14
遠征,202608031110,3勝クラス,ダ,サノノワンダー,15
遠征,202608031110,3勝クラス,ダ,スマートケープ,16
遠征,202608031111,OP,芝,ガラベイヤ,4
遠征,202608031111,OP,芝,ウチュウノセカイ,8
遠征,202608031111,OP,芝,コックピットサイト,16
遠征,202608031112,2勝クラス,ダ,タッカージーティー,3
遠征,202608031112,2勝クラス,ダ,タイセイルヴァン,7
遠征,202608031112,2勝クラス,ダ,サマースイートピー,9
遠征,202608031112,2勝クラス,ダ,ベンダバール,10
遠征,202608031112,2勝クラス,ダ,ジュンゴールド,14
遠征,202608031209,2勝クラス,ダ,ヒロノゴウカイ,10
遠征,202608031210,OP,芝,エコロブルーム,1
遠征,202608031210,OP,芝,レイベリング,6
遠征,202608031210,OP,芝,シュタールヴィント,7
遠征,202608031210,OP,芝,ビーアストニッシド,16
遠征,202608031211,OP,芝,バースデイフライト,4
遠征,202608031211,OP,芝,オルフセン,7
遠征,202608031212,3勝クラス,芝,エスペシャリー,18
遠征,202609010108,OP,芝,アーレムアレス,2
遠征,202609010108,OP,芝,ノチェセラーダ,3
遠征,202609010108,OP,芝,アッカン,5
遠征,202609010110,3勝クラス,ダ,ペイシャケイプ,6
遠征,202609010110,3勝クラス,ダ,キュムロンニンバス,16
遠征,202609010111,重賞,芝,ドロップオブライト,3
遠征,202609010111,重賞,芝,アサカラキング,5
遠征,202609010111,重賞,芝,レイベリング,8
遠征,202609010111,重賞,芝,グレイイングリーン,11
遠征,202609010111,重賞,芝,グロリアラウス,12
遠征,202609010111,重賞,芝,メイショウチタン,13
遠征,202609010111,重賞,芝,ナムラアトム,17
遠征,202609010112,2勝クラス,ダ,サトミノエンジェル,1
遠征,202609010112,2勝クラス,ダ,コスモコンフェルマ,2
遠征,202609010112,2勝クラス,ダ,ウインアルドーレ,7
遠征,202609010112,2勝クラス,ダ,ホウオウベルクソン,8
遠征,202609010112,2勝クラス,ダ,ヤウガウ,10
遠征,202609010112,2勝クラス,ダ,グレイスザクラウン,12
遠征,202609010209,2勝クラス,芝,リリーブライト,5
遠征,202609010209,2勝クラス,芝,アジュマン,6
遠征,202609010210,3勝クラス,芝,タイセイカレント,2
遠征,202609010210,3勝クラス,芝,ユハンヌス,3
遠征,202609010210,3勝クラス,芝,トラペジスト,8
遠征,202609010211,OP,ダ,バトゥーキ,3
遠征,202609010211,OP,ダ,アルムラトゥール,4
遠征,202609010211,OP,ダ,ポールセン,9
遠征,202609010212,2勝クラス,ダ,ルークススペイ,1
遠征,202609010212,2勝クラス,ダ,ダイシンリンク,4
遠征,202609010212,2勝クラス,ダ,フラッシング,10
遠征,202609010308,2勝クラス,ダ,レイバックスピン,3
遠征,202609010308,2勝クラス,ダ,コンアフェット,5
遠征,202609010308,2勝クラス,ダ,ウィンターダフネ,6
遠征,202609010308,2勝クラス,ダ,サンキャメロン,8
遠征,202609010308,2勝クラス,ダ,ウエヲムイテゴラン,13
遠征,202609010309,3勝クラス,芝,アマキヒ,1
遠征,202609010309,3勝クラス,芝,スピードリッチ,3
遠征,202609010309,3勝クラス,芝,プレシャスデイ,4
遠征,202609010309,3勝クラス,芝,マイノワール,7
遠征,202609010309,3勝クラス,芝,ベンサレム,8
遠征,202609010310,OP,芝,ヒシアイラ,2
遠征,202609010310,OP,芝,ミスバレンシア,8
遠征,202609010311,OP,ダ,ポッドロゴ,5
遠征,202609010311,OP,ダ,サトノエピック,13
遠征,202609010311,OP,ダ,ピュアキアン,14
遠征,202609010311,OP,ダ,コンクシェル,16
遠征,202609010312,2勝クラス,芝,タイキヴァンクール,4
遠征,202609010312,2勝クラス,芝,スイミーユニバンス,6
遠征,202609010312,2勝クラス,芝,ゴルトリッチ,10
遠征,202609010312,2勝クラス,芝,エクストラバック,12
遠征,202609010312,2勝クラス,芝,イスラコラソン,13
遠征,202609010312,2勝クラス,芝,ユキノエミリオ,15
遠征,202609010409,2勝クラス,芝,ピンキープロミス,7
遠征,202609010409,2勝クラス,芝,リッチブラック,8
遠征,202609010409,2勝クラス,芝,セイウンパシュート,9
遠征,202609010410,3勝クラス,ダ,アラレタバシル,5
遠征,202609010410,3勝クラス,ダ,ルグランヴァン,6
遠征,202609010410,3勝クラス,ダ,フランスゴデイナ,9
遠征,202609010410,3勝クラス,ダ,イージーオンミー,10
遠征,202609010411,重賞,芝,タイセイボーグ,1
遠征,202609010411,重賞,芝,スマートプリエール,6
遠征,202609010412,2勝クラス,ダ,タイキエクセロン,12
遠征,202609010412,2勝クラス,ダ,サミアド,15
遠征,202609010412,2勝クラス,ダ,ルクスレゼルヴァ,16
遠征,202609010508,2勝クラス,芝,ジャルディニエ,7
遠征,202609010508,2勝クラス,芝,イゾラフェリーチェ,10
遠征,202609010509,2勝クラス,芝,ティムール,3
遠征,202609010510,3勝クラス,ダ,ビルカール,3
遠征,202609010510,3勝クラス,ダ,トーアジョウトウ,4
遠征,202609010510,3勝クラス,ダ,ジャスリー,8
遠征,202609010510,3勝クラス,ダ,スリーピース,9
遠征,202609010510,3勝クラス,ダ,ミユキアイラブユー,10
遠征,202609010510,3勝クラス,ダ,アイアムユウシュン,13
遠征,202609010511,重賞,芝,ギリーズボール,1
遠征,202609010511,重賞,芝,サンアントワーヌ,2
遠征,202609010511,重賞,芝,トワニ,7
遠征,202609010511,重賞,芝,ショウナンカリス,8
遠征,202609010511,重賞,芝,イヌボウノウタゴエ,9
遠征,202609010511,重賞,芝,タイセイフレッサ,12
遠征,202609010511,重賞,芝,クリエープキー,18
遠征,202609010608,2勝クラス,ダ,マッスルバック,7
遠征,202609010610,3勝クラス,芝,ファインライン,1
遠征,202609010610,3勝クラス,芝,タイセイカレント,4
遠征,202609010610,3勝クラス,芝,スマートワイス,10
遠征,202609010610,3勝クラス,芝,ユハンヌス,11
遠征,202609010611,OP,芝,ドラゴンブースト,1
遠征,202609010611,OP,芝,グランディア,3
遠征,202609010611,OP,芝,トーセンリョウ,7
遠征,202609010611,OP,芝,ブラックシールド,9
遠征,202609010611,OP,芝,テリオスララ,10
遠征,202609010611,OP,芝,トゥデイイズザデイ,11
遠征,202609010612,2勝クラス,ダ,チュウワチーフ,2
遠征,202609010612,2勝クラス,ダ,フィリップ,5
遠征,202609010612,2勝クラス,ダ,ストラテージュ,9
遠征,202609010709,2勝クラス,芝,アサクサグレース,2
遠征,202609010709,2勝クラス,芝,クイーンズデイ,5
遠征,202609010709,2勝クラス,芝,トウカイエルデ,6
遠征,202609010709,2勝クラス,芝,ゴルトリッチ,9
遠征,202609010709,2勝クラス,芝,キントラダンサー,11
遠征,202609010709,2勝クラス,芝,トリップトゥムーン,13
遠征,202609010709,2勝クラス,芝,ベビーズブレス,14
遠征,202609010709,2勝クラス,芝,カジュフェイス,15
遠征,202609010710,3勝クラス,芝,ホウオウアートマン,5
遠征,202609010710,3勝クラス,芝,ディヴァインスター,7
遠征,202609010710,3勝クラス,芝,パンジャ,10
遠征,202609010711,OP,ダ,ジャスティンアース,1
遠征,202609010711,OP,ダ,ポールセン,5
遠征,202609010711,OP,ダ,ダノンザボルケーノ,7
遠征,202609010808,2勝クラス,ダ,ケイアイメキラ,1
遠征,202609010808,2勝クラス,ダ,フラッシング,5
遠征,202609010810,3勝クラス,ダ,グロバーテソーロ,7
遠征,202609010810,3勝クラス,ダ,プレイサーゴールド,10
遠征,202609010810,3勝クラス,ダ,テーオーダグラス,13
遠征,202609010810,3勝クラス,ダ,ノットイナフ,14
遠征,202609010811,OP,芝,ウインモナーク,4
遠征,202609010811,OP,芝,ステークホルダー,8
遠征,202609010811,OP,芝,ジョーメッドヴィン,9
遠征,202609010811,OP,芝,レッドシュヴェルト,11
遠征,202609010812,2勝クラス,ダ,モーニングマジック,2
遠征,202609010812,2勝クラス,ダ,ナリタヒカリ,11
遠征,202609010812,2勝クラス,ダ,キタノライブリー,13
遠征,202609010909,2勝クラス,芝,ハイラント,6
遠征,202609010910,3勝クラス,芝,ナムラローズマリー,1
遠征,202609010910,3勝クラス,芝,モーデン,6
遠征,202609010910,3勝クラス,芝,アニトラ,11
遠征,202609010910,3勝クラス,芝,ポエットリー,15
遠征,202609010910,3勝クラス,芝,エコロジーク,16
遠征,202609010911,OP,芝,ブラックハヤテ,6
遠征,202609010911,OP,芝,ミリオンクラウン,11
遠征,202609010911,OP,芝,コレデヨカロウ,12
遠征,202609011009,2勝クラス,芝,シャイニースイフト,6
遠征,202609011009,2勝クラス,芝,マルカオペラ,7
遠征,202609011010,OP,ダ,テーオーグランビル,1
遠征,202609011010,OP,ダ,シュラザック,10
遠征,202609011010,OP,ダ,カペルブリュッケ,12
遠征,202609011011,重賞,芝,マイネルエンペラー,5
遠征,202609011011,重賞,芝,サンライズソレイユ,6
遠征,202609011011,重賞,芝,レッドバンデ,7
遠征,202609011012,2勝クラス,ダ,ワンダーカモン,8
遠征,202609011012,2勝クラス,ダ,アオイミモザ,11
遠征,202609020110,2勝クラス,芝,アジュマン,2
遠征,202609020110,2勝クラス,芝,ブルボンクイーン,6
遠征,202609020111,重賞,芝,ウップヘリーア,4
遠征,202609020111,重賞,芝,ブリガンティン,6
遠征,202609020112,2勝クラス,ダ,ナチュラルリバー,6
遠征,202609020112,2勝クラス,ダ,キャストロププ,11
遠征,202609020208,2勝クラス,芝,ヨヒーン,6
遠征,202609020208,2勝クラス,芝,ハミング,7
遠征,202609020210,3勝クラス,芝,アスターブジエ,6
遠征,202609020211,OP,芝,メイショウチタン,3
遠征,202609020211,OP,芝,アサヒ,9
遠征,202609020211,OP,芝,フロムダスク,10
遠征,202609020211,OP,芝,アクートゥス,12
遠征,202609020212,2勝クラス,ダ,ツーネサーン,6
遠征,202609020212,2勝クラス,ダ,ダズリングダンス,8
遠征,202609020212,2勝クラス,ダ,ジャスパーソレイユ,14
遠征,202609020308,2勝クラス,芝,レッドセニョール,8
遠征,202609020310,OP,ダ,ナイトアクアリウム,6
遠征,202609020310,OP,ダ,クロジシジョー,7
遠征,202609020310,OP,ダ,バトルクライ,9
遠征,202609020310,OP,ダ,ハセドン,11
遠征,202609020310,OP,ダ,ジュンウィンダム,13
遠征,202609020310,OP,ダ,セントメモリーズ,14
遠征,202609020310,OP,ダ,バグラダス,15
遠征,202609020311,重賞,芝,ユウファラオ,2
遠征,202609020311,重賞,芝,ストームサンダー,7
遠征,202609020311,重賞,芝,リゾートアイランド,9
遠征,202609020311,重賞,芝,ファンクション,14
遠征,202609020312,2勝クラス,ダ,プチブール,5
遠征,202609020312,2勝クラス,ダ,テンクウジョー,9
遠征,202609020312,2勝クラス,ダ,ワンダーカモン,10
遠征,202609020312,2勝クラス,ダ,キボウノホシ,12
遠征,202609020312,2勝クラス,ダ,ツーネサーン,13
遠征,202609020408,2勝クラス,芝,レッドバレンティア,7
遠征,202609020408,2勝クラス,芝,コスモスプモーニ,10
遠征,202609020409,OP,ダ,マジッククッキー,3
遠征,202609020409,OP,ダ,レッドスティンガー,6
遠征,202609020409,OP,ダ,ジャックナダル,9
遠征,202609020409,OP,ダ,ルクスレイモンド,11
遠征,202609020409,OP,ダ,サマーゲール,12
遠征,202609020410,3勝クラス,芝,スカイハイ,3
遠征,202609020410,3勝クラス,芝,エマヌエーレ,4
遠征,202609020410,3勝クラス,芝,ショウナンラスボス,13
遠征,202609020410,3勝クラス,芝,サムハンター,14
遠征,202609020410,3勝クラス,芝,フォルテム,15
遠征,202609020411,重賞,芝,クロワデュノール,1
遠征,202609020411,重賞,芝,ダノンデサイル,3
遠征,202609020411,重賞,芝,セイウンハーデス,5
遠征,202609020411,重賞,芝,レーベンスティール,6
遠征,202609020411,重賞,芝,マテンロウレオ,11
遠征,202609020411,重賞,芝,サンストックトン,12
遠征,202609020411,重賞,芝,ファウストラーゼン,13
遠征,202609020411,重賞,芝,エコロヴァルツ,14
遠征,202609020412,3勝クラス,ダ,ジョディーズマロン,6
遠征,202609020412,3勝クラス,ダ,ガンウルフ,10
遠征,202609020412,3勝クラス,ダ,トーセンサウダージ,12
遠征,202609020509,2勝クラス,芝,アロンズロッド,2
遠征,202609020509,2勝クラス,芝,アルマデオロ,3
遠征,202609020509,2勝クラス,芝,サトノスカイターフ,4
遠征,202609020510,OP,芝,ウィクトルウェルス,1
遠征,202609020510,OP,芝,アマキヒ,3
遠征,202609020510,OP,芝,グランドカリナン,5
遠征,202609020510,OP,芝,ボーンディスウェイ,6
遠征,202609020510,OP,芝,ミクソロジー,13
遠征,202609020511,重賞,芝,カナテープ,6
遠征,202609020511,重賞,芝,ラヴァンダ,8
遠征,202609020511,重賞,芝,カピリナ,9
遠征,202609020512,2勝クラス,ダ,キタノライブリー,9
遠征,202609020512,2勝クラス,ダ,カワキタマナレア,10
遠征,202609020512,2勝クラス,ダ,ゲクウ,12
遠征,202609020512,2勝クラス,ダ,ビーマックス,13
遠征,202609020512,2勝クラス,ダ,レイユール,14
遠征,202609020512,2勝クラス,ダ,ジャスパーソレイユ,15
遠征,202609020607,2勝クラス,芝,ジャサルディア,1
遠征,202609020607,2勝クラス,芝,イゾラフェリーチェ,2
遠征,202609020607,2勝クラス,芝,マルカオペラ,4
遠征,202609020607,2勝クラス,芝,ブルボンクイーン,10
遠征,202609020608,2勝クラス,ダ,オセアバトルプラン,8
遠征,202609020609,OP,芝,レダアトミカ,3
遠征,202609020609,OP,芝,バースデイフライト,6
遠征,202609020609,OP,芝,ダーリングハースト,9
遠征,202609020610,3勝クラス,芝,ソリダリティ,6
遠征,202609020610,3勝クラス,芝,エゾダイモン,6
遠征,202609020610,3勝クラス,芝,クレバーテースト,11
遠征,202609020611,重賞,芝,ジッピーチューン,3
遠征,202609020611,重賞,芝,サンアントワーヌ,7
遠征,202609020611,重賞,芝,ドリームコア,9
遠征,202609020611,重賞,芝,ディアダイヤモンド,12
遠征,202609020611,重賞,芝,ルールザウェイヴ,14
遠征,202609020611,重賞,芝,ブラックチャリス,15
遠征,202609020611,重賞,芝,ロンギングセリーヌ,18
遠征,202609020612,3勝クラス,ダ,ロングウェイホーム,2
遠征,202609020612,3勝クラス,ダ,ワンパット,10
遠征,202609020709,2勝クラス,ダ,ホウオウゴールド,5
遠征,202609020710,2勝クラス,芝,ライラ,3
遠征,202609020711,重賞,ダ,シュラザック,8
遠征,202609020711,重賞,ダ,ジェイパームス,10
遠征,202609020711,重賞,ダ,ペイシャエス,11
遠征,202609020711,重賞,ダ,ピカピカサンダー,16
遠征,202609020809,2勝クラス,芝,ズイウンゴサイ,5
遠征,202609020809,2勝クラス,芝,ナムアミダブツ,10
遠征,202609020810,3勝クラス,ダ,アンズアメ,2
遠征,202609020810,3勝クラス,ダ,ディニトーソ,9
遠征,202609020810,3勝クラス,ダ,ショウナンハクウン,10
遠征,202609020810,3勝クラス,ダ,ロサンゼルス,11
遠征,202609020810,3勝クラス,ダ,ロードマイライフ,12
遠征,202609020810,3勝クラス,ダ,ゴールドサーベル,13
遠征,202609020811,3勝クラス,芝,パワーホール,7
遠征,202609020811,3勝クラス,芝,グーテンベルク,8
遠征,202609020812,2勝クラス,ダ,ネクストダンサー,9
遠征,202609020812,2勝クラス,ダ,レディゴディヴァ,10
遠征,202609030408,2勝クラス,ダ,ラヴァブル,9
遠征,202609030409,2勝クラス,芝,スネーフリンガ,4
遠征,202609030409,2勝クラス,芝,バシレウスシチー,12
遠征,202609030409,2勝クラス,芝,バンディート,13
遠征,202609030410,3勝クラス,芝,コルレオニス,3
遠征,202609030410,3勝クラス,芝,セブンマジシャン,14
遠征,202609030411,重賞,芝,ダノンデサイル,3
遠征,202609030411,重賞,芝,コスモキュランダ,4
遠征,202609030411,重賞,芝,レガレイラ,7
遠征,202609030411,重賞,芝,ミュージアムマイル,9
遠征,202609030411,重賞,芝,マイネルエンペラー,10
遠征,202609030411,重賞,芝,シンエンペラー,11
遠征,202609030411,重賞,芝,ミクニインスパイア,12
遠征,202609030411,重賞,芝,スティンガーグラス,13
遠征,202609030411,重賞,芝,ミステリーウェイ,16
遠征,202609030411,重賞,芝,シュガークン,17
遠征,202609030412,3勝クラス,ダ,ベルギューン,6
遠征,202609030412,3勝クラス,ダ,ギーロカスタル,10
遠征,202609030412,3勝クラス,ダ,ハッピーロンドン,11
遠征,202609030412,3勝クラス,ダ,ディニトーソ,12
遠征,202609030412,3勝クラス,ダ,ロサンゼルス,14
遠征,202609030610,3勝クラス,ダ,ロフティストーリー,5
遠征,202609030610,3勝クラス,ダ,ルクスビッグスター,10
遠征,202609030611,重賞,芝,エルトンバローズ,1
遠征,202609030611,重賞,芝,エコロアルバ,3
遠征,202609030611,重賞,芝,ファンダム,4
遠征,202609030611,重賞,芝,ブエナオンダ,7
遠征,202609030611,重賞,芝,カズミクラーシュ,8
遠征,202609030611,重賞,芝,ファーヴェント,9
遠征,202609030611,重賞,芝,メタルスピード,10
遠征,202609030611,重賞,芝,ファインライン,11
遠征,202609030611,重賞,芝,サイルーン,14
遠征,202610010110,2勝クラス,芝,ウインマイルート,4
遠征,202610010110,2勝クラス,芝,パープルクラウド,5
遠征,202610010110,2勝クラス,芝,ヴァイザーバルコ,7
遠征,202610010110,2勝クラス,芝,ブリヤディアマンテ,8
遠征,202610010111,重賞,芝,ジョスラン,1
遠征,202610010111,重賞,芝,ボンドガール,2
遠征,202610010111,重賞,芝,フレミングフープ,5
遠征,202610010111,重賞,芝,パレハ,7
遠征,202610010111,重賞,芝,フィールシンパシー,10
遠征,202610010111,重賞,芝,アンリーロード,12
遠征,202610010111,重賞,芝,エリカヴィータ,14
遠征,202610010111,重賞,芝,クリスマスパレード,16
遠征,202610010210,2勝クラス,ダ,アイウィル,1
遠征,202610010210,2勝クラス,ダ,パフ,3
遠征,202610010210,2勝クラス,ダ,ライフゲート,4
遠征,202610010210,2勝クラス,ダ,マテンロウブレイブ,5
遠征,202610010210,2勝クラス,ダ,プレイテシア,7
遠征,202610010210,2勝クラス,ダ,ワンダーカモン,8
遠征,202610010210,2勝クラス,ダ,アベベ,14
遠征,202610010210,2勝クラス,ダ,マナエトレ,15
遠征,202610010210,2勝クラス,ダ,アースイオス,16
遠征,202610010211,3勝クラス,芝,エラトー,1
遠征,202610010211,3勝クラス,芝,キングノジョー,3
遠征,202610010211,3勝クラス,芝,エゾダイモン,4
遠征,202610010211,3勝クラス,芝,ドラゴンヘッド,6
遠征,202610010211,3勝クラス,芝,ハニーコム,7
遠征,202610010211,3勝クラス,芝,サダムオプシス,8
遠征,202610010211,3勝クラス,芝,エイカイマッケンロ,9
遠征,202610010211,3勝クラス,芝,ワイドアラジン,10
遠征,202610010211,3勝クラス,芝,フェミナフォルテ,11
遠征,202610010309,2勝クラス,ダ,スノーサイレンス,1
遠征,202610010309,2勝クラス,ダ,パールフロント,4
遠征,202610010309,2勝クラス,ダ,ハニーローリエ,6
遠征,202610010309,2勝クラス,ダ,リクエイ,7
遠征,202610010309,2勝クラス,ダ,ミッキーマカパ,8
遠征,202610010309,2勝クラス,ダ,ミルフルール,9
遠征,202610010309,2勝クラス,ダ,タミゼ,10
遠征,202610010309,2勝クラス,ダ,フレッシュラン,12
遠征,202610010310,2勝クラス,ダ,ドゥラリス,1
遠征,202610010310,2勝クラス,ダ,コスモマルーン,3
遠征,202610010310,2勝クラス,ダ,スマートプレシャス,4
遠征,202610010310,2勝クラス,ダ,ユウェンタース,6
遠征,202610010310,2勝クラス,ダ,レディゴディヴァ,7
遠征,202610010310,2勝クラス,ダ,ナリタヒカリ,9
遠征,202610010310,2勝クラス,ダ,オカメノコイ,11
遠征,202610010310,2勝クラス,ダ,レーヴドレフォン,12
遠征,202610010310,2勝クラス,ダ,ステラスプレンダー,14
遠征,202610010311,3勝クラス,芝,トーラスシャイン,2
遠征,202610010311,3勝クラス,芝,ポエットリー,6
遠征,202610010311,3勝クラス,芝,ナムラローズマリー,7
遠征,202610010311,3勝クラス,芝,ベイビーキッス,8
遠征,202610010311,3勝クラス,芝,ゴールドサーベル,10
遠征,202610010311,3勝クラス,芝,ハートホイップ,14
遠征,202610010311,3勝クラス,芝,スコーピオン,16
遠征,202610010311,3勝クラス,芝,エスペシャリー,18
遠征,202610010410,2勝クラス,芝,コウセキ,1
遠征,202610010410,2勝クラス,芝,ハリウッドメモリー,2
遠征,202610010410,2勝クラス,芝,カウンターセブン,5
遠征,202610010410,2勝クラス,芝,ゴルトリッチ,7
遠征,202610010410,2勝クラス,芝,ブルボンクイーン,8
遠征,202610010410,2勝クラス,芝,ミニョンマルーン,9
遠征,202610010410,2勝クラス,芝,アタリダイキチ,13
遠征,202610010411,OP,ダ,ハギノサステナブル,2
遠征,202610010411,OP,ダ,クラウンシエンタ,3
遠征,202610010411,OP,ダ,サンマルパトロール,5
遠征,202610010411,OP,ダ,ペプチドソレイユ,6
遠征,202610010411,OP,ダ,ピースオブザライフ,7
遠征,202610010411,OP,ダ,ラタフォレスト,9
遠征,202610010411,OP,ダ,マリアナトレンチ,13
遠征,202610010411,OP,ダ,プリンスミノル,14
遠征,202610010510,2勝クラス,芝,トーアライデン,1
遠征,202610010510,2勝クラス,芝,ウインアクトゥール,3
遠征,202610010510,2勝クラス,芝,オオナミコナミ,4
遠征,202610010510,2勝クラス,芝,フナデ,5
遠征,202610010510,2勝クラス,芝,ルクスジニア,7
遠征,202610010510,2勝クラス,芝,レッドバレンティア,10
遠征,202610010510,2勝クラス,芝,フラッシング,13
遠征,202610010510,2勝クラス,芝,ヤコブセン,14
遠征,202610010510,2勝クラス,芝,ミラーダカリエンテ,15
遠征,202610010511,3勝クラス,ダ,カペルブリュッケ,1
遠征,202610010511,3勝クラス,ダ,ホウオウスーペリア,4
遠征,202610010511,3勝クラス,ダ,レシプロシティ,6
遠征,202610010511,3勝クラス,ダ,アイウィル,8
遠征,202610010511,3勝クラス,ダ,クロースコンバット,9
遠征,202610010511,3勝クラス,ダ,サンセットブライト,11
遠征,202610010511,3勝クラス,ダ,トーセンサウダージ,12
遠征,202610010511,3勝クラス,ダ,ルージュミラージュ,13
遠征,202610010610,2勝クラス,ダ,パフ,1
遠征,202610010610,2勝クラス,ダ,タイセイミッション,3
遠征,202610010610,2勝クラス,ダ,ライフゲート,4
遠征,202610010610,2勝クラス,ダ,タイヨウフレア,5
遠征,202610010610,2勝クラス,ダ,グレイスオブゴッド,7
遠征,202610010610,2勝クラス,ダ,サンキャメロン,12
遠征,202610010610,2勝クラス,ダ,ヤマニンガラッシア,15
遠征,202610010611,OP,芝,レーゼドラマ,1
遠征,202610010611,OP,芝,シルトホルン,2
遠征,202610010611,OP,芝,バトルボーン,3
遠征,202610010611,OP,芝,キングノジョー,7
遠征,202610010611,OP,芝,ダンテスヴュー,8
遠征,202610010611,OP,芝,ヴィンセンシオ,9
遠征,202610010611,OP,芝,ドラゴンヘッド,10
遠征,202610010611,OP,芝,コスモブッドレア,11
遠征,202610010611,OP,芝,アスクドゥポルテ,12
遠征,202610010710,2勝クラス,ダ,トーアジョウトウ,1
遠征,202610010710,2勝クラス,ダ,ザウリ,2
遠征,202610010710,2勝クラス,ダ,ストラテージュ,6
遠征,202610010710,2勝クラス,ダ,クラリティスケール,8
遠征,202610010710,2勝クラス,ダ,ホークレア,13
遠征,202610010710,2勝クラス,ダ,ラホーヤストーム,14
遠征,202610010711,3勝クラス,芝,ジャスパーディビネ,1
遠征,202610010711,3勝クラス,芝,トーラスシャイン,4
遠征,202610010711,3勝クラス,芝,エマヌエーレ,5
遠征,202610010711,3勝クラス,芝,ハピネスアゲン,9
遠征,202610010711,3勝クラス,芝,ナムラローズマリー,10
遠征,202610010711,3勝クラス,芝,シュヴェルトライテ,11
遠征,202610010711,3勝クラス,芝,ベイビーキッス,12
遠征,202610010711,3勝クラス,芝,フォルテム,13
遠征,202610010711,3勝クラス,芝,スコーピオン,14
遠征,202610010711,3勝クラス,芝,ハートホイップ,16
遠征,202610010711,3勝クラス,芝,レオテミス,18
遠征,202610010809,2勝クラス,芝,ハートメテオ,2
遠征,202610010809,2勝クラス,芝,ビターグラッセ,6
遠征,202610010809,2勝クラス,芝,オルノア,7
遠征,202610010810,2勝クラス,芝,トウカイエルデ,2
遠征,202610010810,2勝クラス,芝,マイネルラッシュ,3
遠征,202610010810,2勝クラス,芝,イグニション,4
遠征,202610010810,2勝クラス,芝,ハリウッドメモリー,5
遠征,202610010810,2勝クラス,芝,ロードトレゾール,6
遠征,202610010810,2勝クラス,芝,スムースベルベット,7
遠征,202610010810,2勝クラス,芝,グランツベリー,8
遠征,202610010810,2勝クラス,芝,タイキエクセロン,11
遠征,202610010810,2勝クラス,芝,ジョウゲンノツキ,13
遠征,202610010810,2勝クラス,芝,ニシノラヴァンダ,14
遠征,202610010810,2勝クラス,芝,ベビーズブレス,16
遠征,202610010811,OP,芝,ジョーメッドヴィン,1
遠征,202610010811,OP,芝,アスクワンタイム,2
遠征,202610010811,OP,芝,プルパレイ,3
遠征,202610010811,OP,芝,レッドアヴァンティ,4
遠征,202610010811,OP,芝,メイクアスナッチ,7
遠征,202610010811,OP,芝,カンティーユ,9
遠征,202610010811,OP,芝,クファシル,10
遠征,202610010811,OP,芝,サウザンサニー,12
遠征,202610010811,OP,芝,ショウナンハクラク,13
遠征,202610010811,OP,芝,レッドヒルシューズ,14
遠征,202610010811,OP,芝,ユキノファラオ,15
遠征,202610010811,OP,芝,カルロヴェローチェ,16
遠征,202610010910,2勝クラス,芝,エコロレイズ,1
遠征,202610010910,2勝クラス,芝,ドーバーブライト,2
遠征,202610010910,2勝クラス,芝,ベイラム,3
遠征,202610010910,2勝クラス,芝,ウインネモフィラ,7
遠征,202610010910,2勝クラス,芝,ゴージョニーゴー,9
遠征,202610010910,2勝クラス,芝,ヴァイザーバルコ,12
遠征,202610010910,2勝クラス,芝,ネイチャーシップ,13
遠征,202610010910,2勝クラス,芝,セイウンパシュート,14
遠征,202610010910,2勝クラス,芝,パープルクラウド,15
遠征,202610010911,3勝クラス,ダ,オーケーバーディー,1
遠征,202610010911,3勝クラス,ダ,アイウィル,5
遠征,202610010911,3勝クラス,ダ,レシプロシティ,6
遠征,202610010911,3勝クラス,ダ,ドゥラリス,10
遠征,202610010911,3勝クラス,ダ,ホウオウスーペリア,11
遠征,202610010911,3勝クラス,ダ,ベルダイナフェロー,13
遠征,202610011010,2勝クラス,ダ,タイセイミッション,1
遠征,202610011010,2勝クラス,ダ,スマートスピア,2
遠征,202610011010,2勝クラス,ダ,マテンロウブレイブ,4
遠征,202610011010,2勝クラス,ダ,ライフゲート,5
遠征,202610011010,2勝クラス,ダ,ケイアイメキラ,6
遠征,202610011010,2勝クラス,ダ,コスモマルーン,9
遠征,202610011010,2勝クラス,ダ,ナリタヒカリ,10
遠征,202610011010,2勝クラス,ダ,アイファーグローブ,11
遠征,202610011010,2勝クラス,ダ,タイヨウフレア,13
遠征,202610011011,重賞,芝,ケイアイセナ,2
遠征,202610011011,重賞,芝,シルトホルン,5
遠征,202610011011,重賞,芝,リカンカブール,6
遠征,202610011011,重賞,芝,パレハ,9
遠征,202610011011,重賞,芝,ビーアストニッシド,13
遠征,202610011011,重賞,芝,マテンロウオリオン,15
遠征,202610011110,2勝クラス,ダ,ジュンラトゥール,4
遠征,202610011110,2勝クラス,ダ,キングベルベット,8
遠征,202610011111,2勝クラス,芝,ホウオウアートマン,1
遠征,202610011111,2勝クラス,芝,ワザモノ,2
遠征,202610011111,2勝クラス,芝,タイセイリコルド,3
遠征,202610011111,2勝クラス,芝,シンゼンカガ,4
遠征,202610011111,2勝クラス,芝,レッセパッセ,5
遠征,202610011111,2勝クラス,芝,オメガインペリアル,6
遠征,202610011111,2勝クラス,芝,マイネルフーガ,9
遠征,202610011111,2勝クラス,芝,フナデ,11
遠征,202610011111,2勝クラス,芝,プリズマジコ,13
遠征,202610011210,2勝クラス,芝,モーデン,1
遠征,202610011210,2勝クラス,芝,カウンターセブン,4
遠征,202610011210,2勝クラス,芝,イグニション,6
遠征,202610011210,2勝クラス,芝,ラブディーヴァ,7
遠征,202610011210,2勝クラス,芝,セイウンデセオ,7
遠征,202610011210,2勝クラス,芝,シアター,9
遠征,202610011210,2勝クラス,芝,ゼンダンタカ,18
遠征,202610011211,3勝クラス,芝,バルナバ,1
遠征,202610011211,3勝クラス,芝,モズロックンロール,2
遠征,202610011211,3勝クラス,芝,サクソンジェンヌ,4
遠征,202610011211,3勝クラス,芝,サトノクローク,6
遠征,202610011211,3勝クラス,芝,タイキラフター,8
遠征,202610011211,3勝クラス,芝,ドラゴンヘッド,9
遠征,202610011211,3勝クラス,芝,マイネルニコラス,10
遠征,202610011211,3勝クラス,芝,ピンクジン,13
遠征,202610011211,3勝クラス,芝,クレバーテースト,14
遠征,202610011211,3勝クラス,芝,パワーホール,15
地元,202503030110,2勝クラス,芝,ヴァンヴィーヴ,2
地元,202503030110,2勝クラス,芝,ラトルシェ,5
地元,202503030110,2勝クラス,芝,ジャスパーディビネ,6
地元,202503030110,2勝クラス,芝,ソレントフレイバー,7
地元,202503030110,2勝クラス,芝,シュラフ,8
地元,202503030110,2勝クラス,芝,スペルキャスター,9
地元,202503030110,2勝クラス,芝,ピコアーガイル,9
地元,202503030110,2勝クラス,芝,アジュマン,11
地元,202503030110,2勝クラス,芝,アイノセンシ,12
地元,202503030110,2勝クラス,芝,イグニション,14
地元,202503030110,2勝クラス,芝,タイキヴァンクール,15
地元,202503030111,3勝クラス,芝,ソルトクィーン,1
地元,202503030111,3勝クラス,芝,トーセンエスクード,2
地元,202503030111,3勝クラス,芝,ナムラローズマリー,5
地元,202503030111,3勝クラス,芝,ハートホイップ,7
地元,202503030111,3勝クラス,芝,ゴールドサーベル,8
地元,202503030111,3勝クラス,芝,エスペシャリー,9
地元,202503030111,3勝クラス,芝,ベイビーキッス,10
地元,202503030111,3勝クラス,芝,トーラスシャイン,11
地元,202503030111,3勝クラス,芝,ジュノー,13
地元,202503030111,3勝クラス,芝,ヴィントミューレ,14
地元,202503030111,3勝クラス,芝,イサチルシーサイド,15
地元,202503030111,3勝クラス,芝,アシャカタカ,16
地元,202503030210,2勝クラス,ダ,パフ,3
地元,202503030210,2勝クラス,ダ,ミライヘノカギ,4
地元,202503030210,2勝クラス,ダ,アイファーグローブ,5
地元,202503030210,2勝クラス,ダ,グレイスオブゴッド,6
地元,202503030210,2勝クラス,ダ,ウインアルドーレ,7
地元,202503030210,2勝クラス,ダ,エンプレスフレーム,9
地元,202503030210,2勝クラス,ダ,アトラクティーボ,10
地元,202503030210,2勝クラス,ダ,サンドブラスト,12
地元,202503030210,2勝クラス,ダ,トゥピ,13
地元,202503030210,2勝クラス,ダ,オーケーバーディー,14
地元,202503030211,OP,芝,バースクライ,2
地元,202503030211,OP,芝,ショウナンハクラク,3
地元,202503030211,OP,芝,アスクワンタイム,5
地元,202503030211,OP,芝,クファシル,6
地元,202503030211,OP,芝,ジョーメッドヴィン,7
地元,202503030211,OP,芝,メイクアスナッチ,10
地元,202503030211,OP,芝,コラソンビート,11
地元,202503030211,OP,芝,レッドアヴァンティ,12
地元,202503030211,OP,芝,ツインクルトーズ,14
地元,202503030211,OP,芝,マルディランダ,16
地元,202503030310,2勝クラス,ダ,タイセイミッション,2
地元,202503030310,2勝クラス,ダ,シンボリノエル,3
地元,202503030310,2勝クラス,ダ,ライフゲート,5
地元,202503030310,2勝クラス,ダ,フラッシング,6
地元,202503030310,2勝クラス,ダ,サンキャメロン,7
地元,202503030310,2勝クラス,ダ,ナチュラルリバー,8
地元,202503030310,2勝クラス,ダ,レッドライトニング,9
地元,202503030310,2勝クラス,ダ,ファイヴレター,10
地元,202503030310,2勝クラス,ダ,メイショウタイピン,11
地元,202503030310,2勝クラス,ダ,ビターゼノビア,13
地元,202503030310,2勝クラス,ダ,アメージング,14
地元,202503030310,2勝クラス,ダ,オーケーマヒナ,15
地元,202503030311,3勝クラス,ダ,メイショウカゼマチ,1
地元,202503030311,3勝クラス,ダ,ブレーザー,3
地元,202503030311,3勝クラス,ダ,ワークソング,4
地元,202503030311,3勝クラス,ダ,アメリカンマーチ,5
地元,202503030311,3勝クラス,ダ,ユスティニアン,6
地元,202503030311,3勝クラス,ダ,ミユキアイラブユー,10
地元,202503030311,3勝クラス,ダ,シャカシャカシー,11
地元,202503030311,3勝クラス,ダ,カフジエニアゴン,13
地元,202503030311,3勝クラス,ダ,アマルナ,15
地元,202503030311,3勝クラス,ダ,タツダイヤモンド,16
地元,202503030409,OP,芝,クリエープキー,3
地元,202503030409,OP,芝,ランドスター,4
地元,202503030409,OP,芝,ランプローグ,5
地元,202503030409,OP,芝,ハイヤーマーク,6
地元,202503030409,OP,芝,スターオブロンドン,7
地元,202503030409,OP,芝,コパノトーマス,8
地元,202503030409,OP,芝,クラディスティーナ,9
地元,202503030409,OP,芝,クイーンレグナント,10
地元,202503030409,OP,芝,プリティーミズホ,11
地元,202503030409,OP,芝,エンヴィーミー,14
地元,202503030410,2勝クラス,芝,レーヴドロペラ,3
地元,202503030410,2勝クラス,芝,ヴァイザーバルコ,4
地元,202503030410,2勝クラス,芝,ホウオウアートマン,5
地元,202503030410,2勝クラス,芝,トロピカルライト,7
地元,202503030410,2勝クラス,芝,ウインネモフィラ,8
地元,202503030410,2勝クラス,芝,ハイラント,9
地元,202503030410,2勝クラス,芝,ウインマイルート,10
地元,202503030410,2勝クラス,芝,パープルクラウド,11
地元,202503030410,2勝クラス,芝,ラスハンメル,12
地元,202503030410,2勝クラス,芝,ナムアミダブツ,13
地元,202503030410,2勝クラス,芝,ボンベール,14
地元,202503030410,2勝クラス,芝,コルデアニル,15
地元,202503030410,2勝クラス,芝,ヒシタイカン,16
地元,202503030411,OP,ダ,ダンテバローズ,2
地元,202503030411,OP,ダ,アクションプラン,3
地元,202503030411,OP,ダ,ショウナンライシン,4
地元,202503030411,OP,ダ,プリンスミノル,6
地元,202503030411,OP,ダ,ダノンザボルケーノ,7
地元,202503030411,OP,ダ,マリアナトレンチ,12
地元,202503030411,OP,ダ,ノーブルゲイル,14
地元,202503030510,2勝クラス,ダ,ルージュアズライト,1
地元,202503030510,2勝クラス,ダ,ビーマックス,2
地元,202503030510,2勝クラス,ダ,シュヴァルボヌール,3
地元,202503030510,2勝クラス,ダ,パールフロント,4
地元,202503030510,2勝クラス,ダ,マイレーヌ,7
地元,202503030510,2勝クラス,ダ,ケープアグラス,8
地元,202503030510,2勝クラス,ダ,ロッカバイベイビー,9
地元,202503030510,2勝クラス,ダ,シックザイン,10
地元,202503030510,2勝クラス,ダ,サードウインド,11
地元,202503030510,2勝クラス,ダ,フェデルミエール,12
地元,202503030510,2勝クラス,ダ,ゼンダンタカ,15
地元,202503030510,2勝クラス,ダ,ニシノクラウン,16
地元,202503030511,重賞,芝,ニシノティアモ,1
地元,202503030511,重賞,芝,エコロヴァルツ,2
地元,202503030511,重賞,芝,パレハ,3
地元,202503030511,重賞,芝,アラタ,4
地元,202503030511,重賞,芝,シリウスコルト,5
地元,202503030511,重賞,芝,クリスマスパレード,6
地元,202503030511,重賞,芝,リカンカブール,7
地元,202503030511,重賞,芝,リフレーミング,8
地元,202503030511,重賞,芝,ダンディズム,10
地元,202503030511,重賞,芝,タイムトゥヘヴン,13
地元,202503030511,重賞,芝,キタウイング,14
地元,202503030511,重賞,芝,アンリーロード,16
地元,202504040110,2勝クラス,ダ,ミスエル,3
地元,202504040110,2勝クラス,ダ,スペキオサレジーナ,5
地元,202504040110,2勝クラス,ダ,サンディブロンド,6
地元,202504040110,2勝クラス,ダ,ダズリングダンス,7
地元,202504040110,2勝クラス,ダ,モリノセピア,8
地元,202504040110,2勝クラス,ダ,バンブトンプロ,9
地元,202504040110,2勝クラス,ダ,ヴェラリーシャ,10
地元,202504040110,2勝クラス,ダ,ホワイトターフ,13
地元,202504040110,2勝クラス,ダ,オーロラアーク,14
地元,202504040110,2勝クラス,ダ,イナフセド,15
地元,202504040111,3勝クラス,芝,フリッカージャブ,1
地元,202504040111,3勝クラス,芝,ルーフ,3
地元,202504040111,3勝クラス,芝,エマヌエーレ,4
地元,202504040111,3勝クラス,芝,ショウナンラスボス,5
地元,202504040111,3勝クラス,芝,イサチルシーサイド,7
地元,202504040111,3勝クラス,芝,ソノママソノママ,12
地元,202504040111,3勝クラス,芝,ハピネスアゲン,13
地元,202504040111,3勝クラス,芝,テイエムタリスマ,15
地元,202504040111,3勝クラス,芝,エコロジーク,16
地元,202504040111,3勝クラス,芝,グレタ,18
地元,202504040210,2勝クラス,芝,ベイビーキッス,1
地元,202504040210,2勝クラス,芝,ジャスパーディビネ,2
地元,202504040210,2勝クラス,芝,ニシノトキメキ,3
地元,202504040210,2勝クラス,芝,ソレントフレイバー,4
地元,202504040210,2勝クラス,芝,ラトルシェ,5
地元,202504040210,2勝クラス,芝,ニジュウダンサー,6
地元,202504040210,2勝クラス,芝,ミルフルール,7
地元,202504040210,2勝クラス,芝,ヴェナートル,9
地元,202504040210,2勝クラス,芝,ブルボンクイーン,10
地元,202504040210,2勝クラス,芝,イスラコラソン,11
地元,202504040210,2勝クラス,芝,ルーラルハピネス,13
地元,202504040210,2勝クラス,芝,ハッピーデービー,14
地元,202504040210,2勝クラス,芝,カイザーブリッツ,15
地元,202504040211,OP,芝,カネラフィーナ,1
地元,202504040211,OP,芝,レミージュ,3
地元,202504040211,OP,芝,ミアネーロ,4
地元,202504040211,OP,芝,ロジシルバー,5
地元,202504040211,OP,芝,エリダヌス,8
地元,202504040211,OP,芝,ピンクジン,9
地元,202504040211,OP,芝,ファンタジア,10
地元,202504040211,OP,芝,キミノナハマリア,11
地元,202504040211,OP,芝,アマイ,12
地元,202504040211,OP,芝,イヤサカ,14
地元,202504040310,2勝クラス,ダ,アスクシュタイン,1
地元,202504040310,2勝クラス,ダ,アラレタバシル,2
地元,202504040310,2勝クラス,ダ,ブルータス,3
地元,202504040310,2勝クラス,ダ,ミライヘノカギ,4
地元,202504040310,2勝クラス,ダ,エイブラムス,6
地元,202504040310,2勝クラス,ダ,アイウィル,8
地元,202504040310,2勝クラス,ダ,アールプロスト,9
地元,202504040310,2勝クラス,ダ,ブーバー,10
地元,202504040310,2勝クラス,ダ,ラオラシオン,11
地元,202504040310,2勝クラス,ダ,イデアユウシン,12
地元,202504040310,2勝クラス,ダ,コルサファターレ,13
地元,202504040310,2勝クラス,ダ,エンファサイズ,15
地元,202504040311,3勝クラス,芝,シンハナーダ,1
地元,202504040311,3勝クラス,芝,ウインオーディン,5
地元,202504040311,3勝クラス,芝,ミカッテヨンデイイ,6
地元,202504040311,3勝クラス,芝,タイキラフター,7
地元,202504040311,3勝クラス,芝,サダムオプシス,9
地元,202504040311,3勝クラス,芝,ドラゴンヘッド,10
地元,202504040311,3勝クラス,芝,アスクナイスショー,12
地元,202504040311,3勝クラス,芝,モズロックンロール,15
地元,202504040311,3勝クラス,芝,ウインアイオライト,16
地元,202504040410,2勝クラス,芝,マイネルオーシャン,1
地元,202504040410,2勝クラス,芝,パッションリッチ,2
地元,202504040410,2勝クラス,芝,ウインアクトゥール,3
地元,202504040410,2勝クラス,芝,コスモアバンサ,6
地元,202504040410,2勝クラス,芝,バードウォッチャー,7
地元,202504040410,2勝クラス,芝,アナレンマ,11
地元,202504040410,2勝クラス,芝,ルーチェロッサ,13
地元,202504040410,2勝クラス,芝,ドゥレイクパセージ,15
地元,202504040411,OP,芝,イコサン,1
地元,202504040411,OP,芝,カルロヴェローチェ,2
地元,202504040411,OP,芝,エコロレジーナ,3
地元,202504040411,OP,芝,フィオライア,4
地元,202504040411,OP,芝,リバーラ,5
地元,202504040411,OP,芝,スコーピオン,6
地元,202504040411,OP,芝,ニシノコニャック,7
地元,202504040411,OP,芝,クムシラコ,8
地元,202504040411,OP,芝,バグラダス,9
地元,202504040411,OP,芝,スリーアイランド,11
地元,202504040411,OP,芝,モデルハント,12
地元,202504040411,OP,芝,プルパレイ,15
地元,202504040411,OP,芝,ブーケファロス,16
地元,202504040411,OP,芝,ファロロジー,17
地元,202505040109,2勝クラス,芝,サトノヴィレ,1
地元,202505040109,2勝クラス,芝,アルゲンテウス,2
地元,202505040109,2勝クラス,芝,ラブリージャブリー,3
地元,202505040109,2勝クラス,芝,バードウォッチャー,5
地元,202505040109,2勝クラス,芝,コスモアンソロジー,6
地元,202505040109,2勝クラス,芝,ドリームクルーズ,8
地元,202505040109,2勝クラス,芝,アヴニールドブリエ,10
地元,202505040109,2勝クラス,芝,ミラーダカリエンテ,11
地元,202505040109,2勝クラス,芝,イサチルカゼニタツ,12
地元,202505040110,3勝クラス,芝,レッドシュヴェルト,1
地元,202505040110,3勝クラス,芝,サトミノキラリ,5
地元,202505040110,3勝クラス,芝,オーサムストローク,7
地元,202505040110,3勝クラス,芝,ジュノー,8
地元,202505040110,3勝クラス,芝,アームテイル,9
地元,202505040110,3勝クラス,芝,シュヴェルトライテ,10
地元,202505040110,3勝クラス,芝,シンバーシア,11
地元,202505040110,3勝クラス,芝,エリーズダイヤ,12
地元,202505040110,3勝クラス,芝,ランドオブラヴ,13
地元,202505040110,3勝クラス,芝,ペリファーニア,14
地元,202505040110,3勝クラス,芝,ヴェサリウス,15
地元,202505040111,OP,ダ,ユティタム,3
地元,202505040111,OP,ダ,ロードフォンス,4
地元,202505040111,OP,ダ,ウェットシーズン,5
地元,202505040111,OP,ダ,エルゲルージ,7
地元,202505040111,OP,ダ,サルヴァトーレ,9
地元,202505040111,OP,ダ,レディントン,11
地元,202505040111,OP,ダ,キタノリューオー,12
地元,202505040111,OP,ダ,ダノンザボルケーノ,14
地元,202505040111,OP,ダ,アッチャゴーラ,15
地元,202505040111,OP,ダ,タガノエスコート,16
地元,202505040112,2勝クラス,ダ,ピックアップライン,1
地元,202505040112,2勝クラス,ダ,フウセツ,2
地元,202505040112,2勝クラス,ダ,カネショウレジェン,3
地元,202505040112,2勝クラス,ダ,ルークススペイ,4
地元,202505040112,2勝クラス,ダ,ジューンポンポン,5
地元,202505040112,2勝クラス,ダ,アグラード,6
地元,202505040112,2勝クラス,ダ,クインズデネブ,7
地元,202505040112,2勝クラス,ダ,トリリオンボーイ,8
地元,202505040112,2勝クラス,ダ,モナコブル,9
地元,202505040112,2勝クラス,ダ,ホウオウプレミア,10
地元,202505040112,2勝クラス,ダ,ベルブリエ,11
地元,202505040112,2勝クラス,ダ,メラーキ,13
地元,202505040112,2勝クラス,ダ,フクチャントウメイ,14
地元,202505040112,2勝クラス,ダ,セイウンマカロン,15
地元,202505040112,2勝クラス,ダ,トモジャミ,16
地元,202505040209,2勝クラス,芝,ジュドー,1
地元,202505040209,2勝クラス,芝,メイケイバートン,2
地元,202505040209,2勝クラス,芝,サクセスカラー,4
地元,202505040209,2勝クラス,芝,ポッドロワール,6
地元,202505040209,2勝クラス,芝,ラッジオ,7
地元,202505040209,2勝クラス,芝,オンザブルースカイ,8
地元,202505040209,2勝クラス,芝,アンドアイラヴハー,9
地元,202505040209,2勝クラス,芝,クレオズニードル,12
地元,202505040209,2勝クラス,芝,ホウオウシェリー,15
地元,202505040209,2勝クラス,芝,ヴェンチュラムーン,16
地元,202505040209,2勝クラス,芝,パワースナッチ,17
地元,202505040210,3勝クラス,ダ,オウギノカナメ,1
地元,202505040210,3勝クラス,ダ,ヴァンドーム,2
地元,202505040210,3勝クラス,ダ,フルオール,3
地元,202505040210,3勝クラス,ダ,ジョディーズマロン,5
地元,202505040210,3勝クラス,ダ,シェットランド,6
地元,202505040210,3勝クラス,ダ,ウィステリアリヴァ,7
地元,202505040210,3勝クラス,ダ,フランスゴデイナ,9
地元,202505040210,3勝クラス,ダ,グラウンドビート,10
地元,202505040210,3勝クラス,ダ,ゴールデンオスカー,11
地元,202505040210,3勝クラス,ダ,サノノエスポ,12
地元,202505040210,3勝クラス,ダ,テリフィックプラン,13
地元,202505040210,3勝クラス,ダ,ビーアイオラクル,15
地元,202505040210,3勝クラス,ダ,ルーンファクター,16
地元,202505040211,重賞,芝,レーベンスティール,1
地元,202505040211,重賞,芝,ホウオウビスケッツ,2
地元,202505040211,重賞,芝,サトノシャイニング,3
地元,202505040211,重賞,芝,ディマイザキッド,4
地元,202505040211,重賞,芝,ジェイパームス,6
地元,202505040211,重賞,芝,シルトホルン,9
地元,202505040211,重賞,芝,ラファドゥラ,10
地元,202505040211,重賞,芝,シリウスコルト,11
地元,202505040212,2勝クラス,ダ,ファリーザ,1
地元,202505040212,2勝クラス,ダ,グレイスザクラウン,2
地元,202505040212,2勝クラス,ダ,クォーツァイト,6
地元,202505040212,2勝クラス,ダ,ノルドヴェスト,7
地元,202505040212,2勝クラス,ダ,トーホウキザン,8
地元,202505040212,2勝クラス,ダ,ショウナンヤッホー,9
地元,202505040212,2勝クラス,ダ,ロミオボス,11
地元,202505040212,2勝クラス,ダ,デビッドテソーロ,12
地元,202505040212,2勝クラス,ダ,ヤウガウ,14
地元,202505040212,2勝クラス,ダ,アージェント,15
地元,202505040212,2勝クラス,ダ,オンザスクエア,16
地元,202505040309,2勝クラス,芝,ダノンホイットニー,1
地元,202505040309,2勝クラス,芝,ホウオウアートマン,3
地元,202505040309,2勝クラス,芝,バレンタインガール,4
地元,202505040309,2勝クラス,芝,ズイウンゴサイ,5
地元,202505040309,2勝クラス,芝,モルトマエストーソ,6
地元,202505040309,2勝クラス,芝,セイウンパシュート,7
地元,202505040309,2勝クラス,芝,エーオーキング,8
地元,202505040309,2勝クラス,芝,ソワドリヨン,10
地元,202505040310,2勝クラス,ダ,キョウキランブ,2
地元,202505040310,2勝クラス,ダ,トクシースタローン,3
地元,202505040310,2勝クラス,ダ,レッドリベルタ,4
地元,202505040310,2勝クラス,ダ,ファイアトリック,5
地元,202505040310,2勝クラス,ダ,ラファールドール,6
地元,202505040310,2勝クラス,ダ,プレシャスデイ,7
地元,202505040310,2勝クラス,ダ,タイセイアディクト,8
地元,202505040310,2勝クラス,ダ,ピュアグルーヴ,9
地元,202505040310,2勝クラス,ダ,ルーラーリッチ,10
地元,202505040310,2勝クラス,ダ,カムランベイ,11
地元,202505040310,2勝クラス,ダ,ピコシー,13
地元,202505040310,2勝クラス,ダ,ライジンマル,14
地元,202505040310,2勝クラス,ダ,シグムンド,15
地元,202505040310,2勝クラス,ダ,シゲルカミカゼ,16
地元,202505040311,重賞,芝,ガリレア,2
地元,202505040311,重賞,芝,ゾロアストロ,3
地元,202505040311,重賞,芝,マーゴットブロー,4
地元,202505040311,重賞,芝,ユウファラオ,6
地元,202505040311,重賞,芝,ニシノエースサマ,8
地元,202505040409,2勝クラス,芝,マテンロウバローズ,2
地元,202505040409,2勝クラス,芝,エンペラーズソード,3
地元,202505040409,2勝クラス,芝,コムユンプリュム,4
地元,202505040409,2勝クラス,芝,ストレイトトーカー,5
地元,202505040409,2勝クラス,芝,マンウォル,6
地元,202505040409,2勝クラス,芝,ギフテッド,7
地元,202505040409,2勝クラス,芝,ミーントゥビー,8
地元,202505040409,2勝クラス,芝,ベストオブユー,9
地元,202505040409,2勝クラス,芝,メタルスピード,11
地元,202505040409,2勝クラス,芝,キングノジョー,12
地元,202505040409,2勝クラス,芝,ロゼル,13
地元,202505040409,2勝クラス,芝,ドーンコーラス,14
地元,202505040409,2勝クラス,芝,ステラバルセロナ,15
地元,202505040409,2勝クラス,芝,サンドオブエテル,16
地元,202505040410,3勝クラス,ダ,トクシーカイザー,5
地元,202505040410,3勝クラス,ダ,レイズカイザー,6
地元,202505040410,3勝クラス,ダ,ハッピーロンドン,7
地元,202505040410,3勝クラス,ダ,カフェニクス,8
地元,202505040410,3勝クラス,ダ,ジャスリー,9
地元,202505040410,3勝クラス,ダ,キュムロンニンバス,10
地元,202505040410,3勝クラス,ダ,トーセンサウダージ,11
地元,202505040410,3勝クラス,ダ,スマイルアップ,13
地元,202505040410,3勝クラス,ダ,スティールブルー,14
地元,202505040410,3勝クラス,ダ,アバンチュリエ,15
地元,202505040411,重賞,芝,アンゴラブラック,2
地元,202505040411,重賞,芝,カナテープ,3
地元,202505040411,重賞,芝,ライラック,4
地元,202505040411,重賞,芝,セフィロ,5
地元,202505040411,重賞,芝,ホウオウラスカーズ,6
地元,202505040411,重賞,芝,アドマイヤマツリ,7
地元,202505040411,重賞,芝,リラボニート,8
地元,202505040411,重賞,芝,ボンドガール,9
地元,202505040411,重賞,芝,セキトバイースト,10
地元,202505040411,重賞,芝,フィールシンパシー,11
地元,202505040411,重賞,芝,アンリーロード,14
地元,202505040411,重賞,芝,キャットファイト,16
地元,202505040412,2勝クラス,ダ,マーズオデッセイ,1
地元,202505040412,2勝クラス,ダ,ニシノクードクール,5
地元,202505040412,2勝クラス,ダ,ケンキョ,5
地元,202505040412,2勝クラス,ダ,メモリーグラス,7
地元,202505040412,2勝クラス,ダ,マサノユニコーン,8
地元,202505040412,2勝クラス,ダ,カンザシ,12
地元,202505040412,2勝クラス,ダ,モーニングヘイズ,14
地元,202505040412,2勝クラス,ダ,アレスグート,15
地元,202505040412,2勝クラス,ダ,アベベ,16
地元,202505040510,3勝クラス,芝,エンドウノハナ,2
地元,202505040510,3勝クラス,芝,デュアルウィルダー,3
地元,202505040510,3勝クラス,芝,スピードリッチ,4
地元,202505040510,3勝クラス,芝,レッドヴェロシティ,7
地元,202505040510,3勝クラス,芝,ウィープディライト,8
地元,202505040511,OP,芝,ニシノレヴナント,1
地元,202505040511,OP,芝,トーセンリョウ,2
地元,202505040511,OP,芝,ボーンディスウェイ,3
地元,202505040511,OP,芝,ワイドエンペラー,4
地元,202505040511,OP,芝,マイネルモーント,5
地元,202505040511,OP,芝,スパイダーゴールド,6
地元,202505040511,OP,芝,ウインエーデル,7
地元,202505040511,OP,芝,ブラックシールド,9
地元,202505040511,OP,芝,メリオーレム,10
地元,202505040511,OP,芝,オクタヴィアヌス,11
地元,202505040511,OP,芝,セレシオン,12
地元,202505040511,OP,芝,エープラス,13
地元,202505040511,OP,芝,グランドカリナン,14
地元,202505040511,OP,芝,シルブロン,15
地元,202505040511,OP,芝,サクセスシュート,16
地元,202505040511,OP,芝,ラスカンブレス,17
地元,202505040608,2勝クラス,芝,エラン,1
地元,202505040608,2勝クラス,芝,クラッシファイド,2
地元,202505040608,2勝クラス,芝,ウインルピナス,4
地元,202505040608,2勝クラス,芝,ゴーソーファー,5
地元,202505040608,2勝クラス,芝,ワイズゴールド,6
地元,202505040608,2勝クラス,芝,ピンキープロミス,7
地元,202505040609,OP,芝,スマートプリエール,4
地元,202505040609,OP,芝,マイネルシンベリン,5
地元,202505040609,OP,芝,ルージュカルデア,6
地元,202505040610,3勝クラス,ダ,ピカピカサンダー,1
地元,202505040610,3勝クラス,ダ,ワンパット,4
地元,202505040610,3勝クラス,ダ,オンザライン,7
地元,202505040610,3勝クラス,ダ,ヤマニンエンディマ,8
地元,202505040610,3勝クラス,ダ,ビップスコーピオン,9
地元,202505040610,3勝クラス,ダ,セブンスレター,10
地元,202505040610,3勝クラス,ダ,コスモジンバック,11
地元,202505040610,3勝クラス,ダ,ホウオウバリスタ,12
地元,202505040610,3勝クラス,ダ,ニューバラード,14
地元,202505040610,3勝クラス,ダ,アームブランシュ,15
地元,202505040611,重賞,芝,ガイアフォース,1
地元,202505040611,重賞,芝,ジャンタルマンタル,2
地元,202505040611,重賞,芝,ソウルラッシュ,3
地元,202505040611,重賞,芝,ジュンブロッサム,4
地元,202505040611,重賞,芝,ウンブライル,5
地元,202505040611,重賞,芝,キープカルム,6
地元,202505040611,重賞,芝,シャンパンカラー,8
地元,202505040611,重賞,芝,ウォーターリヒト,9
地元,202505040611,重賞,芝,マジックサンズ,10
地元,202505040611,重賞,芝,ニシノスーベニア,11
地元,202505040611,重賞,芝,レイベリング,12
地元,202505040611,重賞,芝,グリューネグリーン,13
地元,202505040612,2勝クラス,ダ,エチャケナ,3
地元,202505040612,2勝クラス,ダ,スズカコーズ,4
地元,202505040612,2勝クラス,ダ,サンダーアリュール,5
地元,202505040612,2勝クラス,ダ,トルーマンテソーロ,7
地元,202505040612,2勝クラス,ダ,ディージェーサン,8
地元,202505040612,2勝クラス,ダ,ハリケーンリッジ,9
地元,202505040612,2勝クラス,ダ,ロサンゼルス,10
地元,202505040612,2勝クラス,ダ,リュウノタブーク,11
地元,202505040612,2勝クラス,ダ,セキテイオー,12
地元,202505040612,2勝クラス,ダ,グランオルカ,13
地元,202505040612,2勝クラス,ダ,クレイヴィンオナー,14
地元,202505040710,2勝クラス,ダ,クールブロン,1
地元,202505040710,2勝クラス,ダ,サノノワンダー,2
地元,202505040710,2勝クラス,ダ,アイオリア,7
地元,202505040710,2勝クラス,ダ,ショウナンカブト,8
地元,202505040710,2勝クラス,ダ,ヴォンフレ,9
地元,202505040710,2勝クラス,ダ,サイモンソーラン,11
地元,202505040710,2勝クラス,ダ,トルショー,12
地元,202505040710,2勝クラス,ダ,バランスダンサー,13
地元,202505040711,OP,ダ,アピーリングルック,1
地元,202505040711,OP,ダ,フタイテンロック,4
地元,202505040711,OP,ダ,ブレイクフォース,5
地元,202505040711,OP,ダ,ピュアキアン,8
地元,202505040711,OP,ダ,アムールドパリ,9
地元,202505040711,OP,ダ,サンストックトン,11
地元,202505040712,3勝クラス,芝,ニシノティアモ,1
地元,202505040712,3勝クラス,芝,ジョイフルニュース,2
地元,202505040712,3勝クラス,芝,エバーハピネス,3
地元,202505040712,3勝クラス,芝,スパークリシャール,4
地元,202505040712,3勝クラス,芝,ショウナンラピダス,6
地元,202505040712,3勝クラス,芝,ブランデーロック,7
地元,202505040712,3勝クラス,芝,トラマンダーレ,8
地元,202505040712,3勝クラス,芝,テリオスララ,10
地元,202505040712,3勝クラス,芝,マルチャン,13
地元,202505040712,3勝クラス,芝,ニューステソーロ,14
地元,202505040712,3勝クラス,芝,レディネス,16
地元,202505040712,3勝クラス,芝,ディープリッチ,17
地元,202505040712,3勝クラス,芝,バトルハーデン,18
地元,202505040809,2勝クラス,芝,ウイントワイライト,1
地元,202505040809,2勝クラス,芝,デンクマール,3
地元,202505040809,2勝クラス,芝,ゴールドスター,4
地元,202505040809,2勝クラス,芝,メイケイバートン,5
地元,202505040809,2勝クラス,芝,イブニングタイド,6
地元,202505040809,2勝クラス,芝,オンザブルースカイ,9
地元,202505040809,2勝クラス,芝,エフォートレス,12
地元,202505040810,3勝クラス,ダ,ロジアデレード,1
地元,202505040810,3勝クラス,ダ,ヴァンドーム,2
地元,202505040810,3勝クラス,ダ,ルグランヴァン,3
地元,202505040810,3勝クラス,ダ,ベンヌ,4
地元,202505040810,3勝クラス,ダ,フルオール,5
地元,202505040810,3勝クラス,ダ,ベルウェザー,6
地元,202505040810,3勝クラス,ダ,グロッシェン,9
地元,202505040810,3勝クラス,ダ,ラフエイジアン,10
地元,202505040810,3勝クラス,ダ,オレデイイノカ,11
地元,202505040810,3勝クラス,ダ,メイショウフジ,13
地元,202505040810,3勝クラス,ダ,グランツアーテム,15
地元,202505040810,3勝クラス,ダ,モナルヒ,16
地元,202505040811,重賞,芝,タイセイボーグ,3
地元,202505040811,重賞,芝,ハッピーエンジェル,4
地元,202505040811,重賞,芝,ルーチェフィオーレ,7
地元,202505040811,重賞,芝,ヒルデグリム,9
地元,202505040811,重賞,芝,ドナルンバ,10
地元,202505040812,2勝クラス,ダ,フウセツ,1
地元,202505040812,2勝クラス,ダ,マサノユニコーン,2
地元,202505040812,2勝クラス,ダ,オセアエクスプレス,3
地元,202505040812,2勝クラス,ダ,メモリーグラス,6
地元,202505040812,2勝クラス,ダ,アオカミ,7
地元,202505040812,2勝クラス,ダ,トルーマンテソーロ,8
地元,202505040812,2勝クラス,ダ,トロピカルヒーロー,9
地元,202505040812,2勝クラス,ダ,アルジェンタージョ,10
地元,202505040812,2勝クラス,ダ,レヴィテーション,11
地元,202505040812,2勝クラス,ダ,ターニングアップ,13
地元,202505040909,2勝クラス,ダ,ホレーショ,2
地元,202505040909,2勝クラス,ダ,マンウォル,4
地元,202505040909,2勝クラス,ダ,クインズデネブ,5
地元,202505040909,2勝クラス,ダ,マッスルバック,6
地元,202505040909,2勝クラス,ダ,パープルナイト,7
地元,202505040909,2勝クラス,ダ,タイヨウフレア,8
地元,202505040909,2勝クラス,ダ,トーホウキザン,9
地元,202505040909,2勝クラス,ダ,ハリウッドブルース,10
地元,202505040909,2勝クラス,ダ,アイファーバトル,11
地元,202505040910,2勝クラス,芝,クリニクラウン,1
地元,202505040910,2勝クラス,芝,ミーントゥビー,3
地元,202505040910,2勝クラス,芝,ミスティア,4
地元,202505040910,2勝クラス,芝,グレイトクラウン,5
地元,202505040910,2勝クラス,芝,デファイ,6
地元,202505040910,2勝クラス,芝,ブルーベリーフィズ,7
地元,202505040910,2勝クラス,芝,フォーザボーイズ,8
地元,202505040910,2勝クラス,芝,ドリームクルーズ,9
地元,202505040910,2勝クラス,芝,ルクスドヌーヴ,10
地元,202505040911,OP,ダ,タイセイブレイズ,3
地元,202505040911,OP,ダ,ムーヴ,10
地元,202505040911,OP,ダ,ハギノアトラス,11
地元,202505040911,OP,ダ,ハチメンロッピ,13
地元,202505040911,OP,ダ,ジョージテソーロ,15
地元,202505041008,2勝クラス,ダ,ゲキザル,1
地元,202505041008,2勝クラス,ダ,カネショウレジェン,2
地元,202505041008,2勝クラス,ダ,フミサウンド,3
地元,202505041008,2勝クラス,ダ,ニシノスピカ,8
地元,202505041008,2勝クラス,ダ,デビッドテソーロ,9
地元,202505041008,2勝クラス,ダ,ウォルラス,10
地元,202505041008,2勝クラス,ダ,ルークススペイ,11
地元,202505041008,2勝クラス,ダ,ミヤビクライ,12
地元,202505041008,2勝クラス,ダ,サンダーアリュール,13
地元,202505041008,2勝クラス,ダ,ターニングアップ,14
地元,202505041009,2勝クラス,芝,トリプルコーク,1
地元,202505041009,2勝クラス,芝,サンカシグレ,4
地元,202505041009,2勝クラス,芝,ホウオウアートマン,5
地元,202505041009,2勝クラス,芝,ズイウンゴサイ,6
地元,202505041009,2勝クラス,芝,オウケンボルト,7
地元,202505041009,2勝クラス,芝,バナマンテソーロ,8
地元,202505041010,3勝クラス,芝,キュクヌス,2
地元,202505041010,3勝クラス,芝,ヒシアマン,3
地元,202505041010,3勝クラス,芝,パワーホール,4
地元,202505041010,3勝クラス,芝,カニキュル,5
地元,202505041010,3勝クラス,芝,テウメッサ,6
地元,202505041010,3勝クラス,芝,アスクセクシーモア,8
地元,202505041010,3勝クラス,芝,サムハンター,9
地元,202505041010,3勝クラス,芝,ニシノライコウ,11
地元,202505041010,3勝クラス,芝,オメガウインク,12
地元,202505041011,OP,ダ,ジェイパームス,1
地元,202505041011,OP,ダ,サルヴァトーレ,2
地元,202505041011,OP,ダ,トロヴァトーレ,3
地元,202505041011,OP,ダ,アッシュルバニパル,4
地元,202505041011,OP,ダ,ショウナンライシン,5
地元,202505041011,OP,ダ,レガーロデルシエロ,6
地元,202505041011,OP,ダ,アスクドゥラメンテ,9
地元,202505041011,OP,ダ,カズプレスト,11
地元,202505041011,OP,ダ,カラマティアノス,12
地元,202505041011,OP,ダ,ソニックスター,13
地元,202505041011,OP,ダ,オウギノカナメ,14
地元,202505041011,OP,ダ,ユティタム,16
地元,202505041109,2勝クラス,芝,エンペラーズソード,1
地元,202505041109,2勝クラス,芝,アンパドゥ,2
地元,202505041109,2勝クラス,芝,アルゲンテウス,3
地元,202505041109,2勝クラス,芝,ストレイトトーカー,5
地元,202505041109,2勝クラス,芝,ツルマウカタチ,6
地元,202505041109,2勝クラス,芝,マテンロウバローズ,7
地元,202505041109,2勝クラス,芝,ジルバーン,8
地元,202505041109,2勝クラス,芝,ヒロノゴウカイ,9
地元,202505041110,3勝クラス,ダ,エコロアゼル,1
地元,202505041110,3勝クラス,ダ,トクシーカイザー,3
地元,202505041110,3勝クラス,ダ,アンシール,4
地元,202505041110,3勝クラス,ダ,マーズオデッセイ,5
地元,202505041110,3勝クラス,ダ,ジャスリー,6
地元,202505041110,3勝クラス,ダ,カフェニクス,8
地元,202505041110,3勝クラス,ダ,ガンウルフ,9
地元,202505041110,3勝クラス,ダ,キュムロンニンバス,10
地元,202505041110,3勝クラス,ダ,ハードワイヤード,11
地元,202505041110,3勝クラス,ダ,ドーバーホーク,12
地元,202505041111,重賞,芝,マスカレードボール,1
地元,202505041111,重賞,芝,ミュージアムマイル,2
地元,202505041111,重賞,芝,シランケド,4
地元,202505041111,重賞,芝,アーバンシック,5
地元,202505041111,重賞,芝,セイウンハーデス,7
地元,202505041111,重賞,芝,ブレイディヴェーグ,10
地元,202505041111,重賞,芝,エコロヴァルツ,11
地元,202505041111,重賞,芝,コスモキュランダ,12
地元,202505041111,重賞,芝,ホウオウビスケッツ,13
地元,202505041112,2勝クラス,ダ,ロッシニアーナ,1
地元,202505041112,2勝クラス,ダ,ダンツファイター,3
地元,202505041112,2勝クラス,ダ,マーシヴィガラス,4
地元,202505041112,2勝クラス,ダ,ワンダーカモン,5
地元,202505041112,2勝クラス,ダ,コスモオピニオン,6
地元,202505041112,2勝クラス,ダ,コスモマルーン,7
地元,202505041112,2勝クラス,ダ,サイモンソーラン,9
地元,202505041112,2勝クラス,ダ,ショウナンカブト,12
地元,202505041112,2勝クラス,ダ,トリリオンボーイ,13
地元,202505050108,2勝クラス,芝,エストゥペンダ,1
地元,202505050108,2勝クラス,芝,ビーオンザカバー,2
地元,202505050108,2勝クラス,芝,クラッシファイド,3
地元,202505050108,2勝クラス,芝,クロシェットノエル,4
地元,202505050108,2勝クラス,芝,コスモアバンサ,5
地元,202505050108,2勝クラス,芝,ルクスドヌーヴ,6
地元,202505050108,2勝クラス,芝,マフィン,8
地元,202505050109,2勝クラス,ダ,キョウキランブ,1
地元,202505050109,2勝クラス,ダ,トゥーザムーン,3
地元,202505050109,2勝クラス,ダ,ファイアトリック,4
地元,202505050109,2勝クラス,ダ,サンカルミア,5
地元,202505050109,2勝クラス,ダ,シゲルカミカゼ,6
地元,202505050109,2勝クラス,ダ,マーゴットゲイン,7
地元,202505050109,2勝クラス,ダ,キャネル,8
地元,202505050109,2勝クラス,ダ,ヒルノデプラーツ,10
地元,202505050109,2勝クラス,ダ,ルーラーリッチ,11
地元,202505050109,2勝クラス,ダ,エアロソニック,12
地元,202505050109,2勝クラス,ダ,クロックフォード,13
地元,202505050110,3勝クラス,ダ,ナイトアクアリウム,1
地元,202505050110,3勝クラス,ダ,ルグランヴァン,2
地元,202505050110,3勝クラス,ダ,ヴァンドーム,3
地元,202505050110,3勝クラス,ダ,アルゴナヴィス,4
地元,202505050110,3勝クラス,ダ,ジョディーズマロン,5
地元,202505050110,3勝クラス,ダ,クールブロン,6
地元,202505050110,3勝クラス,ダ,モンドデラモーレ,8
地元,202505050110,3勝クラス,ダ,ハーバーライト,9
地元,202505050110,3勝クラス,ダ,ダニーデン,11
地元,202505050111,重賞,芝,フクチャンショウ,2
地元,202505050111,重賞,芝,トワニ,3
地元,202505050111,重賞,芝,シャオママル,4
地元,202505050111,重賞,芝,ユウファラオ,6
地元,202505050111,重賞,芝,リネンタイリン,7
地元,202505050111,重賞,芝,ホットゥトロット,8
地元,202505050111,重賞,芝,レッドスティンガー,8
地元,202505050111,重賞,芝,フォトンゲイザー,14
地元,202505050111,重賞,芝,フェーダーローター,15
地元,202505050111,重賞,芝,コックオーヴァン,16
地元,202505050208,2勝クラス,ダ,ケンキョ,3
地元,202505050208,2勝クラス,ダ,スミレファースト,4
地元,202505050208,2勝クラス,ダ,セントラルヴァレー,5
地元,202505050208,2勝クラス,ダ,ニシノクードクール,8
地元,202505050208,2勝クラス,ダ,スペキオサレジーナ,9
地元,202505050208,2勝クラス,ダ,マケズギライ,10
地元,202505050208,2勝クラス,ダ,ヘルメース,11
地元,202505050208,2勝クラス,ダ,スムースベルベット,12
地元,202505050208,2勝クラス,ダ,ムチャスグラシアス,13
地元,202505050208,2勝クラス,ダ,ヴィクトリーロード,14
地元,202505050208,2勝クラス,ダ,ラストシャリナ,15
地元,202505050208,2勝クラス,ダ,オリアメンディ,16
地元,202505050210,3勝クラス,芝,ウィクトルウェルス,1
地元,202505050210,3勝クラス,芝,エラン,2
地元,202505050210,3勝クラス,芝,スパークリシャール,3
地元,202505050210,3勝クラス,芝,エセルフリーダ,4
地元,202505050210,3勝クラス,芝,マイネルブリックス,5
地元,202505050210,3勝クラス,芝,エリダヌス,6
地元,202505050210,3勝クラス,芝,コスモフロイデ,7
地元,202505050210,3勝クラス,芝,モズロックンロール,9
地元,202505050210,3勝クラス,芝,ミスタージーティー,10
地元,202505050210,3勝クラス,芝,エイカイマッケンロ,11
地元,202505050210,3勝クラス,芝,ブランデーロック,12
地元,202505050211,重賞,芝,スティンガーグラス,2
地元,202505050211,重賞,芝,ディマイザキッド,3
地元,202505050211,重賞,芝,セレシオン,4
地元,202505050211,重賞,芝,シュトルーヴェ,5
地元,202505050211,重賞,芝,ホーエリート,6
地元,202505050211,重賞,芝,マイネルカンパーナ,7
地元,202505050211,重賞,芝,ボーンディスウェイ,8
地元,202505050211,重賞,芝,ニシノレヴナント,9
地元,202505050211,重賞,芝,ローシャムパーク,12
地元,202505050211,重賞,芝,ワイドエンペラー,15
地元,202505050211,重賞,芝,メイショウブレゲ,16
地元,202505050211,重賞,芝,ショウナンアデイブ,17
地元,202505050211,重賞,芝,ギャラクシーナイト,18
地元,202505050212,2勝クラス,芝,タイセイカレント,1
地元,202505050212,2勝クラス,芝,ポッドロワール,2
地元,202505050212,2勝クラス,芝,エリカカリーナ,3
地元,202505050212,2勝クラス,芝,ラパンチュール,4
地元,202505050212,2勝クラス,芝,アニトラ,5
地元,202505050212,2勝クラス,芝,レザンノワール,6
地元,202505050212,2勝クラス,芝,タマカヅラ,7
地元,202505050212,2勝クラス,芝,ラセーヌシュメール,9
地元,202505050212,2勝クラス,芝,シルバーレイン,10
地元,202505050212,2勝クラス,芝,マルプリ,11
地元,202505050212,2勝クラス,芝,ナファロア,12
地元,202505050212,2勝クラス,芝,アタリダイキチ,13
地元,202505050212,2勝クラス,芝,ニコラウス,14
地元,202505050212,2勝クラス,芝,コンテネレッツア,15
地元,202505050212,2勝クラス,芝,キープサインオン,16
地元,202505050309,2勝クラス,ダ,ロフティストーリー,1
地元,202505050309,2勝クラス,ダ,シャパリュ,2
地元,202505050309,2勝クラス,ダ,サノノワンダー,3
地元,202505050309,2勝クラス,ダ,ホウオウプレミア,5
地元,202505050309,2勝クラス,ダ,ケイアイメキラ,8
地元,202505050309,2勝クラス,ダ,オールマキシマム,9
地元,202505050309,2勝クラス,ダ,タイヨウフレア,10
地元,202505050309,2勝クラス,ダ,トーホウキザン,11
地元,202505050309,2勝クラス,ダ,グレイスザクラウン,12
地元,202505050309,2勝クラス,ダ,フォーワンセルフ,13
地元,202505050309,2勝クラス,ダ,アイファーバトル,14
地元,202505050309,2勝クラス,ダ,プチボヌール,15
地元,202505050310,3勝クラス,芝,ジュドー,4
地元,202505050310,3勝クラス,芝,フォルテム,5
地元,202505050310,3勝クラス,芝,ウインレイアー,6
地元,202505050310,3勝クラス,芝,ジュノー,7
地元,202505050310,3勝クラス,芝,エマヌエーレ,8
地元,202505050310,3勝クラス,芝,ラテラルシンキング,11
地元,202505050310,3勝クラス,芝,オメガキャプテン,12
地元,202505050310,3勝クラス,芝,オーサムストローク,13
地元,202505050310,3勝クラス,芝,エリーズダイヤ,14
地元,202505050310,3勝クラス,芝,サトミノキラリ,16
地元,202505050310,3勝クラス,芝,ガルダイア,17
地元,202505050311,重賞,ダ,ルクソールカフェ,1
地元,202505050311,重賞,ダ,コスタノヴァ,2
地元,202505050311,重賞,ダ,ロードフォンス,5
地元,202505050311,重賞,ダ,ヴァルツァーシャル,6
地元,202505050311,重賞,ダ,ラタフォレスト,8
地元,202505050311,重賞,ダ,ウェットシーズン,12
地元,202505050311,重賞,ダ,アドマイヤデイトナ,14
地元,202505050311,重賞,ダ,バトルクライ,15
地元,202505050312,2勝クラス,芝,ダノンセンチュリー,1
地元,202505050312,2勝クラス,芝,フォルラニーニ,2
地元,202505050312,2勝クラス,芝,ホウオウシェリー,3
地元,202505050312,2勝クラス,芝,アルゲンテウス,4
地元,202505050312,2勝クラス,芝,エフォートレス,5
地元,202505050312,2勝クラス,芝,ガルサブランカ,6
地元,202505050312,2勝クラス,芝,ケイケイ,7
地元,202505050312,2勝クラス,芝,コムユンプリュム,8
地元,202505050312,2勝クラス,芝,ジルバーン,9
地元,202505050312,2勝クラス,芝,ドーンコーラス,10
地元,202505050312,2勝クラス,芝,ダイシンアポロン,11
地元,202505050312,2勝クラス,芝,ブラックルビー,12
地元,202505050312,2勝クラス,芝,シャイニースイフト,13
地元,202505050407,2勝クラス,ダ,アンクエンチャブル,2
地元,202505050407,2勝クラス,ダ,スズカコーズ,3
地元,202505050407,2勝クラス,ダ,ジューンポンポン,4
地元,202505050407,2勝クラス,ダ,イモータルバード,5
地元,202505050407,2勝クラス,ダ,フィリップ,6
地元,202505050407,2勝クラス,ダ,オルゴーリオ,7
地元,202505050407,2勝クラス,ダ,エチャケナ,8
地元,202505050407,2勝クラス,ダ,モナコブル,9
地元,202505050407,2勝クラス,ダ,グランオルカ,10
地元,202505050407,2勝クラス,ダ,ミラキュラスライト,11
地元,202505050407,2勝クラス,ダ,オセアエクスプレス,12
地元,202505050407,2勝クラス,ダ,メモリーグラス,13
地元,202505050407,2勝クラス,ダ,クールソル,14
地元,202505050407,2勝クラス,ダ,バンブトンプロ,15
地元,202505050407,2勝クラス,ダ,モリノレッドスター,16
地元,202505050408,2勝クラス,芝,マカナ,1
地元,202505050408,2勝クラス,芝,キングノジョー,1
地元,202505050408,2勝クラス,芝,コンフォルツァ,3
地元,202505050408,2勝クラス,芝,マイネルバーテクス,4
地元,202505050408,2勝クラス,芝,ソルトブリーズ,5
地元,202505050408,2勝クラス,芝,トレサフィール,6
地元,202505050408,2勝クラス,芝,ワザモノ,7
地元,202505050408,2勝クラス,芝,ヴァイザーブリック,8
地元,202505050408,2勝クラス,芝,マイネルフーガ,9
地元,202505050408,2勝クラス,芝,ヴィブラツィオーネ,10
地元,202505050408,2勝クラス,芝,ネイビースター,12
地元,202505050408,2勝クラス,芝,ミッキーソルジャー,13
地元,202505050409,3勝クラス,ダ,グレノークス,2
地元,202505050409,3勝クラス,ダ,ベンヌ,3
地元,202505050409,3勝クラス,ダ,カンパニョーラ,4
地元,202505050409,3勝クラス,ダ,フウセツ,7
地元,202505050409,3勝クラス,ダ,トクシーカイザー,8
地元,202505050409,3勝クラス,ダ,キュムロンニンバス,9
地元,202505050409,3勝クラス,ダ,メイショウコバト,11
地元,202505050409,3勝クラス,ダ,エコロアレス,13
地元,202505050409,3勝クラス,ダ,ハピネスアゲン,14
地元,202505050410,3勝クラス,芝,クリニクラウン,2
地元,202505050410,3勝クラス,芝,ユキワリザクラ,3
地元,202505050410,3勝クラス,芝,エバーハピネス,6
地元,202505050410,3勝クラス,芝,ミカッテヨンデイイ,7
地元,202505050410,3勝クラス,芝,ショウナンサムデイ,9
地元,202505050410,3勝クラス,芝,ココクレーター,10
地元,202505050410,3勝クラス,芝,カヨウネンカ,11
地元,202505050411,OP,芝,レッドモンレーヴ,2
地元,202505050411,OP,芝,レイベリング,5
地元,202505050411,OP,芝,グレイイングリーン,7
地元,202505050411,OP,芝,レッドシュヴェルト,8
地元,202505050411,OP,芝,ウイングレイテスト,12
地元,202505050411,OP,芝,アクートゥス,14
地元,202505050411,OP,芝,ゴールデンシロップ,15
地元,202505050411,OP,芝,メイショウチタン,16
地元,202505050411,OP,芝,セントメモリーズ,17
地元,202505050508,2勝クラス,ダ,セギレエルビエント,1
地元,202505050508,2勝クラス,ダ,アラレタバシル,3
地元,202505050508,2勝クラス,ダ,チュウワチーフ,4
地元,202505050508,2勝クラス,ダ,ホウオウプレミア,5
地元,202505050508,2勝クラス,ダ,レディーフランシス,7
地元,202505050508,2勝クラス,ダ,ワンダーカモン,8
地元,202505050508,2勝クラス,ダ,ゴールドハンマー,9
地元,202505050508,2勝クラス,ダ,エンファサイズ,10
地元,202505050508,2勝クラス,ダ,トルショー,11
地元,202505050508,2勝クラス,ダ,コスモマルーン,12
地元,202505050508,2勝クラス,ダ,マーシヴィガラス,13
地元,202505050508,2勝クラス,ダ,バランスダンサー,14
地元,202505050508,2勝クラス,ダ,ニフェーデービル,15
地元,202505050508,2勝クラス,ダ,マンノステータス,16
地元,202505050510,3勝クラス,芝,エンペラーズソード,1
地元,202505050510,3勝クラス,芝,コートアリシアン,2
地元,202505050510,3勝クラス,芝,ファインライン,3
地元,202505050510,3勝クラス,芝,エスコバル,4
地元,202505050510,3勝クラス,芝,ポルカリズム,5
地元,202505050510,3勝クラス,芝,ウインアイオライト,7
地元,202505050510,3勝クラス,芝,パワーホール,8
地元,202505050510,3勝クラス,芝,アスクセクシーモア,9
地元,202505050510,3勝クラス,芝,フクノブルーレイク,10
地元,202505050510,3勝クラス,芝,ニシノライコウ,14
地元,202505050510,3勝クラス,芝,トウカイファクター,16
地元,202505050510,3勝クラス,芝,ショーモン,17
地元,202505050511,OP,ダ,ウェイワードアクト,1
地元,202505050511,OP,ダ,ロジアデレード,3
地元,202505050511,OP,ダ,ユキマル,4
地元,202505050511,OP,ダ,タイセイブレイズ,5
地元,202505050511,OP,ダ,グッジョブ,7
地元,202505050511,OP,ダ,フルム,9
地元,202505050511,OP,ダ,サルヴァトーレ,10
地元,202505050511,OP,ダ,レディントン,11
地元,202505050511,OP,ダ,ハチメンロッピ,12
地元,202505050511,OP,ダ,サフランヒーロー,13
地元,202505050511,OP,ダ,ニットウバジル,15
地元,202505050511,OP,ダ,ジャスパーゴールド,16
地元,202505050512,2勝クラス,芝,アニトラ,1
地元,202505050512,2勝クラス,芝,ピコローズ,2
地元,202505050512,2勝クラス,芝,ミクストベリーズ,3
地元,202505050512,2勝クラス,芝,レイククレセント,4
地元,202505050512,2勝クラス,芝,プリティディーヴァ,5
地元,202505050512,2勝クラス,芝,サクセスカラー,6
地元,202505050512,2勝クラス,芝,クレオズニードル,7
地元,202505050512,2勝クラス,芝,アージェント,8
地元,202505050512,2勝クラス,芝,ラッジオ,10
地元,202505050512,2勝クラス,芝,カワキタマナレア,12
地元,202505050512,2勝クラス,芝,マルプリ,13
地元,202505050512,2勝クラス,芝,ブルーベリーフィズ,14
地元,202505050512,2勝クラス,芝,ゴールドスター,15
地元,202505050512,2勝クラス,芝,ガーネットウインク,16
地元,202505050512,2勝クラス,芝,クレセントウイング,17
地元,202505050512,2勝クラス,芝,ホークレア,18
地元,202505050708,2勝クラス,ダ,ヴァナルガンド,1
地元,202505050708,2勝クラス,ダ,タイセイアディクト,2
地元,202505050708,2勝クラス,ダ,ジェイエルマスター,3
地元,202505050708,2勝クラス,ダ,ムジェロ,4
地元,202505050708,2勝クラス,ダ,ニューファウンド,6
地元,202505050708,2勝クラス,ダ,サンカルミア,7
地元,202505050708,2勝クラス,ダ,カゼノタカトシ,8
地元,202505050708,2勝クラス,ダ,トクシースタローン,9
地元,202505050708,2勝クラス,ダ,デフィニティーボ,11
地元,202505050708,2勝クラス,ダ,ロンパイア,12
地元,202505050708,2勝クラス,ダ,ピュアグルーヴ,13
地元,202505050708,2勝クラス,ダ,アールプロスト,15
地元,202505050708,2勝クラス,ダ,ビッグベルーガ,16
地元,202505050709,OP,ダ,サトノボヤージュ,1
地元,202505050709,OP,ダ,ドンエレクトス,2
地元,202505050709,OP,ダ,アルカディアカフェ,3
地元,202505050709,OP,ダ,ショーリバース,6
地元,202505050709,OP,ダ,サンデーパーティー,8
地元,202505050709,OP,ダ,ゴールデンブラッド,10
地元,202505050710,3勝クラス,ダ,アンシール,1
地元,202505050710,3勝クラス,ダ,ガンウルフ,2
地元,202505050710,3勝クラス,ダ,グラウンドビート,4
地元,202505050710,3勝クラス,ダ,プロミストジーン,5
地元,202505050710,3勝クラス,ダ,ハッピーロンドン,9
地元,202505050710,3勝クラス,ダ,トーセンサウダージ,10
地元,202505050710,3勝クラス,ダ,スタンリーテソーロ,11
地元,202505050710,3勝クラス,ダ,ジャスリー,12
地元,202505050710,3勝クラス,ダ,ゲキザル,13
地元,202505050710,3勝クラス,ダ,キュムロンニンバス,14
地元,202505050711,OP,芝,シヴァース,2
地元,202505050711,OP,芝,ダイシンヤマト,5
地元,202505050711,OP,芝,ジュンブロッサム,7
地元,202505050711,OP,芝,セフィロ,8
地元,202505050711,OP,芝,マテンロウオリオン,10
地元,202505050711,OP,芝,グランドカリナン,12
地元,202505050711,OP,芝,レイベリング,14
地元,202505050711,OP,芝,コンクシェル,17
地元,202505050711,OP,芝,シャドウフューリー,18
地元,202505050712,2勝クラス,芝,アンパドゥ,1
地元,202505050712,2勝クラス,芝,ジャサルディア,2
地元,202505050712,2勝クラス,芝,ケイケイ,3
地元,202505050712,2勝クラス,芝,ツルマウカタチ,4
地元,202505050712,2勝クラス,芝,マーゴットゲイン,5
地元,202505050712,2勝クラス,芝,リバーバレイト,7
地元,202505050712,2勝クラス,芝,ショーヒデキラ,8
地元,202505050809,2勝クラス,芝,レイニング,1
地元,202505050809,2勝クラス,芝,ボウウィンドウ,2
地元,202505050809,2勝クラス,芝,クロシェットノエル,4
地元,202505050809,2勝クラス,芝,ウインルピナス,5
地元,202505050809,2勝クラス,芝,ビーオンザカバー,6
地元,202505050809,2勝クラス,芝,ミラーダカリエンテ,7
地元,202505050809,2勝クラス,芝,ジャンビ,8
地元,202505050809,2勝クラス,芝,ルーチェロッサ,9
地元,202505050810,2勝クラス,ダ,シャパリュ,1
地元,202505050810,2勝クラス,ダ,ドントゥザムーン,2
地元,202505050810,2勝クラス,ダ,ジューンポンポン,3
地元,202505050810,2勝クラス,ダ,カネショウレジェン,4
地元,202505050810,2勝クラス,ダ,スズカコーズ,6
地元,202505050810,2勝クラス,ダ,ケンキョ,7
地元,202505050810,2勝クラス,ダ,ジーベック,8
地元,202505050810,2勝クラス,ダ,オンザスクエア,9
地元,202505050810,2勝クラス,ダ,レッドアレグロ,10
地元,202505050810,2勝クラス,ダ,ショウナンヤッホー,11
地元,202505050810,2勝クラス,ダ,サトノアルペジオ,13
地元,202505050810,2勝クラス,ダ,フミサウンド,14
地元,202505050810,2勝クラス,ダ,ロイヤルダンス,15
地元,202505050810,2勝クラス,ダ,フクチャントウメイ,16
地元,202505050811,3勝クラス,芝,ウインオーディン,2
地元,202505050811,3勝クラス,芝,パンジャ,3
地元,202505050811,3勝クラス,芝,エセルフリーダ,4
地元,202505050811,3勝クラス,芝,コスモシャングリラ,7
地元,202505050811,3勝クラス,芝,ホウオウムサシ,8
地元,202505050811,3勝クラス,芝,サダムオプシス,9
地元,202505050811,3勝クラス,芝,モズロックンロール,10
地元,202505050811,3勝クラス,芝,バトルハーデン,11
地元,202505050811,3勝クラス,芝,ソリダリティ,12
地元,202505050811,3勝クラス,芝,エリダヌス,13
地元,202505050811,3勝クラス,芝,コスモフロイデ,14
地元,202505050811,3勝クラス,芝,ロジマンボ,15
地元,202505050812,重賞,芝,マスカレードボール,2
地元,202505050812,重賞,芝,ダノンデサイル,3
地元,202505050812,重賞,芝,クロワデュノール,4
地元,202505050812,重賞,芝,ブレイディヴェーグ,6
地元,202505050812,重賞,芝,タスティエーラ,7
地元,202505050812,重賞,芝,コスモキュランダ,9
地元,202505050812,重賞,芝,シュトルーヴェ,10
地元,202505050812,重賞,芝,ディープモンスター,11
地元,202505050812,重賞,芝,セイウンハーデス,12
地元,202505050812,重賞,芝,ダノンベルーガ,13
地元,202505050812,重賞,芝,ホウオウビスケッツ,16
地元,202506050110,2勝クラス,ダ,ブルータス,1
地元,202506050110,2勝クラス,ダ,オールマキシマム,3
地元,202506050110,2勝クラス,ダ,シンボリノエル,5
地元,202506050110,2勝クラス,ダ,ホレーショ,6
地元,202506050110,2勝クラス,ダ,ライフゲート,7
地元,202506050110,2勝クラス,ダ,シゲルカミカゼ,8
地元,202506050110,2勝クラス,ダ,アイファーグローブ,9
地元,202506050110,2勝クラス,ダ,マンダリンボレロ,10
地元,202506050110,2勝クラス,ダ,ショウナンカブト,11
地元,202506050110,2勝クラス,ダ,サイモンソーラン,12
地元,202506050111,重賞,芝,ホーエリート,1
地元,202506050111,重賞,芝,マイネルカンパーナ,2
地元,202506050111,重賞,芝,クロミナンス,3
地元,202506050111,重賞,芝,チャックネイト,7
地元,202506050111,重賞,芝,ヴェルミセル,8
地元,202506050111,重賞,芝,シルブロン,9
地元,202506050111,重賞,芝,メイショウブレゲ,10
地元,202506050111,重賞,芝,ラスカンブレス,11
地元,202506050111,重賞,芝,ミクソロジー,12
地元,202506050111,重賞,芝,ワイズゴールド,13
地元,202506050111,重賞,芝,ピュアキアン,14
地元,202506050112,2勝クラス,芝,アンドアイラヴハー,1
地元,202506050112,2勝クラス,芝,ヴァンヴィーヴ,2
地元,202506050112,2勝クラス,芝,エリカカリーナ,3
地元,202506050112,2勝クラス,芝,トーセントラム,4
地元,202506050112,2勝クラス,芝,ミニョンマルーン,5
地元,202506050112,2勝クラス,芝,マリノトニトゥルス,6
地元,202506050112,2勝クラス,芝,ライクアフラワー,7
地元,202506050112,2勝クラス,芝,ジャガード,8
地元,202506050112,2勝クラス,芝,モーデン,9
地元,202506050112,2勝クラス,芝,ファビュラススター,11
地元,202506050112,2勝クラス,芝,クインズスピカ,12
地元,202506050112,2勝クラス,芝,ライブリームーラン,13
地元,202506050207,2勝クラス,芝,ミクニインスパイア,1
地元,202506050207,2勝クラス,芝,フィーリウス,2
地元,202506050207,2勝クラス,芝,オールマイデイズ,3
地元,202506050207,2勝クラス,芝,ソワドリヨン,4
地元,202506050207,2勝クラス,芝,エコロレイズ,5
地元,202506050207,2勝クラス,芝,プルミエソルティ,6
地元,202506050207,2勝クラス,芝,ハイラント,7
地元,202506050207,2勝クラス,芝,ヴァイザーバルコ,8
地元,202506050207,2勝クラス,芝,キャネル,9
地元,202506050207,2勝クラス,芝,バーケンヘッド,10
地元,202506050208,2勝クラス,ダ,アシャカトベ,1
地元,202506050208,2勝クラス,ダ,ジャスパーソレイユ,2
地元,202506050208,2勝クラス,ダ,テセラリアン,3
地元,202506050208,2勝クラス,ダ,ロサンゼルス,4
地元,202506050208,2勝クラス,ダ,ショウナンハクウン,5
地元,202506050208,2勝クラス,ダ,ピコアーガイル,6
地元,202506050208,2勝クラス,ダ,ヴィクトリーロード,7
地元,202506050208,2勝クラス,ダ,ウォルラス,9
地元,202506050208,2勝クラス,ダ,デビッドテソーロ,10
地元,202506050208,2勝クラス,ダ,バロン,11
地元,202506050208,2勝クラス,ダ,ネイリッカ,12
地元,202506050208,2勝クラス,ダ,タリエシン,13
地元,202506050208,2勝クラス,ダ,ホワイトターフ,14
地元,202506050208,2勝クラス,ダ,レッドバレンティア,15
地元,202506050208,2勝クラス,ダ,ヴェナートル,16
地元,202506050209,3勝クラス,芝,シンバーシア,1
地元,202506050209,3勝クラス,芝,ソーダーンライト,2
地元,202506050209,3勝クラス,芝,トーセンエスクード,3
地元,202506050209,3勝クラス,芝,レオテミス,4
地元,202506050209,3勝クラス,芝,ハートホイップ,6
地元,202506050209,3勝クラス,芝,モジャーリオ,8
地元,202506050209,3勝クラス,芝,トーラスシャイン,9
地元,202506050209,3勝クラス,芝,ヴィントミューレ,10
地元,202506050209,3勝クラス,芝,スコーピオン,11
地元,202506050209,3勝クラス,芝,スピードオブライト,12
地元,202506050210,3勝クラス,ダ,クラウンシエンタ,1
地元,202506050210,3勝クラス,ダ,ウィステリアリヴァ,2
地元,202506050210,3勝クラス,ダ,チュウワクリスエス,3
地元,202506050210,3勝クラス,ダ,イージーオンミー,4
地元,202506050210,3勝クラス,ダ,サンセットブライト,5
地元,202506050210,3勝クラス,ダ,ビップスコーピオン,6
地元,202506050210,3勝クラス,ダ,オレデイイノカ,7
地元,202506050210,3勝クラス,ダ,ファリーザ,8
地元,202506050210,3勝クラス,ダ,グレイテストソング,9
地元,202506050210,3勝クラス,ダ,ゴールドアローン,10
地元,202506050210,3勝クラス,ダ,プレイサーゴールド,11
地元,202506050210,3勝クラス,ダ,スペイドアン,13
地元,202506050210,3勝クラス,ダ,アームブランシュ,14
地元,202506050210,3勝クラス,ダ,トーアアイギス,16
地元,202506050211,OP,芝,カルロヴェローチェ,2
地元,202506050211,OP,芝,ルージュラナキラ,3
地元,202506050211,OP,芝,エコロレジーナ,4
地元,202506050211,OP,芝,カルプスペルシュ,5
地元,202506050211,OP,芝,ウインモナーク,6
地元,202506050211,OP,芝,ティニア,7
地元,202506050211,OP,芝,ハクサンバード,8
地元,202506050211,OP,芝,ジョーメッドヴィン,9
地元,202506050211,OP,芝,アルセナール,12
地元,202506050211,OP,芝,フィオライア,13
地元,202506050211,OP,芝,ブトンドール,14
地元,202506050211,OP,芝,サフランヒーロー,15
地元,202506050211,OP,芝,コラソンビート,16
地元,202506050308,2勝クラス,ダ,ミライヘノカギ,1
地元,202506050308,2勝クラス,ダ,パイシャオピン,2
地元,202506050308,2勝クラス,ダ,メリークリスマス,3
地元,202506050308,2勝クラス,ダ,コスモオピニオン,4
地元,202506050308,2勝クラス,ダ,プチブール,5
地元,202506050308,2勝クラス,ダ,ピコシー,6
地元,202506050308,2勝クラス,ダ,シグムンド,7
地元,202506050308,2勝クラス,ダ,ロゼル,8
地元,202506050308,2勝クラス,ダ,ゲンパチルーナ,11
地元,202506050308,2勝クラス,ダ,オセアバトルプラン,12
地元,202506050308,2勝クラス,ダ,ロングウェイホーム,13
地元,202506050308,2勝クラス,ダ,マンノステータス,14
地元,202506050310,3勝クラス,ダ,モンドプリューム,1
地元,202506050310,3勝クラス,ダ,ゲキザル,2
地元,202506050310,3勝クラス,ダ,ブレーザー,4
地元,202506050310,3勝クラス,ダ,サザンエルフ,5
地元,202506050310,3勝クラス,ダ,ワンダラー,8
地元,202506050310,3勝クラス,ダ,キュムロンニンバス,11
地元,202506050310,3勝クラス,ダ,シャカシャカシー,13
地元,202506050310,3勝クラス,ダ,ランドオブラヴ,14
地元,202506050310,3勝クラス,ダ,エコロエイト,15
地元,202506050311,3勝クラス,芝,マイネルオーシャン,1
地元,202506050311,3勝クラス,芝,ショウナンラピダス,2
地元,202506050311,3勝クラス,芝,グーテンベルク,3
地元,202506050311,3勝クラス,芝,ユキノロイヤル,4
地元,202506050311,3勝クラス,芝,アマイ,5
地元,202506050311,3勝クラス,芝,カヨウネンカ,6
地元,202506050311,3勝クラス,芝,ワイドアラジン,7
地元,202506050311,3勝クラス,芝,フクノブルーレイク,8
地元,202506050311,3勝クラス,芝,マイネルニコラス,9
地元,202506050311,3勝クラス,芝,ドラゴンヘッド,10
地元,202506050311,3勝クラス,芝,ピンクジン,11
地元,202506050311,3勝クラス,芝,トラマンダーレ,13
地元,202506050311,3勝クラス,芝,ディープリッチ,14
地元,202506050311,3勝クラス,芝,マイネルブリックス,15
地元,202506050311,3勝クラス,芝,バロネッサ,16
地元,202506050312,2勝クラス,ダ,シュヴァルボヌール,1
地元,202506050312,2勝クラス,ダ,モリノセピア,2
地元,202506050312,2勝クラス,ダ,ケープアグラス,3
地元,202506050312,2勝クラス,ダ,ジーベック,4
地元,202506050312,2勝クラス,ダ,ラストシャリナ,5
地元,202506050312,2勝クラス,ダ,キョウエイカンフ,6
地元,202506050312,2勝クラス,ダ,カイザーブリッツ,7
地元,202506050312,2勝クラス,ダ,ベルブリエ,8
地元,202506050312,2勝クラス,ダ,フェデルミエール,9
地元,202506050312,2勝クラス,ダ,アベベ,10
地元,202506050312,2勝クラス,ダ,リリージェーン,11
地元,202506050312,2勝クラス,ダ,アルデショワ,12
地元,202506050312,2勝クラス,ダ,ヴェラリーシャ,13
地元,202506050409,2勝クラス,芝,ダンツファイター,2
地元,202506050409,2勝クラス,芝,ヤマニンアドホック,3
地元,202506050409,2勝クラス,芝,ソルトブリーズ,4
地元,202506050409,2勝クラス,芝,タッチアンドムーブ,6
地元,202506050409,2勝クラス,芝,ヤマニンガラッシア,7
地元,202506050409,2勝クラス,芝,ワザモノ,8
地元,202506050409,2勝クラス,芝,ドゥカート,9
地元,202506050409,2勝クラス,芝,ナムララジベラ,10
地元,202506050409,2勝クラス,芝,バセリーナ,11
地元,202506050409,2勝クラス,芝,フナデ,12
地元,202506050410,OP,ダ,ヴァルツァーシャル,2
地元,202506050410,OP,ダ,ブレイクフォース,4
地元,202506050410,OP,ダ,ショウナンライシン,5
地元,202506050410,OP,ダ,アクションプラン,8
地元,202506050410,OP,ダ,ラタフォレスト,9
地元,202506050410,OP,ダ,コンクシェル,10
地元,202506050410,OP,ダ,ダンテバローズ,11
地元,202506050410,OP,ダ,シェットランド,12
地元,202506050410,OP,ダ,タガノエスコート,14
地元,202506050410,OP,ダ,ゴールデンシロップ,16
地元,202506050411,重賞,ダ,エコロアゼル,3
地元,202506050411,重賞,ダ,ガビーズシスター,4
地元,202506050411,重賞,ダ,ニットウバジル,5
地元,202506050411,重賞,ダ,ジャスパーゴールド,9
地元,202506050411,重賞,ダ,クロジシジョー,10
地元,202506050411,重賞,ダ,キャンディドライヴ,12
地元,202506050510,2勝クラス,ダ,プレシャスデイ,1
地元,202506050510,2勝クラス,ダ,ムジェロ,2
地元,202506050510,2勝クラス,ダ,フジレイメイ,3
地元,202506050510,2勝クラス,ダ,ファイアトリック,4
地元,202506050510,2勝クラス,ダ,タイセイアディクト,6
地元,202506050510,2勝クラス,ダ,インペリアルライン,7
地元,202506050510,2勝クラス,ダ,アトラクティーボ,10
地元,202506050510,2勝クラス,ダ,ラファールドール,12
地元,202506050510,2勝クラス,ダ,イデアユウシン,13
地元,202506050510,2勝クラス,ダ,コスモコンフェルマ,14
地元,202506050510,2勝クラス,ダ,ヤウガウ,15
地元,202506050510,2勝クラス,ダ,セイウンガレオン,16
地元,202506050511,重賞,芝,ドロップオブライト,1
地元,202506050511,重賞,芝,リラボニート,2
地元,202506050511,重賞,芝,ソルトクィーン,3
地元,202506050511,重賞,芝,シングザットソング,4
地元,202506050511,重賞,芝,フィールシンパシー,5
地元,202506050511,重賞,芝,カピリナ,6
地元,202506050511,重賞,芝,ホウオウラスカーズ,8
地元,202506050511,重賞,芝,ジューンオレンジ,9
地元,202506050511,重賞,芝,ボンドガール,11
地元,202506050511,重賞,芝,ウンブライル,12
地元,202506050511,重賞,芝,キタウイング,16
地元,202506050512,2勝クラス,ダ,ロサンゼルス,1
地元,202506050512,2勝クラス,ダ,ショウナンハクウン,3
地元,202506050512,2勝クラス,ダ,ドントゥザムーン,4
地元,202506050512,2勝クラス,ダ,エリカマユーリ,5
地元,202506050512,2勝クラス,ダ,ザウリ,6
地元,202506050512,2勝クラス,ダ,ヘルメース,7
地元,202506050512,2勝クラス,ダ,プレイテシア,8
地元,202506050512,2勝クラス,ダ,アグラード,9
地元,202506050512,2勝クラス,ダ,タッカージーティー,10
地元,202506050512,2勝クラス,ダ,ロミオボス,11
地元,202506050512,2勝クラス,ダ,オリビアジュテーム,12
地元,202506050512,2勝クラス,ダ,トモジャミ,13
地元,202506050512,2勝クラス,ダ,ドナレア,14
地元,202506050512,2勝クラス,ダ,ウォルラス,15
地元,202506050512,2勝クラス,ダ,ファイントパーズ,16
地元,202506050609,2勝クラス,芝,シャドウメテオ,1
地元,202506050609,2勝クラス,芝,オルノア,2
地元,202506050609,2勝クラス,芝,コンドゥイア,3
地元,202506050609,2勝クラス,芝,クロシェットノエル,4
地元,202506050609,2勝クラス,芝,ヴァイルマティ,5
地元,202506050609,2勝クラス,芝,ビターグラッセ,6
地元,202506050609,2勝クラス,芝,ノビリシマビジョン,7
地元,202506050609,2勝クラス,芝,ホウオウシンデレラ,8
地元,202506050609,2勝クラス,芝,ロムネヤ,9
地元,202506050609,2勝クラス,芝,グランカンタンテ,10
地元,202506050609,2勝クラス,芝,レイピカケ,11
地元,202506050610,3勝クラス,ダ,イムホテプ,1
地元,202506050610,3勝クラス,ダ,デコラシオン,2
地元,202506050610,3勝クラス,ダ,ミライヘノカギ,3
地元,202506050610,3勝クラス,ダ,ラフエイジアン,4
地元,202506050610,3勝クラス,ダ,ゴールドアローン,5
地元,202506050610,3勝クラス,ダ,サンセットブライト,6
地元,202506050610,3勝クラス,ダ,ホウオウバリスタ,6
地元,202506050610,3勝クラス,ダ,ドバイブルース,8
地元,202506050610,3勝クラス,ダ,ヴァナルガンド,9
地元,202506050610,3勝クラス,ダ,グランツアーテム,10
地元,202506050610,3勝クラス,ダ,ベルギューン,12
地元,202506050610,3勝クラス,ダ,メイショウフジ,14
地元,202506050611,OP,芝,ドラゴンブースト,1
地元,202506050611,OP,芝,グランディア,2
地元,202506050611,OP,芝,シルトホルン,3
地元,202506050611,OP,芝,コントラポスト,5
地元,202506050611,OP,芝,タシット,6
地元,202506050611,OP,芝,ビーアストニッシド,7
地元,202506050611,OP,芝,ホウオウノーサイド,8
地元,202506050611,OP,芝,バレエマスター,11
地元,202506050611,OP,芝,ゴンバデカーブース,13
地元,202506050611,OP,芝,コスモブッドレア,14
地元,202506050611,OP,芝,ラーグルフ,15
地元,202506050611,OP,芝,アケルナルスター,16
地元,202506050612,2勝クラス,芝,メタルスピード,1
地元,202506050612,2勝クラス,芝,ピコローズ,2
地元,202506050612,2勝クラス,芝,パワースナッチ,3
地元,202506050612,2勝クラス,芝,パルティクラール,4
地元,202506050612,2勝クラス,芝,ロゼル,5
地元,202506050612,2勝クラス,芝,サクセスカラー,6
地元,202506050612,2勝クラス,芝,ケイケイ,7
地元,202506050612,2勝クラス,芝,マイネルフーガ,9
地元,202506050612,2勝クラス,芝,ガーネットウインク,10
地元,202506050612,2勝クラス,芝,マイネルフォルツァ,11
地元,202506050612,2勝クラス,芝,ヒロノゴウカイ,12
地元,202506050612,2勝クラス,芝,ボンベール,14
地元,202506050612,2勝クラス,芝,レッドバレンティア,15
地元,202506050612,2勝クラス,芝,メイショウヨゾラ,16
地元,202506050709,2勝クラス,芝,スムースベルベット,2
地元,202506050709,2勝クラス,芝,タマカヅラ,3
地元,202506050709,2勝クラス,芝,ヴァンヴィーヴ,4
地元,202506050709,2勝クラス,芝,スターウェーブ,5
地元,202506050709,2勝クラス,芝,ニシノラヴァンダ,6
地元,202506050709,2勝クラス,芝,トーセントラム,7
地元,202506050709,2勝クラス,芝,ミニョンマルーン,8
地元,202506050709,2勝クラス,芝,アップストローク,9
地元,202506050709,2勝クラス,芝,マイネルビジョン,10
地元,202506050709,2勝クラス,芝,ゴキゲンサン,11
地元,202506050709,2勝クラス,芝,ルシード,12
地元,202506050709,2勝クラス,芝,ムチャスグラシアス,13
地元,202506050709,2勝クラス,芝,イスラコラソン,14
地元,202506050709,2勝クラス,芝,ユキノエミリオ,15
地元,202506050709,2勝クラス,芝,オセアフラッグ,16
地元,202506050711,重賞,芝,フォルテアンジェロ,2
地元,202506050711,重賞,芝,アーレムアレス,4
地元,202506050711,重賞,芝,オルフセン,6
地元,202506050711,重賞,芝,ノチェセラーダ,10
地元,202506050711,重賞,芝,マテンロウゼロ,11
地元,202506050711,重賞,芝,ジーネキング,12
地元,202506050711,重賞,芝,ショウナンガルフ,14
地元,202506050711,重賞,芝,ノーウェアマン,15
地元,202506050712,3勝クラス,芝,ミクニインスパイア,1
地元,202506050712,3勝クラス,芝,アマキヒ,2
地元,202506050712,3勝クラス,芝,ローザサンリヴァル,3
地元,202506050712,3勝クラス,芝,サクソンジェンヌ,4
地元,202506050712,3勝クラス,芝,レッドテリオス,6
地元,202506050712,3勝クラス,芝,フルール,7
地元,202506050712,3勝クラス,芝,スピードリッチ,9
地元,202506050712,3勝クラス,芝,モズマーヴェリック,10
地元,202506050712,3勝クラス,芝,メイテソーロ,11
地元,202506050712,3勝クラス,芝,フェミナフォルテ,12
地元,202506050712,3勝クラス,芝,レッドヴェロシティ,13
地元,202506050712,3勝クラス,芝,アームブランシュ,14
地元,202506050808,2勝クラス,ダ,ジェイエルマスター,1
地元,202506050808,2勝クラス,ダ,プルナチャンドラ,2
地元,202506050808,2勝クラス,ダ,ディーズゴールド,3
地元,202506050808,2勝クラス,ダ,オールマキシマム,4
地元,202506050808,2勝クラス,ダ,カフェアローロ,6
地元,202506050808,2勝クラス,ダ,マンダリンボレロ,7
地元,202506050808,2勝クラス,ダ,コスモマルーン,8
地元,202506050808,2勝クラス,ダ,ベルイストワール,9
地元,202506050808,2勝クラス,ダ,オーケーマヒナ,10
地元,202506050808,2勝クラス,ダ,アパイシュナール,11
地元,202506050808,2勝クラス,ダ,エンプレスフレーム,13
地元,202506050809,2勝クラス,芝,ピックデムッシュ,2
地元,202506050809,2勝クラス,芝,オストラヴァ,3
地元,202506050809,2勝クラス,芝,フィーリウス,4
地元,202506050809,2勝クラス,芝,ウインマイルート,5
地元,202506050809,2勝クラス,芝,エコロレイズ,6
地元,202506050809,2勝クラス,芝,オウケンボルト,7
地元,202506050809,2勝クラス,芝,ラーシャローム,9
地元,202506050809,2勝クラス,芝,リギーロ,10
地元,202506050809,2勝クラス,芝,ソワドリヨン,11
地元,202506050809,2勝クラス,芝,セイウンパシュート,12
地元,202506050809,2勝クラス,芝,サツキスマイル,14
地元,202506050810,3勝クラス,ダ,カンパニョーラ,1
地元,202506050810,3勝クラス,ダ,コブラ,2
地元,202506050810,3勝クラス,ダ,アシャカトベ,4
地元,202506050810,3勝クラス,ダ,カフジエニアゴン,5
地元,202506050810,3勝クラス,ダ,ルージュアズライト,6
地元,202506050810,3勝クラス,ダ,メイショウコバト,8
地元,202506050810,3勝クラス,ダ,エリーズダイヤ,9
地元,202506050810,3勝クラス,ダ,カウスリップ,10
地元,202506050810,3勝クラス,ダ,ニシノコニャック,11
地元,202506050810,3勝クラス,ダ,アイアムユウシュン,12
地元,202506050810,3勝クラス,ダ,ワークソング,13
地元,202506050810,3勝クラス,ダ,グレタ,14
地元,202506050811,重賞,芝,ミュージアムマイル,1
地元,202506050811,重賞,芝,コスモキュランダ,2
地元,202506050811,重賞,芝,ダノンデサイル,3
地元,202506050811,重賞,芝,タスティエーラ,6
地元,202506050811,重賞,芝,シンエンペラー,14
地元,202506050811,重賞,芝,アラタ,15
地元,202506050811,重賞,芝,ミステリーウェイ,16
地元,202506050812,3勝クラス,芝,ジョイフルニュース,1
地元,202506050812,3勝クラス,芝,レッドアトレーヴ,4
地元,202506050812,3勝クラス,芝,テウメッサ,5
地元,202506050812,3勝クラス,芝,カニキュル,6
地元,202506050812,3勝クラス,芝,ペリファーニア,8
地元,202506050812,3勝クラス,芝,ファインライン,10
地元,202506050812,3勝クラス,芝,ボーモンド,11
地元,202506050812,3勝クラス,芝,サムハンター,12
地元,202506050812,3勝クラス,芝,マルチャン,13
地元,202506050812,3勝クラス,芝,ピックアチェリー,14
地元,202506050812,3勝クラス,芝,アグラシアド,15
地元,202506050812,3勝クラス,芝,ショーマンフリート,16
地元,202507050110,2勝クラス,ダ,ゼットエール,1
地元,202507050110,2勝クラス,ダ,ワイノナオミ,2
地元,202507050110,2勝クラス,ダ,アメリカンチケット,4
地元,202507050110,2勝クラス,ダ,フェンダー,5
地元,202507050110,2勝クラス,ダ,フレイミングパイ,8
地元,202507050110,2勝クラス,ダ,サウンドサンビーム,11
地元,202507050110,2勝クラス,ダ,ブルーノート,12
地元,202507050111,3勝クラス,芝,レディマリオン,1
地元,202507050111,3勝クラス,芝,ミストレス,5
地元,202507050111,3勝クラス,芝,ハワイアンティアレ,6
地元,202507050111,3勝クラス,芝,アスクビギンアゲン,9
地元,202507050209,2勝クラス,ダ,シンコーナホチャン,3
地元,202507050209,2勝クラス,ダ,フクキタテーラー,8
地元,202507050209,2勝クラス,ダ,サラサハウプリティ,9
地元,202507050209,2勝クラス,ダ,プウスカンドゥール,10
地元,202507050209,2勝クラス,ダ,ベファーナ,12
地元,202507050209,2勝クラス,ダ,タマモナポリ,13
地元,202507050209,2勝クラス,ダ,エターナルプロミス,14
地元,202507050210,2勝クラス,芝,キングメーカー,1
地元,202507050210,2勝クラス,芝,マテンロウブラボー,2
地元,202507050210,2勝クラス,芝,テラメリタ,3
地元,202507050210,2勝クラス,芝,ヴィスマール,5
地元,202507050210,2勝クラス,芝,フォーキャンドルズ,6
地元,202507050210,2勝クラス,芝,ジーティードレス,7
地元,202507050210,2勝クラス,芝,サクラオーラ,8
地元,202507050210,2勝クラス,芝,クスクス,12
地元,202507050211,重賞,ダ,ダブルハートボンド,1
地元,202507050211,重賞,ダ,アウトレンジ,5
地元,202507050211,重賞,ダ,ハギノアレグリアス,6
地元,202507050310,2勝クラス,ダ,キングブルー,2
地元,202507050310,2勝クラス,ダ,エイカイソウル,3
地元,202507050310,2勝クラス,ダ,ポッドフォルク,4
地元,202507050310,2勝クラス,ダ,キングオブフジ,10
地元,202507050310,2勝クラス,ダ,メイトースイ,11
地元,202507050310,2勝クラス,ダ,メイケイロゼッタ,12
地元,202507050310,2勝クラス,ダ,タッチャブル,13
地元,202507050310,2勝クラス,ダ,ワンダースティング,14
地元,202507050310,2勝クラス,ダ,ボックスオフィス,15
地元,202507050311,重賞,芝,シェイクユアハート,1
地元,202507050311,重賞,芝,レッドバリエンテ,2
地元,202507050311,重賞,芝,ジューンテイク,3
地元,202507050311,重賞,芝,ファミリータイム,7
地元,202507050311,重賞,芝,オニャンコポン,10
地元,202507050311,重賞,芝,ウインエーデル,11
地元,202507050311,重賞,芝,ホウオウプロサンゲ,15
地元,202507050311,重賞,芝,グーデンドラーク,16
地元,202507050311,重賞,芝,カネフラ,17
地元,202507050410,2勝クラス,芝,ダノンジョーカー,2
地元,202507050410,2勝クラス,芝,バンフィエルド,4
地元,202507050410,2勝クラス,芝,イーサンアイ,7
地元,202507050410,2勝クラス,芝,オルトパラティウム,8
地元,202507050411,3勝クラス,芝,キャプテンシー,3
地元,202507050411,3勝クラス,芝,ブラックケリー,4
地元,202507050411,3勝クラス,芝,ロードトレイル,5
地元,202507050411,3勝クラス,芝,サウスバンク,6
地元,202507050411,3勝クラス,芝,ダークエクリプス,7
地元,202507050411,3勝クラス,芝,エコロマーズ,8
地元,202507050509,OP,芝,コラルリーフ,1
地元,202507050509,OP,芝,タマモイカロス,2
地元,202507050509,OP,芝,フレンドモナコ,5
地元,202507050509,OP,芝,フォーゲル,9
地元,202507050510,2勝クラス,ダ,クリノオリーブ,4
地元,202507050510,2勝クラス,ダ,ロードオルデン,5
地元,202507050510,2勝クラス,ダ,カツラノキサノキ,6
地元,202507050510,2勝クラス,ダ,テーオーライマン,13
地元,202507050511,3勝クラス,ダ,メイショウズイウン,1
地元,202507050511,3勝クラス,ダ,ペンナヴェローチェ,3
地元,202507050511,3勝クラス,ダ,トウカイポワール,4
地元,202507050511,3勝クラス,ダ,メイプルタピット,7
地元,202507050511,3勝クラス,ダ,パカーラン,9
地元,202507050511,3勝クラス,ダ,グラヴィス,10
地元,202507050610,2勝クラス,芝,メディテラニアン,2
地元,202507050610,2勝クラス,芝,ショウナンバルドル,3
地元,202507050610,2勝クラス,芝,チェルノボーグ,4
地元,202507050610,2勝クラス,芝,フルレゾン,6
地元,202507050610,2勝クラス,芝,バンフィエルド,9
地元,202507050610,2勝クラス,芝,ホウオウレイヴン,10
地元,202507050611,OP,ダ,ダノンフィーゴ,1
地元,202507050611,OP,ダ,スターターン,4
地元,202507050611,OP,ダ,サトノフェニックス,10
地元,202507050611,OP,ダ,サクセスローレル,14
地元,202507050611,OP,ダ,プロトポロス,15
地元,202507050611,OP,ダ,ワイワイレジェンド,16
地元,202507050612,2勝クラス,芝,リチャードバローズ,1
地元,202507050612,2勝クラス,芝,メイショウカイト,2
地元,202507050612,2勝クラス,芝,アドマイヤジェイ,4
地元,202507050612,2勝クラス,芝,レーヴジーニアル,5
地元,202507050612,2勝クラス,芝,ルヴァンノワール,8
地元,202507050612,2勝クラス,芝,サダメ,15
地元,202507050612,2勝クラス,芝,ビップジーニー,18
地元,202508030108,2勝クラス,芝,マトラコーニッシュ,2
地元,202508030108,2勝クラス,芝,ヴァリディシームス,3
地元,202508030108,2勝クラス,芝,ステラクラウン,4
地元,202508030108,2勝クラス,芝,デルアヴァー,6
地元,202508030108,2勝クラス,芝,オデット,10
地元,202508030108,2勝クラス,芝,キャリーハピネス,11
地元,202508030108,2勝クラス,芝,ナグルファル,12
地元,202508030110,3勝クラス,ダ,メイショウホウレン,1
地元,202508030110,3勝クラス,ダ,ルディック,2
地元,202508030110,3勝クラス,ダ,ノボリショウリュウ,3
地元,202508030110,3勝クラス,ダ,パドマ,5
地元,202508030110,3勝クラス,ダ,ヒルノドゴール,6
地元,202508030110,3勝クラス,ダ,ローズバルサム,7
地元,202508030110,3勝クラス,ダ,メイショウヤーキス,9
地元,202508030110,3勝クラス,ダ,タマモダイジョッキ,10
地元,202508030110,3勝クラス,ダ,カネコメシスター,11
地元,202508030110,3勝クラス,ダ,ストレングス,12
地元,202508030110,3勝クラス,ダ,ビバップ,13
地元,202508030110,3勝クラス,ダ,ネグレスコ,14
地元,202508030110,3勝クラス,ダ,イミュータブル,15
地元,202508030110,3勝クラス,ダ,サトノグレイト,16
地元,202508030111,OP,芝,メイショウソラフネ,1
地元,202508030111,OP,芝,ナムラクララ,2
地元,202508030111,OP,芝,クラスペディア,3
地元,202508030111,OP,芝,グランテスト,10
地元,202508030111,OP,芝,ベガリス,11
地元,202508030111,OP,芝,エコロガイア,17
地元,202508030112,2勝クラス,ダ,ヒルノハンブルク,1
地元,202508030112,2勝クラス,ダ,モックモック,2
地元,202508030112,2勝クラス,ダ,マキシマムビスタ,3
地元,202508030112,2勝クラス,ダ,クリノフィガロ,4
地元,202508030112,2勝クラス,ダ,キングオブフジ,5
地元,202508030112,2勝クラス,ダ,メイショウツヨキ,6
地元,202508030112,2勝クラス,ダ,ドンアチェカ,7
地元,202508030112,2勝クラス,ダ,クリノグローリー,8
地元,202508030112,2勝クラス,ダ,メイショウシロガネ,9
地元,202508030112,2勝クラス,ダ,トーレ,10
地元,202508030112,2勝クラス,ダ,クリノラピダス,11
地元,202508030112,2勝クラス,ダ,ヒデノレインボー,12
地元,202508030112,2勝クラス,ダ,オーシンハーフ,13
地元,202508030208,2勝クラス,ダ,タマモティーカップ,1
地元,202508030208,2勝クラス,ダ,ピエマンソン,2
地元,202508030208,2勝クラス,ダ,ワーズワース,3
地元,202508030208,2勝クラス,ダ,コスモストーム,4
地元,202508030208,2勝クラス,ダ,クアトロジャック,5
地元,202508030208,2勝クラス,ダ,ワイノナオミ,6
地元,202508030208,2勝クラス,ダ,モズナイスバディー,7
地元,202508030208,2勝クラス,ダ,リネアグローリア,8
地元,202508030208,2勝クラス,ダ,ブライトルピナス,11
地元,202508030208,2勝クラス,ダ,サマーアゲイン,12
地元,202508030208,2勝クラス,ダ,バイファーザベスト,13
地元,202508030208,2勝クラス,ダ,シンゼンイズモ,14
地元,202508030208,2勝クラス,ダ,マイティマイティー,15
地元,202508030208,2勝クラス,ダ,ストームバンガード,16
地元,202508030209,3勝クラス,芝,レディーヴァリュー,1
地元,202508030209,3勝クラス,芝,アイスグリーン,2
地元,202508030209,3勝クラス,芝,キャントウェイト,3
地元,202508030209,3勝クラス,芝,バッデレイト,5
地元,202508030209,3勝クラス,芝,ベント,9
地元,202508030210,OP,ダ,タガノミスト,1
地元,202508030210,OP,ダ,アメリカンステージ,2
地元,202508030210,OP,ダ,スターターン,3
地元,202508030210,OP,ダ,ジョーローリット,4
地元,202508030210,OP,ダ,スマートフォルス,5
地元,202508030210,OP,ダ,キタノズエッジ,8
地元,202508030210,OP,ダ,ロードラディウス,9
地元,202508030210,OP,ダ,スマートサニー,11
地元,202508030210,OP,ダ,プロトポロス,12
地元,202508030210,OP,ダ,サクセスローレル,15
地元,202508030210,OP,ダ,ソウテン,16
地元,202508030211,重賞,芝,サンライズアース,2
地元,202508030211,重賞,芝,アドマイヤテラ,4
地元,202508030211,重賞,芝,ショウナンラプンタ,5
地元,202508030211,重賞,芝,ヴェルテンベルク,7
地元,202508030211,重賞,芝,ドゥレッツァ,8
地元,202508030211,重賞,芝,ボルドグフーシュ,10
地元,202508030211,重賞,芝,カネフラ,11
地元,202508030211,重賞,芝,ジューンテイク,12
地元,202508030211,重賞,芝,プラダリア,15
地元,202508030211,重賞,芝,サブマリーナ,16
地元,202508030211,重賞,芝,ワープスピード,18
地元,202508030212,2勝クラス,芝,ブラックケリー,1
地元,202508030212,2勝クラス,芝,ジュンヴァンケット,2
地元,202508030212,2勝クラス,芝,カンシン,3
地元,202508030212,2勝クラス,芝,シュブロンレーヴル,4
地元,202508030212,2勝クラス,芝,ブルーサンセット,6
地元,202508030212,2勝クラス,芝,マゴイチタ,9
地元,202508030212,2勝クラス,芝,ソングオブライフ,10
地元,202508030212,2勝クラス,芝,アンビバレント,11
地元,202508030212,2勝クラス,芝,アスクキングコング,14
地元,202508030212,2勝クラス,芝,ファイツオン,15
地元,202508030310,2勝クラス,芝,ミストレス,1
地元,202508030310,2勝クラス,芝,ホーリーブラッサム,2
地元,202508030310,2勝クラス,芝,ホウオウサンデー,4
地元,202508030310,2勝クラス,芝,クイックバイオ,5
地元,202508030310,2勝クラス,芝,ルヴァンノワール,6
地元,202508030310,2勝クラス,芝,サロニコス,8
地元,202508030310,2勝クラス,芝,ジオパーククラウン,10
地元,202508030311,3勝クラス,ダ,ペンナヴェローチェ,3
地元,202508030311,3勝クラス,ダ,メイショウズイウン,4
地元,202508030311,3勝クラス,ダ,ホルトバージ,7
地元,202508030311,3勝クラス,ダ,オメガタキシード,8
地元,202508030311,3勝クラス,ダ,シャルクハフト,9
地元,202508030311,3勝クラス,ダ,サンライズグルーヴ,13
地元,202508030311,3勝クラス,ダ,スマートリアファル,14
地元,202508030311,3勝クラス,ダ,ダイメイセブン,15
地元,202508030311,3勝クラス,ダ,キュールエフウジン,16
地元,202508030408,2勝クラス,ダ,フクキタテーラー,3
地元,202508030408,2勝クラス,ダ,オーケーカルメン,5
地元,202508030408,2勝クラス,ダ,シンコーナホチャン,6
地元,202508030408,2勝クラス,ダ,オーケアニス,7
地元,202508030408,2勝クラス,ダ,メイショウリリー,8
地元,202508030408,2勝クラス,ダ,ツキノアカリ,9
地元,202508030408,2勝クラス,ダ,キタノブライド,10
地元,202508030408,2勝クラス,ダ,タマモナポリ,11
地元,202508030408,2勝クラス,ダ,プウスカンドゥール,12
地元,202508030408,2勝クラス,ダ,ルナビス,13
地元,202508030409,2勝クラス,ダ,アメリカンビキニ,1
地元,202508030409,2勝クラス,ダ,アスタールフナ,2
地元,202508030409,2勝クラス,ダ,ウルスクローム,3
地元,202508030409,2勝クラス,ダ,ランウインディ,4
地元,202508030409,2勝クラス,ダ,ズバットマサムネ,5
地元,202508030409,2勝クラス,ダ,スペシャルナンバー,6
地元,202508030409,2勝クラス,ダ,セントールビースト,7
地元,202508030409,2勝クラス,ダ,ヒルノピレネー,10
地元,202508030409,2勝クラス,ダ,サンガネーブ,11
地元,202508030409,2勝クラス,ダ,カツラノキサノキ,12
地元,202508030409,2勝クラス,ダ,ストームバンガード,13
地元,202508030410,3勝クラス,芝,ブエナオンダ,1
地元,202508030410,3勝クラス,芝,マイネルチケット,2
地元,202508030410,3勝クラス,芝,ウォーターガーベラ,3
地元,202508030410,3勝クラス,芝,プッシュオン,4
地元,202508030410,3勝クラス,芝,ミエスペランサ,5
地元,202508030410,3勝クラス,芝,エポックヴィーナス,6
地元,202508030410,3勝クラス,芝,エアミアーニ,7
地元,202508030410,3勝クラス,芝,ケイデンシーマーク,9
地元,202508030410,3勝クラス,芝,メルトユアハート,11
地元,202508030410,3勝クラス,芝,ブリックワーク,13
地元,202508030411,OP,ダ,ハピ,1
地元,202508030411,OP,ダ,カネトシゴウト,2
地元,202508030411,OP,ダ,ジンセイ,3
地元,202508030411,OP,ダ,サーマルソアリング,5
地元,202508030411,OP,ダ,タイセイドレフォン,7
地元,202508030411,OP,ダ,エナハツホ,8
地元,202508030509,2勝クラス,ダ,ハナウマビーチ,1
地元,202508030509,2勝クラス,ダ,タガノマカシヤ,2
地元,202508030509,2勝クラス,ダ,テーオーライマン,3
地元,202508030509,2勝クラス,ダ,スーパージョック,4
地元,202508030509,2勝クラス,ダ,タッチャブル,9
地元,202508030509,2勝クラス,ダ,シホノペルフェット,10
地元,202508030509,2勝クラス,ダ,メイショウトム,12
地元,202508030510,2勝クラス,芝,ローランドバローズ,1
地元,202508030510,2勝クラス,芝,レディーミコノス,2
地元,202508030510,2勝クラス,芝,ゼンダンハヤブサ,3
地元,202508030510,2勝クラス,芝,リカントロポ,4
地元,202508030510,2勝クラス,芝,チェルノボーグ,5
地元,202508030510,2勝クラス,芝,ベント,9
地元,202508030511,重賞,芝,ワイドラトゥール,2
地元,202508030511,重賞,芝,ランスオブカオス,3
地元,202508030511,重賞,芝,シュタールヴィント,5
地元,202508030511,重賞,芝,アドマイヤズーム,6
地元,202508030511,重賞,芝,ダンツエラン,7
地元,202508030511,重賞,芝,ワールズエンド,8
地元,202508030511,重賞,芝,ショウナンザナドゥ,10
地元,202508030511,重賞,芝,ムイ,14
地元,202508030511,重賞,芝,アルテヴェローチェ,15
地元,202508030511,重賞,芝,ソーダズリング,18
地元,202508030609,2勝クラス,ダ,ヴェロクオーレ,1
地元,202508030609,2勝クラス,ダ,ワイノナオミ,2
地元,202508030609,2勝クラス,ダ,アンズアメ,3
地元,202508030609,2勝クラス,ダ,ミロワール,4
地元,202508030609,2勝クラス,ダ,クリノクリスタル,6
地元,202508030609,2勝クラス,ダ,アルタビスタ,7
地元,202508030609,2勝クラス,ダ,ブリーズオンチーク,8
地元,202508030609,2勝クラス,ダ,ラヴオントップ,9
地元,202508030609,2勝クラス,ダ,ブライトルピナス,10
地元,202508030609,2勝クラス,ダ,ディクレアブルーム,12
地元,202508030610,2勝クラス,芝,ジョイボーイ,1
地元,202508030610,2勝クラス,芝,カエルム,5
地元,202508030610,2勝クラス,芝,パーサヴィアランス,6
地元,202508030610,2勝クラス,芝,ライフセービング,7
地元,202508030610,2勝クラス,芝,ショウナンハウル,8
地元,202508030610,2勝クラス,芝,スカイドゥエラー,9
地元,202508030611,3勝クラス,ダ,レイナデアルシーラ,1
地元,202508030611,3勝クラス,ダ,パルクリチュード,2
地元,202508030611,3勝クラス,ダ,クレメダンジュ,6
地元,202508030611,3勝クラス,ダ,メイショウポペット,8
地元,202508030611,3勝クラス,ダ,ライジングラパス,13
地元,202508030611,3勝クラス,ダ,タマモプルメリア,15
地元,202508030611,3勝クラス,ダ,バロッサヴァレー,16
地元,202508030708,2勝クラス,芝,ミニトランザット,1
地元,202508030708,2勝クラス,芝,フェアリーライク,2
地元,202508030708,2勝クラス,芝,ヴィスマール,3
地元,202508030708,2勝クラス,芝,サクラオーラ,4
地元,202508030708,2勝クラス,芝,アンジョルラス,6
地元,202508030708,2勝クラス,芝,エーデルサンライズ,7
地元,202508030708,2勝クラス,芝,メイショウカイト,8
地元,202508030708,2勝クラス,芝,オトコギアンパン,9
地元,202508030708,2勝クラス,芝,ドンアチェカ,10
地元,202508030709,OP,芝,ダイヤモンドノット,2
地元,202508030709,OP,芝,コラルリーフ,5
地元,202508030710,3勝クラス,ダ,ダノンフィーゴ,3
地元,202508030710,3勝クラス,ダ,セミマル,4
地元,202508030710,3勝クラス,ダ,プロミシングスター,5
地元,202508030710,3勝クラス,ダ,レーウィン,6
地元,202508030710,3勝クラス,ダ,タマモダイジョッキ,7
地元,202508030710,3勝クラス,ダ,ライジン,9
地元,202508030710,3勝クラス,ダ,ジャーヴィス,12
地元,202508030710,3勝クラス,ダ,ノボリショウリュウ,13
地元,202508030710,3勝クラス,ダ,テイエムランウェイ,14
地元,202508030710,3勝クラス,ダ,ワレハウミノコ,15
地元,202508030710,3勝クラス,ダ,ヘンリー,16
地元,202508030711,重賞,芝,パラディレーヌ,3
地元,202508030711,重賞,芝,セナスタイル,5
地元,202508030711,重賞,芝,ビップデイジー,6
地元,202508030711,重賞,芝,クリノメイ,7
地元,202508030711,重賞,芝,ルージュソリテール,8
地元,202508030711,重賞,芝,インヴォーグ,9
地元,202508030711,重賞,芝,ヴーレヴー,12
地元,202508030711,重賞,芝,ランフォーヴァウ,13
地元,202508030711,重賞,芝,テレサ,14
地元,202508030711,重賞,芝,ダノンフェアレディ,15
地元,202508030712,2勝クラス,ダ,テスティモーネ,1
地元,202508030712,2勝クラス,ダ,バッケンレコード,2
地元,202508030712,2勝クラス,ダ,クリノフィガロ,3
地元,202508030712,2勝クラス,ダ,アンバードール,5
地元,202508030712,2勝クラス,ダ,ポッドフォルク,6
地元,202508030712,2勝クラス,ダ,メイショウマントル,7
地元,202508030712,2勝クラス,ダ,ストップヤーニング,9
地元,202508030712,2勝クラス,ダ,アリエスキング,11
地元,202508030712,2勝クラス,ダ,タガノマルアフ,12
地元,202508030712,2勝クラス,ダ,トーレ,13
地元,202508030712,2勝クラス,ダ,ヴォルスター,14
地元,202508030808,2勝クラス,芝,ネブラディスク,1
地元,202508030808,2勝クラス,芝,リカントロポ,2
地元,202508030808,2勝クラス,芝,オデット,5
地元,202508030808,2勝クラス,芝,レッドベルアーム,10
地元,202508030809,2勝クラス,ダ,タガノマカシヤ,1
地元,202508030809,2勝クラス,ダ,ジョータルマエ,2
地元,202508030809,2勝クラス,ダ,ノボリクレバー,4
地元,202508030809,2勝クラス,ダ,メイケイロゼッタ,6
地元,202508030809,2勝クラス,ダ,シャンバラ,8
地元,202508030809,2勝クラス,ダ,シュプリンガー,10
地元,202508030809,2勝クラス,ダ,ハッピーアズラリー,11
地元,202508030809,2勝クラス,ダ,キャリーハピネス,12
地元,202508030809,2勝クラス,ダ,メイショウシロガネ,13
地元,202508030809,2勝クラス,ダ,セレクティオ,15
地元,202508030809,2勝クラス,ダ,メイショウジェンマ,16
地元,202508030810,3勝クラス,芝,スリールミニョン,1
地元,202508030810,3勝クラス,芝,スマートワイス,2
地元,202508030810,3勝クラス,芝,キタサンダムール,3
地元,202508030810,3勝クラス,芝,ケーブパール,4
地元,202508030810,3勝クラス,芝,ヤマニンアストロン,5
地元,202508030810,3勝クラス,芝,レディマリオン,6
地元,202508030810,3勝クラス,芝,サクセスアイ,7
地元,202508030810,3勝クラス,芝,ルミノメテオール,8
地元,202508030810,3勝クラス,芝,ウインスノーライト,11
地元,202508030810,3勝クラス,芝,シークレットキー,12
地元,202508030810,3勝クラス,芝,フライングブレード,13
地元,202508030811,OP,芝,オーロラエックス,1
地元,202508030811,OP,芝,ナムラエイハブ,2
地元,202508030811,OP,芝,ショウナンマグマ,3
地元,202508030811,OP,芝,ドクタードリトル,5
地元,202508030811,OP,芝,マイネルメモリー,9
地元,202508030908,2勝クラス,芝,アオイレーギーナ,2
地元,202508030908,2勝クラス,芝,フードマン,3
地元,202508030908,2勝クラス,芝,コウセキ,4
地元,202508030908,2勝クラス,芝,アンビバレント,6
地元,202508030908,2勝クラス,芝,シュブロンレーヴル,7
地元,202508030908,2勝クラス,芝,レディメローラ,9
地元,202508030908,2勝クラス,芝,ピースフルナイト,11
地元,202508030908,2勝クラス,芝,ビービーエフォート,12
地元,202508030908,2勝クラス,芝,ドナウパール,13
地元,202508030909,OP,芝,クールデイトナ,6
地元,202508030909,OP,芝,ディーリライズ,7
地元,202508030909,OP,芝,セイカンサンラン,8
地元,202508030910,OP,ダ,シゲルショウグン,1
地元,202508030910,OP,ダ,ジューンアヲニヨシ,2
地元,202508030910,OP,ダ,スナークラファエロ,3
地元,202508030910,OP,ダ,レアンダー,5
地元,202508030910,OP,ダ,サーマルソアリング,6
地元,202508030910,OP,ダ,タイトニット,7
地元,202508030910,OP,ダ,コトホドサヨウニ,8
地元,202508030910,OP,ダ,エナハツホ,9
地元,202508030910,OP,ダ,マーブルロック,12
地元,202508030910,OP,ダ,ルシュヴァルドール,14
地元,202508030911,重賞,芝,エリキング,2
地元,202508030911,重賞,芝,エキサイトバイオ,3
地元,202508030911,重賞,芝,ミラージュナイト,6
地元,202508030911,重賞,芝,コーチェラバレー,7
地元,202508030911,重賞,芝,アロンディ,10
地元,202508030911,重賞,芝,ライトトラック,12
地元,202508030911,重賞,芝,マイユニバース,13
地元,202508030911,重賞,芝,ショウヘイ,14
地元,202508030912,2勝クラス,ダ,ピエマンソン,1
地元,202508030912,2勝クラス,ダ,ウルスクローム,2
地元,202508030912,2勝クラス,ダ,アレ,3
地元,202508030912,2勝クラス,ダ,コスモストーム,4
地元,202508030912,2勝クラス,ダ,テーオールビー,5
地元,202508030912,2勝クラス,ダ,ヤマニンバロネス,6
地元,202508030912,2勝クラス,ダ,アメリカンポリス,7
地元,202508030912,2勝クラス,ダ,バックトゥザライト,8
地元,202508030912,2勝クラス,ダ,アストラカ,9
地元,202508030912,2勝クラス,ダ,シンゼンイズモ,10
地元,202508030912,2勝クラス,ダ,アスクキングコング,11
地元,202508030912,2勝クラス,ダ,フェリ,13
地元,202508030912,2勝クラス,ダ,クアトロジャック,15
地元,202508031008,2勝クラス,ダ,クリノフィガロ,4
地元,202508031008,2勝クラス,ダ,アンバードール,5
地元,202508031008,2勝クラス,ダ,ジーニアスバローズ,6
地元,202508031008,2勝クラス,ダ,スカイドゥエラー,8
地元,202508031008,2勝クラス,ダ,バロンドール,9
地元,202508031008,2勝クラス,ダ,シンリミテス,10
地元,202508031008,2勝クラス,ダ,メイショウオオコ,11
地元,202508031008,2勝クラス,ダ,メイショウツヨキ,12
地元,202508031008,2勝クラス,ダ,メイケイロゼッタ,13
地元,202508031008,2勝クラス,ダ,キングツェッペリン,14
地元,202508031008,2勝クラス,ダ,ハッピーダンチャン,15
地元,202508031009,2勝クラス,芝,エコロディノス,1
地元,202508031009,2勝クラス,芝,メディテラニアン,2
地元,202508031009,2勝クラス,芝,ステラクラウン,3
地元,202508031009,2勝クラス,芝,ダンツエスプリ,4
地元,202508031009,2勝クラス,芝,ハッピーアズラリー,8
地元,202508031009,2勝クラス,芝,バガン,10
地元,202508031009,2勝クラス,芝,キタサンハナビラ,11
地元,202508031010,3勝クラス,ダ,マルチャレアル,4
地元,202508031010,3勝クラス,ダ,カネトシゴウト,5
地元,202508031010,3勝クラス,ダ,パカーラン,6
地元,202508031010,3勝クラス,ダ,ヒロノラメール,7
地元,202508031010,3勝クラス,ダ,クレメダンジュ,8
地元,202508031010,3勝クラス,ダ,ジュタロウ,9
地元,202508031010,3勝クラス,ダ,キュールエフウジン,10
地元,202508031010,3勝クラス,ダ,ニホンピロハーバー,12
地元,202508031011,重賞,芝,メイショウハッケイ,3
地元,202508031011,重賞,芝,メイプルハッピー,7
地元,202508031011,重賞,芝,フルールジェンヌ,10
地元,202508031011,重賞,芝,アンヘリータス,12
地元,202508031108,2勝クラス,ダ,ゲッティヴィラ,1
地元,202508031108,2勝クラス,ダ,ズバットマサムネ,2
地元,202508031108,2勝クラス,ダ,エンプレスペイ,3
地元,202508031108,2勝クラス,ダ,アスタールフナ,3
地元,202508031108,2勝クラス,ダ,ニホンピロトッティ,6
地元,202508031108,2勝クラス,ダ,クリノオリーブ,8
地元,202508031108,2勝クラス,ダ,ユウトザレン,9
地元,202508031108,2勝クラス,ダ,オースミメッシーナ,11
地元,202508031108,2勝クラス,ダ,ロードトレゾール,12
地元,202508031108,2勝クラス,ダ,シンエン,13
地元,202508031108,2勝クラス,ダ,セントールビースト,15
地元,202508031110,3勝クラス,芝,アクアヴァーナル,2
地元,202508031110,3勝クラス,芝,ギャンブルルーム,3
地元,202508031110,3勝クラス,芝,アスターブジエ,4
地元,202508031110,3勝クラス,芝,タイセイフェリーク,5
地元,202508031110,3勝クラス,芝,ロードプレジール,6
地元,202508031110,3勝クラス,芝,イケイケドンドン,8
地元,202508031110,3勝クラス,芝,ロードオールライト,9
地元,202508031110,3勝クラス,芝,ウインエアフォルク,10
地元,202508031110,3勝クラス,芝,アルマーザアミール,12
地元,202508031110,3勝クラス,芝,アーマルコライト,13
地元,202508031111,OP,芝,エアファンディタ,1
地元,202508031111,OP,芝,ブエナオンダ,2
地元,202508031111,OP,芝,ニホンピロキーフ,3
地元,202508031111,OP,芝,タガノエルピーダ,5
地元,202508031111,OP,芝,メイショウシンタケ,6
地元,202508031111,OP,芝,セオ,8
地元,202508031111,OP,芝,ラインベック,9
地元,202508031111,OP,芝,ダンツエラン,11
地元,202508031111,OP,芝,バルサムノート,13
地元,202508031111,OP,芝,ラケマーダ,14
地元,202508031111,OP,芝,シンフォーエバー,15
地元,202508031112,2勝クラス,芝,メイショウカイト,3
地元,202508031112,2勝クラス,芝,カンシン,4
地元,202508031112,2勝クラス,芝,モズアンタレス,5
地元,202508031112,2勝クラス,芝,ホウオウサンデー,6
地元,202508031112,2勝クラス,芝,リチャードバローズ,7
地元,202508031112,2勝クラス,芝,リアライズ,8
地元,202508031112,2勝クラス,芝,マテンロウブラボー,9
地元,202508031112,2勝クラス,芝,ネーブルオレンジ,11
地元,202508040109,2勝クラス,ダ,ジャスパーバローズ,1
地元,202508040109,2勝クラス,ダ,ポートデラメール,2
地元,202508040109,2勝クラス,ダ,ワイノナオミ,3
地元,202508040109,2勝クラス,ダ,トゥロン,4
地元,202508040109,2勝クラス,ダ,ホウオウフロイト,5
地元,202508040109,2勝クラス,ダ,ウルスクローム,6
地元,202508040109,2勝クラス,ダ,アルシオーネ,7
地元,202508040109,2勝クラス,ダ,ブルーノート,8
地元,202508040109,2勝クラス,ダ,アメリカンポリス,11
地元,202508040109,2勝クラス,ダ,サクラトップヒル,13
地元,202508040109,2勝クラス,ダ,クラップアンドチア,15
地元,202508040109,2勝クラス,ダ,フーコサンライズ,16
地元,202508040110,3勝クラス,芝,ミッキージュエリー,2
地元,202508040110,3勝クラス,芝,エポックヴィーナス,3
地元,202508040110,3勝クラス,芝,チャンネルトンネル,4
地元,202508040110,3勝クラス,芝,スズカダブル,5
地元,202508040110,3勝クラス,芝,ナヴォーナ,6
地元,202508040110,3勝クラス,芝,アルトゥーム,7
地元,202508040110,3勝クラス,芝,テーオーダグラス,8
地元,202508040110,3勝クラス,芝,ヤブサメ,9
地元,202508040110,3勝クラス,芝,アイサンサン,10
地元,202508040110,3勝クラス,芝,ダークエクリプス,11
地元,202508040110,3勝クラス,芝,ダズリングブレイヴ,12
地元,202508040111,OP,ダ,ペプチドヤマト,1
地元,202508040111,OP,ダ,メイショウホウレン,2
地元,202508040111,OP,ダ,スターターン,3
地元,202508040111,OP,ダ,キタノズエッジ,3
地元,202508040111,OP,ダ,アルファマム,5
地元,202508040111,OP,ダ,カズゴルティス,7
地元,202508040111,OP,ダ,ロードラディウス,9
地元,202508040111,OP,ダ,ボナンザ,12
地元,202508040111,OP,ダ,アルテヴェローチェ,13
地元,202508040111,OP,ダ,ナナオ,14
地元,202508040207,2勝クラス,芝,サークルオブジョイ,1
地元,202508040207,2勝クラス,芝,クルミナーレ,3
地元,202508040207,2勝クラス,芝,アメジストブラック,4
地元,202508040207,2勝クラス,芝,シュプリンガー,5
地元,202508040207,2勝クラス,芝,パーサヴィアランス,7
地元,202508040208,2勝クラス,ダ,ツキノアカリ,1
地元,202508040208,2勝クラス,ダ,モズカトレア,2
地元,202508040208,2勝クラス,ダ,エルフストラック,3
地元,202508040208,2勝クラス,ダ,タマモナポリ,4
地元,202508040208,2勝クラス,ダ,リアルクィーン,6
地元,202508040208,2勝クラス,ダ,フローラルセント,8
地元,202508040208,2勝クラス,ダ,シンコーナホチャン,9
地元,202508040208,2勝クラス,ダ,ルナビス,11
地元,202508040208,2勝クラス,ダ,ノボリクレバー,12
地元,202508040208,2勝クラス,ダ,サイモンコーラル,13
地元,202508040208,2勝クラス,ダ,オーケーカルメン,15
地元,202508040208,2勝クラス,ダ,メイショウリリー,16
地元,202508040209,2勝クラス,芝,バレルターン,1
地元,202508040209,2勝クラス,芝,フェアリーライク,2
地元,202508040209,2勝クラス,芝,アンジョルラス,3
地元,202508040209,2勝クラス,芝,ゼンダンハヤブサ,4
地元,202508040209,2勝クラス,芝,リカントロポ,5
地元,202508040209,2勝クラス,芝,スマートジェイナ,7
地元,202508040209,2勝クラス,芝,コールミーメイビー,8
地元,202508040210,3勝クラス,ダ,アガシ,1
地元,202508040210,3勝クラス,ダ,パドマ,3
地元,202508040210,3勝クラス,ダ,ナッカーフェイス,4
地元,202508040210,3勝クラス,ダ,ルディック,5
地元,202508040210,3勝クラス,ダ,エンヤラヴフェイス,6
地元,202508040210,3勝クラス,ダ,ヤマニンシュラ,9
地元,202508040210,3勝クラス,ダ,ローズバルサム,10
地元,202508040210,3勝クラス,ダ,ムーム,11
地元,202508040210,3勝クラス,ダ,ナスノカンゲツ,12
地元,202508040211,重賞,ダ,ダブルハートボンド,1
地元,202508040211,重賞,ダ,サイモンザナドゥ,2
地元,202508040211,重賞,ダ,ブライアンセンス,6
地元,202508040211,重賞,ダ,シゲルショウグン,9
地元,202508040211,重賞,ダ,レイナデアルシーラ,13
地元,202508040308,2勝クラス,芝,キーパフォーマー,1
地元,202508040308,2勝クラス,芝,ステラクラウン,2
地元,202508040308,2勝クラス,芝,ヴォワラクテ,4
地元,202508040308,2勝クラス,芝,エアニゲラ,6
地元,202508040309,2勝クラス,ダ,スペシャルナンバー,3
地元,202508040309,2勝クラス,ダ,フレイミングパイ,4
地元,202508040309,2勝クラス,ダ,イリフィ,5
地元,202508040309,2勝クラス,ダ,ズバットマサムネ,7
地元,202508040309,2勝クラス,ダ,フェリ,10
地元,202508040309,2勝クラス,ダ,ヨシノヤッタルデー,11
地元,202508040309,2勝クラス,ダ,アスクキングコング,12
地元,202508040309,2勝クラス,ダ,エンプレスペイ,13
地元,202508040309,2勝クラス,ダ,ハピアーザンエバー,15
地元,202508040310,OP,芝,ウエストナウ,1
地元,202508040310,OP,芝,シェイクユアハート,2
地元,202508040310,OP,芝,マイネルメモリー,5
地元,202508040310,OP,芝,レッドバリエンテ,7
地元,202508040310,OP,芝,アイスグリーン,8
地元,202508040310,OP,芝,ドクタードリトル,9
地元,202508040310,OP,芝,ブレイヴロッカー,10
地元,202508040311,重賞,芝,マイケルバローズ,5
地元,202508040311,重賞,芝,キャンディード,8
地元,202508040407,2勝クラス,ダ,ポッドフォルク,2
地元,202508040407,2勝クラス,ダ,メイショウカシワデ,3
地元,202508040407,2勝クラス,ダ,タマモキャリコ,4
地元,202508040407,2勝クラス,ダ,ユウトザユウト,5
地元,202508040407,2勝クラス,ダ,クリノグローリー,6
地元,202508040407,2勝クラス,ダ,スカイドゥエラー,7
地元,202508040407,2勝クラス,ダ,ジョータルマエ,8
地元,202508040407,2勝クラス,ダ,シンリミテス,9
地元,202508040407,2勝クラス,ダ,ディオスパーダ,10
地元,202508040407,2勝クラス,ダ,ワンダーブレット,11
地元,202508040407,2勝クラス,ダ,マルカブリッツ,12
地元,202508040407,2勝クラス,ダ,メイショウジェンマ,13
地元,202508040407,2勝クラス,ダ,オーケーカルメン,14
地元,202508040407,2勝クラス,ダ,フローラルセント,15
地元,202508040407,2勝クラス,ダ,シンゼンイズモ,16
地元,202508040408,2勝クラス,芝,アンダースコア,1
地元,202508040408,2勝クラス,芝,エールトゥヘヴン,4
地元,202508040408,2勝クラス,芝,メイショウカイト,5
地元,202508040408,2勝クラス,芝,モズアンタレス,6
地元,202508040408,2勝クラス,芝,ロンドボス,7
地元,202508040408,2勝クラス,芝,ルヴァンノワール,8
地元,202508040408,2勝クラス,芝,ホーリーブラッサム,9
地元,202508040408,2勝クラス,芝,エクストラバック,11
地元,202508040408,2勝クラス,芝,ブルクトーア,12
地元,202508040408,2勝クラス,芝,サロニコス,13
地元,202508040408,2勝クラス,芝,サトノプリエール,15
地元,202508040410,3勝クラス,ダ,トリポリタニア,1
地元,202508040410,3勝クラス,ダ,テスティモーネ,2
地元,202508040410,3勝クラス,ダ,メイショウズイウン,3
地元,202508040410,3勝クラス,ダ,ヒルノハンブルク,4
地元,202508040410,3勝クラス,ダ,アスクデビューモア,7
地元,202508040410,3勝クラス,ダ,サンライズグルーヴ,8
地元,202508040410,3勝クラス,ダ,カネトシゴウト,9
地元,202508040410,3勝クラス,ダ,クレメダンジュ,10
地元,202508040410,3勝クラス,ダ,カミノレアル,12
地元,202508040410,3勝クラス,ダ,クァンタムウェーブ,13
地元,202508040411,重賞,芝,レガレイラ,1
地元,202508040411,重賞,芝,パラディレーヌ,2
地元,202508040411,重賞,芝,リンクスティップ,4
地元,202508040411,重賞,芝,ココナッツブラウン,5
地元,202508040411,重賞,芝,サフィラ,7
地元,202508040411,重賞,芝,オーロラエックス,16
地元,202508040412,3勝クラス,芝,ガイアメンテ,1
地元,202508040412,3勝クラス,芝,アウフヘーベン,2
地元,202508040412,3勝クラス,芝,ノーブルスカイ,5
地元,202508040412,3勝クラス,芝,ナムラフッカー,7
地元,202508040412,3勝クラス,芝,プッシュオン,8
地元,202508040412,3勝クラス,芝,リッケンバッカー,11
地元,202508040511,OP,ダ,ムルソー,1
地元,202508040511,OP,ダ,ハギノサステナブル,2
地元,202508040511,OP,ダ,クールミラボー,5
地元,202508040511,OP,ダ,リアレスト,6
地元,202508040511,OP,ダ,フォーチュンテラー,7
地元,202508040511,OP,ダ,ミッキーヌチバナ,8
地元,202508040511,OP,ダ,ジューンアヲニヨシ,9
地元,202508040511,OP,ダ,ザイツィンガー,10
地元,202508040511,OP,ダ,ハグ,11
地元,202508040511,OP,ダ,サーマルソアリング,12
地元,202508040511,OP,ダ,ミッキークレスト,13
地元,202508040511,OP,ダ,スナークラファエロ,14
地元,202508040512,2勝クラス,芝,ミッキーゴールド,1
地元,202508040512,2勝クラス,芝,ネブラディスク,2
地元,202508040512,2勝クラス,芝,エバーグルーヴ,3
地元,202508040512,2勝クラス,芝,フォーキャンドルズ,4
地元,202508040512,2勝クラス,芝,ファミリーツリー,6
地元,202508040512,2勝クラス,芝,バンフィエルド,8
地元,202508040512,2勝クラス,芝,ミカエルパシャ,9
地元,202508040512,2勝クラス,芝,モモンウールー,10
地元,202508040512,2勝クラス,芝,ショウナンガチ,12
地元,202508040608,2勝クラス,ダ,モックモック,1
地元,202508040608,2勝クラス,ダ,グランドプラージュ,2
地元,202508040608,2勝クラス,ダ,キーチパルフェ,3
地元,202508040608,2勝クラス,ダ,クリノフィガロ,4
地元,202508040608,2勝クラス,ダ,エルフストラック,5
地元,202508040608,2勝クラス,ダ,リアルクィーン,6
地元,202508040608,2勝クラス,ダ,メイショウオオコ,7
地元,202508040608,2勝クラス,ダ,グランキングオー,8
地元,202508040608,2勝クラス,ダ,ハギノカノア,10
地元,202508040608,2勝クラス,ダ,ディオスパーダ,12
地元,202508040608,2勝クラス,ダ,クリノクリスタル,13
地元,202508040608,2勝クラス,ダ,フクキタテーラー,14
地元,202508040609,2勝クラス,芝,ダノンフェアレディ,1
地元,202508040609,2勝クラス,芝,クスクス,3
地元,202508040609,2勝クラス,芝,ジャズ,5
地元,202508040609,2勝クラス,芝,グラフィティアート,7
地元,202508040609,2勝クラス,芝,メイショウセイロウ,8
地元,202508040609,2勝クラス,芝,キーウェーブ,9
地元,202508040609,2勝クラス,芝,コリカンチャ,10
地元,202508040609,2勝クラス,芝,ビヨンドザドリーム,12
地元,202508040609,2勝クラス,芝,ケイテンアイジン,13
地元,202508040610,3勝クラス,ダ,フェルヴェンテ,1
地元,202508040610,3勝クラス,ダ,セミマル,2
地元,202508040610,3勝クラス,ダ,ヴェロクオーレ,3
地元,202508040610,3勝クラス,ダ,ヒルノドゴール,4
地元,202508040610,3勝クラス,ダ,プロミシングスター,5
地元,202508040610,3勝クラス,ダ,キャピタルサックス,7
地元,202508040610,3勝クラス,ダ,ジャスパーバローズ,8
地元,202508040610,3勝クラス,ダ,ヘルモーズ,9
地元,202508040610,3勝クラス,ダ,ダノンスウィッチ,10
地元,202508040610,3勝クラス,ダ,プルートマスター,11
地元,202508040610,3勝クラス,ダ,ジャーヴィス,13
地元,202508040610,3勝クラス,ダ,ライジン,14
地元,202508040610,3勝クラス,ダ,ラブコメディ,16
地元,202508040611,重賞,芝,エルトンバローズ,5
地元,202508040611,重賞,芝,カンチェンジュンガ,13
地元,202508040611,重賞,芝,ラヴァンダ,16
地元,202508040611,重賞,芝,ワイドラトゥール,17
地元,202508040611,重賞,芝,ウインマーベル,18
地元,202508040612,3勝クラス,芝,アンクルクロス,1
地元,202508040612,3勝クラス,芝,サウスバンク,2
地元,202508040612,3勝クラス,芝,パクスロマーナ,3
地元,202508040612,3勝クラス,芝,バンドシェル,4
地元,202508040612,3勝クラス,芝,シカゴスティング,5
地元,202508040612,3勝クラス,芝,ウルトラソニック,8
地元,202508040612,3勝クラス,芝,ブラックケリー,10
地元,202508040612,3勝クラス,芝,モンシュマン,11
地元,202508040612,3勝クラス,芝,ミルテンベルク,13
地元,202508040612,3勝クラス,芝,ドゥアムール,15
地元,202508040708,2勝クラス,ダ,クリノオリーブ,3
地元,202508040708,2勝クラス,ダ,ニホンピロトッティ,4
地元,202508040708,2勝クラス,ダ,フィドルファドル,5
地元,202508040708,2勝クラス,ダ,フォルティーナ,6
地元,202508040708,2勝クラス,ダ,フェンダー,7
地元,202508040708,2勝クラス,ダ,ホウオウフロイト,8
地元,202508040708,2勝クラス,ダ,ゼンノツキヨミ,9
地元,202508040708,2勝クラス,ダ,ボルセーナ,14
地元,202508040709,2勝クラス,ダ,バッケンレコード,3
地元,202508040709,2勝クラス,ダ,ブルーワール,4
地元,202508040709,2勝クラス,ダ,サイモンコーラル,5
地元,202508040709,2勝クラス,ダ,ロイガヴェーグル,8
地元,202508040709,2勝クラス,ダ,ジーニアスバローズ,9
地元,202508040709,2勝クラス,ダ,シンリミテス,11
地元,202508040709,2勝クラス,ダ,テーオーレガシー,13
地元,202508040710,3勝クラス,芝,ヤブサメ,1
地元,202508040710,3勝クラス,芝,モンテシート,2
地元,202508040710,3勝クラス,芝,グランデサラス,4
地元,202508040710,3勝クラス,芝,ミストレス,5
地元,202508040710,3勝クラス,芝,ルミノメテオール,6
地元,202508040710,3勝クラス,芝,ウルトラソニック,9
地元,202508040710,3勝クラス,芝,アスクビギンアゲン,11
地元,202508040710,3勝クラス,芝,セシリエプラージュ,12
地元,202508040711,重賞,芝,ネッタイヤライ,4
地元,202508040711,重賞,芝,カラペルソナ,5
地元,202508040711,重賞,芝,サトノアイボリー,9
地元,202508040711,重賞,芝,メイショウソラリス,11
地元,202508040712,2勝クラス,芝,ジュンヴァンケット,1
地元,202508040712,2勝クラス,芝,アンビバレント,3
地元,202508040712,2勝クラス,芝,ピースフルナイト,4
地元,202508040712,2勝クラス,芝,アムールリーベ,5
地元,202508040712,2勝クラス,芝,ヒーローインチーフ,6
地元,202508040712,2勝クラス,芝,ソングオブライフ,8
地元,202508040712,2勝クラス,芝,スカプラリオ,9
地元,202508040712,2勝クラス,芝,ベルウッドブラボー,14
地元,202508040712,2勝クラス,芝,ジオパーククラウン,15
地元,202508040808,2勝クラス,芝,クルミナーレ,2
地元,202508040808,2勝クラス,芝,パンデアスカル,3
地元,202508040808,2勝クラス,芝,デルアヴァー,4
地元,202508040808,2勝クラス,芝,プレイリードリーム,5
地元,202508040808,2勝クラス,芝,マトラコーニッシュ,6
地元,202508040808,2勝クラス,芝,エルディアブロ,7
地元,202508040808,2勝クラス,芝,イーサンアイ,8
地元,202508040810,3勝クラス,ダ,ロードラビリンス,1
地元,202508040810,3勝クラス,ダ,ペンナヴェローチェ,2
地元,202508040810,3勝クラス,ダ,レーウィン,3
地元,202508040810,3勝クラス,ダ,パシアンジャン,4
地元,202508040810,3勝クラス,ダ,サンライズグルーヴ,5
地元,202508040810,3勝クラス,ダ,メイショウミカワ,8
地元,202508040810,3勝クラス,ダ,ジュタロウ,10
地元,202508040810,3勝クラス,ダ,ヒルノハンブルク,11
地元,202508040810,3勝クラス,ダ,ホルトバージ,12
地元,202508040810,3勝クラス,ダ,マルチャレアル,13
地元,202508040810,3勝クラス,ダ,ワイドブリザード,15
地元,202508040810,3勝クラス,ダ,メイショウフウドウ,16
地元,202508040811,OP,ダ,ノーブルロジャー,3
地元,202508040811,OP,ダ,ニシキギミッチー,4
地元,202508040811,OP,ダ,コンティノアール,6
地元,202508040811,OP,ダ,ベルダーイメル,7
地元,202508040811,OP,ダ,テイエムリステット,9
地元,202508040811,OP,ダ,スターペスカオリ,10
地元,202508040811,OP,ダ,ライツフォル,11
地元,202508040811,OP,ダ,アドバンスファラオ,13
地元,202508040811,OP,ダ,トータルクラリティ,14
地元,202508040811,OP,ダ,ロードラディウス,16
地元,202508040812,重賞,芝,ヨシノイースター,3
地元,202508040812,重賞,芝,エイシンフェンサー,5
地元,202508040812,重賞,芝,アブキールベイ,6
地元,202508040812,重賞,芝,ヤマニンアルリフラ,7
地元,202508040812,重賞,芝,ジャスティンスカイ,8
地元,202508040812,重賞,芝,モズメイメイ,9
地元,202508040812,重賞,芝,メイショウソラフネ,10
地元,202508040812,重賞,芝,クラスペディア,11
地元,202508040812,重賞,芝,ナムラクララ,13
地元,202508040812,重賞,芝,オタルエバー,14
地元,202508040812,重賞,芝,ショウナンザナドゥ,15
地元,202508040812,重賞,芝,カルチャーデイ,16
地元,202509050108,2勝クラス,ダ,メイショウツヨキ,1
地元,202509050108,2勝クラス,ダ,ペイシャケイプ,3
地元,202509050108,2勝クラス,ダ,エコロネオ,4
地元,202509050108,2勝クラス,ダ,フェイト,5
地元,202509050108,2勝クラス,ダ,ワーズワース,6
地元,202509050108,2勝クラス,ダ,ヴィリアリート,7
地元,202509050108,2勝クラス,ダ,バックトゥザライト,8
地元,202509050108,2勝クラス,ダ,リメンバーヒム,10
地元,202509050108,2勝クラス,ダ,ロードオルデン,12
地元,202509050108,2勝クラス,ダ,ゴールデンカイト,13
地元,202509050108,2勝クラス,ダ,ソリスクラヴィス,16
地元,202509050110,3勝クラス,ダ,ゲッティヴィラ,2
地元,202509050110,3勝クラス,ダ,ヒルノドゴール,3
地元,202509050110,3勝クラス,ダ,メイショウヤーキス,4
地元,202509050110,3勝クラス,ダ,ネグレスコ,6
地元,202509050110,3勝クラス,ダ,タカネノハナコサン,7
地元,202509050110,3勝クラス,ダ,ドラゴンウェルズ,8
地元,202509050110,3勝クラス,ダ,ナッカーフェイス,9
地元,202509050110,3勝クラス,ダ,カネコメシスター,11
地元,202509050110,3勝クラス,ダ,ナスノカンゲツ,12
地元,202509050110,3勝クラス,ダ,ツークフォーゲル,13
地元,202509050110,3勝クラス,ダ,イミュータブル,15
地元,202509050111,重賞,芝,デビットバローズ,1
地元,202509050111,重賞,芝,グランヴィノス,4
地元,202509050111,重賞,芝,ニホンピロキーフ,5
地元,202509050111,重賞,芝,ナムラエイハブ,9
地元,202509050111,重賞,芝,オールナット,10
地元,202509050111,重賞,芝,ショウナンマグマ,12
地元,202509050111,重賞,芝,ウエストナウ,13
地元,202509050208,2勝クラス,芝,ジーティームソウ,1
地元,202509050208,2勝クラス,芝,チェルノボーグ,2
地元,202509050208,2勝クラス,芝,ダンツエスプリ,3
地元,202509050208,2勝クラス,芝,ショウナンガチ,5
地元,202509050209,2勝クラス,ダ,タマモキャリコ,1
地元,202509050209,2勝クラス,ダ,メイショウカシワデ,2
地元,202509050209,2勝クラス,ダ,ダディーズトリップ,3
地元,202509050209,2勝クラス,ダ,クリノグローリー,4
地元,202509050209,2勝クラス,ダ,アラナコア,5
地元,202509050209,2勝クラス,ダ,ギマール,6
地元,202509050209,2勝クラス,ダ,シュプリンガー,7
地元,202509050209,2勝クラス,ダ,ヴォルスター,8
地元,202509050209,2勝クラス,ダ,メイショウヘール,9
地元,202509050209,2勝クラス,ダ,モモンウールー,10
地元,202509050209,2勝クラス,ダ,ジーニアスバローズ,11
地元,202509050209,2勝クラス,ダ,ジューンエオス,12
地元,202509050209,2勝クラス,ダ,バトンインディ,13
地元,202509050210,3勝クラス,芝,アウフヘーベン,2
地元,202509050210,3勝クラス,芝,ミエスペランサ,4
地元,202509050210,3勝クラス,芝,ノーブルスカイ,5
地元,202509050210,3勝クラス,芝,バロッサヴァレー,6
地元,202509050210,3勝クラス,芝,チャンネルトンネル,7
地元,202509050210,3勝クラス,芝,スイープアワーズ,8
地元,202509050210,3勝クラス,芝,ベラジオボンド,9
地元,202509050210,3勝クラス,芝,スズカダブル,10
地元,202509050210,3勝クラス,芝,ナムラフッカー,11
地元,202509050210,3勝クラス,芝,ドットクルー,12
地元,202509050210,3勝クラス,芝,ブリックワーク,14
地元,202509050210,3勝クラス,芝,リッケンバッカー,15
地元,202509050210,3勝クラス,芝,マイネルエニグマ,16
地元,202509050210,3勝クラス,芝,トーホウディアス,17
地元,202509050211,OP,ダ,メイショウホウレン,1
地元,202509050211,OP,ダ,ジョーローリット,3
地元,202509050211,OP,ダ,スマートフォルス,4
地元,202509050211,OP,ダ,メイショウミツヤス,5
地元,202509050211,OP,ダ,キタノズエッジ,6
地元,202509050211,OP,ダ,アルファマム,7
地元,202509050211,OP,ダ,ペプチドヤマト,10
地元,202509050211,OP,ダ,サトノルフィアン,12
地元,202509050211,OP,ダ,エティエンヌ,14
地元,202509050211,OP,ダ,メズメライザー,15
地元,202509050212,2勝クラス,芝,ビップジーニー,2
地元,202509050212,2勝クラス,芝,メイショウカイト,3
地元,202509050212,2勝クラス,芝,サダメ,6
地元,202509050212,2勝クラス,芝,クイックバイオ,7
地元,202509050212,2勝クラス,芝,インフローレ,11
地元,202509050212,2勝クラス,芝,モズアンタレス,14
地元,202509050212,2勝クラス,芝,エールトゥヘヴン,15
地元,202509050212,2勝クラス,芝,シャイフ,16
地元,202509050310,2勝クラス,ダ,ポルポラジール,1
地元,202509050310,2勝クラス,ダ,ゴッドエスパーダ,2
地元,202509050310,2勝クラス,ダ,アートレスマインド,3
地元,202509050310,2勝クラス,ダ,クリノフィガロ,4
地元,202509050310,2勝クラス,ダ,オーシンハーフ,5
地元,202509050310,2勝クラス,ダ,ブルーワール,6
地元,202509050310,2勝クラス,ダ,ソウルアンドジャズ,7
地元,202509050310,2勝クラス,ダ,メイショウオオコ,8
地元,202509050310,2勝クラス,ダ,サラサハウプリティ,10
地元,202509050310,2勝クラス,ダ,トゥルブレンシア,11
地元,202509050310,2勝クラス,ダ,メイショウヘール,12
地元,202509050310,2勝クラス,ダ,ジョウショーパワー,13
地元,202509050311,OP,芝,ランスオブカオス,1
地元,202509050311,OP,芝,ワールズエンド,2
地元,202509050311,OP,芝,クランフォード,7
地元,202509050311,OP,芝,ブルーミンデザイン,8
地元,202509050311,OP,芝,メイショウシンタケ,10
地元,202509050311,OP,芝,セルバーグ,13
地元,202509050312,2勝クラス,芝,アラベラ,1
地元,202509050312,2勝クラス,芝,イトカワサクラ,3
地元,202509050312,2勝クラス,芝,セナスタイル,4
地元,202509050312,2勝クラス,芝,ファミリーツリー,7
地元,202509050312,2勝クラス,芝,エコテーラー,8
地元,202509050408,2勝クラス,ダ,スペシャルナンバー,2
地元,202509050408,2勝クラス,ダ,ゼンノツキヨミ,3
地元,202509050408,2勝クラス,ダ,フィドルファドル,4
地元,202509050408,2勝クラス,ダ,フォルティーナ,5
地元,202509050408,2勝クラス,ダ,ディーエスショウマ,7
地元,202509050408,2勝クラス,ダ,ディキシーガンナー,8
地元,202509050408,2勝クラス,ダ,フェリ,9
地元,202509050408,2勝クラス,ダ,ヨシノヤッタルデー,10
地元,202509050408,2勝クラス,ダ,プロテア,11
地元,202509050409,3勝クラス,芝,エコロディノス,1
地元,202509050409,3勝クラス,芝,タガノデュード,3
地元,202509050409,3勝クラス,芝,ミッキーゴールド,5
地元,202509050409,3勝クラス,芝,イケイケドンドン,6
地元,202509050409,3勝クラス,芝,オールセインツ,7
地元,202509050409,3勝クラス,芝,ガジュノリ,8
地元,202509050409,3勝クラス,芝,メイショウゲキリン,9
地元,202509050409,3勝クラス,芝,ミアステラ,10
地元,202509050409,3勝クラス,芝,ヒロノラメール,11
地元,202509050409,3勝クラス,芝,ダノンフロイデ,14
地元,202509050410,3勝クラス,ダ,ロードプレジール,1
地元,202509050410,3勝クラス,ダ,リューデスハイム,2
地元,202509050410,3勝クラス,ダ,メイショウミカワ,5
地元,202509050410,3勝クラス,ダ,シャルクハフト,6
地元,202509050410,3勝クラス,ダ,レッドプロフェシー,9
地元,202509050410,3勝クラス,ダ,ゲンパチムサシ,11
地元,202509050410,3勝クラス,ダ,ヨリノサファイヤ,12
地元,202509050410,3勝クラス,ダ,キュールエフウジン,14
地元,202509050410,3勝クラス,ダ,サイモンブーケ,15
地元,202509050410,3勝クラス,ダ,テスティモーネ,16
地元,202509050411,重賞,芝,スターアニス,1
地元,202509050411,重賞,芝,スウィートハピネス,4
地元,202509050411,重賞,芝,マーゴットラヴミー,8
地元,202509050411,重賞,芝,レディーゴール,9
地元,202509050411,重賞,芝,ローズカリス,13
地元,202509050411,重賞,芝,メイプルハッピー,14
地元,202509050411,重賞,芝,フロムレイブン,17
地元,202509050411,重賞,芝,アンヘリータス,18
地元,202509050412,2勝クラス,芝,ネーヴェフレスカ,1
地元,202509050412,2勝クラス,芝,ダノンキラウェア,3
地元,202509050412,2勝クラス,芝,トーホウガレオン,10
地元,202509050509,OP,ダ,ロックターミガン,1
地元,202509050509,OP,ダ,ライトオブヌカタ,4
地元,202509050509,OP,ダ,ケンタッキーホーム,6
地元,202509050509,OP,ダ,ジャスティンルマン,10
地元,202509050510,2勝クラス,芝,クルミナーレ,2
地元,202509050510,2勝クラス,芝,アロンディ,3
地元,202509050510,2勝クラス,芝,ライフセービング,4
地元,202509050510,2勝クラス,芝,プレイリードリーム,5
地元,202509050510,2勝クラス,芝,イーサンアイ,6
地元,202509050510,2勝クラス,芝,サンデイビス,7
地元,202509050511,OP,芝,ソウテン,2
地元,202509050511,OP,芝,ヤブサメ,3
地元,202509050511,OP,芝,ロンドンプラン,7
地元,202509050511,OP,芝,グランテスト,8
地元,202509050511,OP,芝,ミルトクレイモー,10
地元,202509050511,OP,芝,ペプチドヤマト,12
地元,202509050511,OP,芝,ドゥアイズ,13
地元,202509050512,2勝クラス,芝,タイキエクセロン,2
地元,202509050512,2勝クラス,芝,モズトキキ,4
地元,202509050512,2勝クラス,芝,アムールリーベ,5
地元,202509050512,2勝クラス,芝,スカプラリオ,6
地元,202509050512,2勝クラス,芝,ケイテンアイジン,9
地元,202509050512,2勝クラス,芝,ブルーサンセット,10
地元,202509050512,2勝クラス,芝,ハピアーザンエバー,13
地元,202509050512,2勝クラス,芝,ファイツオン,14
地元,202509050608,2勝クラス,ダ,デルアヴァー,1
地元,202509050608,2勝クラス,ダ,ヴァンアグレアブル,4
地元,202509050608,2勝クラス,ダ,ゼロスネーク,6
地元,202509050608,2勝クラス,ダ,エリカヴェネチア,7
地元,202509050608,2勝クラス,ダ,ワンダフルトゥデイ,12
地元,202509050608,2勝クラス,ダ,ヴォルスター,13
地元,202509050609,3勝クラス,ダ,ダノンスウィッチ,2
地元,202509050609,3勝クラス,ダ,ピエマンソン,3
地元,202509050609,3勝クラス,ダ,リネアグローリア,5
地元,202509050609,3勝クラス,ダ,ヒルノドゴール,6
地元,202509050609,3勝クラス,ダ,アンジュフィールド,7
地元,202509050609,3勝クラス,ダ,メイショウタイゲイ,8
地元,202509050609,3勝クラス,ダ,プロミシングスター,11
地元,202509050609,3勝クラス,ダ,コト,13
地元,202509050609,3勝クラス,ダ,シークレットキー,15
地元,202509050609,3勝クラス,ダ,ラップスター,16
地元,202509050610,OP,ダ,ルシュヴァルドール,1
地元,202509050610,OP,ダ,タイトニット,2
地元,202509050610,OP,ダ,ディープリボーン,3
地元,202509050610,OP,ダ,タガノバビロン,4
地元,202509050610,OP,ダ,クールミラボー,5
地元,202509050610,OP,ダ,ハピ,6
地元,202509050610,OP,ダ,ロードラビリンス,7
地元,202509050610,OP,ダ,マリオロード,8
地元,202509050610,OP,ダ,ジンセイ,9
地元,202509050610,OP,ダ,タイセイドレフォン,11
地元,202509050610,OP,ダ,マーブルロック,13
地元,202509050610,OP,ダ,タクシンイメル,16
地元,202509050611,重賞,芝,カヴァレリッツォ,1
地元,202509050611,重賞,芝,ダイヤモンドノット,2
地元,202509050611,重賞,芝,グッドピース,6
地元,202509050611,重賞,芝,カクウチ,12
地元,202509050612,3勝クラス,芝,スマートワイス,2
地元,202509050612,3勝クラス,芝,モンテシート,5
地元,202509050612,3勝クラス,芝,ブリュットミレジメ,6
地元,202509050612,3勝クラス,芝,ダークエクリプス,7
地元,202509050612,3勝クラス,芝,スーサンアッシャー,8
地元,202509050612,3勝クラス,芝,ウルトラソニック,10
地元,202509050612,3勝クラス,芝,ミストレス,11
地元,202509050612,3勝クラス,芝,グランデサラス,13
地元,202509050708,2勝クラス,ダ,ベルジュロネット,1
地元,202509050708,2勝クラス,ダ,アスクアイルビゼア,3
地元,202509050708,2勝クラス,ダ,ホウショウマリス,5
地元,202509050708,2勝クラス,ダ,ハリウッドパーク,6
地元,202509050708,2勝クラス,ダ,サンガネーブ,7
地元,202509050708,2勝クラス,ダ,マイティマイティー,8
地元,202509050708,2勝クラス,ダ,ゲイルライダー,9
地元,202509050708,2勝クラス,ダ,モズナイスバディー,10
地元,202509050708,2勝クラス,ダ,フィドルファドル,11
地元,202509050708,2勝クラス,ダ,スナークシュンソウ,12
地元,202509050708,2勝クラス,ダ,ドンパッショーネ,13
地元,202509050708,2勝クラス,ダ,メイショウザンゲツ,14
地元,202509050708,2勝クラス,ダ,クリノキングマン,15
地元,202509050708,2勝クラス,ダ,エリカドリーム,16
地元,202509050710,3勝クラス,ダ,ハナウマビーチ,1
地元,202509050710,3勝クラス,ダ,クァンタムウェーブ,4
地元,202509050710,3勝クラス,ダ,レッドプロフェシー,5
地元,202509050710,3勝クラス,ダ,クロニクル,6
地元,202509050710,3勝クラス,ダ,ワイドブリザード,7
地元,202509050710,3勝クラス,ダ,ダブルジョーク,8
地元,202509050710,3勝クラス,ダ,メイショウソウタ,9
地元,202509050710,3勝クラス,ダ,リトルハピ,11
地元,202509050710,3勝クラス,ダ,メイショウポペット,12
地元,202509050710,3勝クラス,ダ,ツキノアカリ,13
地元,202509050710,3勝クラス,ダ,ポルポラジール,15
地元,202509050710,3勝クラス,ダ,カネトシブルーム,16
地元,202509050711,重賞,芝,ルガル,1
地元,202509050711,重賞,芝,エイシンフェンサー,5
地元,202509050711,重賞,芝,ヨシノイースター,6
地元,202509050711,重賞,芝,ダノンマッキンリー,7
地元,202509050711,重賞,芝,ミッキーゴージャス,9
地元,202509050711,重賞,芝,シュタールヴィント,10
地元,202509050711,重賞,芝,モズメイメイ,14
地元,202509050711,重賞,芝,ショウナンザナドゥ,15
地元,202509050712,2勝クラス,芝,ミュージシャン,1
地元,202509050712,2勝クラス,芝,カリーニョ,2
地元,202509050712,2勝クラス,芝,モモンウールー,4
地元,202509050712,2勝クラス,芝,ショウナンハウル,6
地元,202509050712,2勝クラス,芝,チャイボーグ,7
地元,202509050712,2勝クラス,芝,ショウナンバルドル,9
地元,202509050808,2勝クラス,ダ,ゴールドダイアー,1
地元,202509050808,2勝クラス,ダ,ショーダンサー,2
地元,202509050808,2勝クラス,ダ,メイショウカシワデ,3
地元,202509050808,2勝クラス,ダ,アラナコア,4
地元,202509050808,2勝クラス,ダ,ワンダースティング,6
地元,202509050808,2勝クラス,ダ,トゥルブレンシア,7
地元,202509050808,2勝クラス,ダ,スマートシーカー,8
地元,202509050808,2勝クラス,ダ,メイケイロゼッタ,9
地元,202509050808,2勝クラス,ダ,メイショウジェンマ,11
地元,202509050808,2勝クラス,ダ,ジョウショーパワー,12
地元,202509050808,2勝クラス,ダ,ディオスパーダ,13
地元,202509050809,2勝クラス,芝,マイエレメント,1
地元,202509050809,2勝クラス,芝,シャンパンライフ,2
地元,202509050809,2勝クラス,芝,グラフィティアート,4
地元,202509050809,2勝クラス,芝,テラメリタ,5
地元,202509050809,2勝クラス,芝,エイムフォーエース,6
地元,202509050809,2勝クラス,芝,トーホウガレオン,7
地元,202509050809,2勝クラス,芝,フォーキャンドルズ,10
地元,202509050809,2勝クラス,芝,クイックバイオ,11
地元,202509050809,2勝クラス,芝,ホウオウサンデー,12
地元,202509050810,3勝クラス,芝,ローランドバローズ,1
地元,202509050810,3勝クラス,芝,マイネルエニグマ,2
地元,202509050810,3勝クラス,芝,アレナリア,3
地元,202509050810,3勝クラス,芝,ドットクルー,4
地元,202509050810,3勝クラス,芝,キーパフォーマー,5
地元,202509050810,3勝クラス,芝,リッケンバッカー,7
地元,202509050810,3勝クラス,芝,ミアステラ,8
地元,202509050810,3勝クラス,芝,ガジュノリ,10
地元,202509050810,3勝クラス,芝,アスクビギンアゲン,11
地元,202509050811,OP,ダ,ノーブルロジャー,1
地元,202509050811,OP,ダ,ナムラフランク,3
地元,202509050811,OP,ダ,コンクイスタ,4
地元,202509050811,OP,ダ,スマートサニー,6
地元,202509050811,OP,ダ,ケイアイシェルビー,7
地元,202509050811,OP,ダ,サトノフェニックス,8
地元,202509050811,OP,ダ,メタマックス,10
地元,202509050811,OP,ダ,ロードフロンティア,11
地元,202509050811,OP,ダ,ワイワイレジェンド,12
地元,202509050811,OP,ダ,サクセスローレル,13
地元,202509050811,OP,ダ,コンティノアール,14
地元,202509050811,OP,ダ,スマートアイ,16
地元,202509050812,3勝クラス,芝,イツモニコニコ,1
地元,202509050812,3勝クラス,芝,アスティスプマンテ,2
地元,202509050812,3勝クラス,芝,バンドシェル,3
地元,202509050812,3勝クラス,芝,ヒーローインチーフ,7
地元,202509050812,3勝クラス,芝,ブリックワーク,8
地元,202509050812,3勝クラス,芝,キャプテンシー,9
地元,202602010410,2勝クラス,ダ,チャーリー,1
地元,202602010410,2勝クラス,ダ,レッドライトニング,3
地元,202602010410,2勝クラス,ダ,アールプロスト,6
地元,202602010410,2勝クラス,ダ,タイヨウフレア,7
地元,202602010411,3勝クラス,芝,パクスロマーナ,2
地元,202602010411,3勝クラス,芝,サムハンター,3
地元,202602010411,3勝クラス,芝,エヴァンスウィート,4
地元,202602010411,3勝クラス,芝,ヴェサリウス,8
地元,202602010411,3勝クラス,芝,スティールブルー,9
地元,202602010411,3勝クラス,芝,ゴールドサーベル,12
地元,202603010110,2勝クラス,芝,アサクサグレース,1
地元,202603010110,2勝クラス,芝,ヴァンヴィーヴ,2
地元,202603010110,2勝クラス,芝,ハニーローリエ,3
地元,202603010110,2勝クラス,芝,バンブルビー,3
地元,202603010110,2勝クラス,芝,ホウオウブースター,5
地元,202603010110,2勝クラス,芝,マジカルフェアリー,6
地元,202603010110,2勝クラス,芝,アタリダイキチ,7
地元,202603010110,2勝クラス,芝,マルプリ,8
地元,202603010110,2勝クラス,芝,バシレイア,9
地元,202603010110,2勝クラス,芝,ゴキゲンサン,10
地元,202603010110,2勝クラス,芝,ブライティアダイヤ,11
地元,202603010110,2勝クラス,芝,ムチャスグラシアス,12
地元,202603010110,2勝クラス,芝,タマカヅラ,13
地元,202603010110,2勝クラス,芝,シュラフ,14
地元,202603010110,2勝クラス,芝,ラトルシェ,15
地元,202603010110,2勝クラス,芝,クリノハレルヤ,16
地元,202603010111,OP,ダ,ラタフォレスト,1
地元,202603010111,OP,ダ,マリアナトレンチ,7
地元,202603010111,OP,ダ,ダイシンピスケス,10
地元,202603010111,OP,ダ,イスラアネーロ,11
地元,202603010111,OP,ダ,サンライズホーク,12
地元,202603010111,OP,ダ,ペプチドソレイユ,13
地元,202603010210,2勝クラス,ダ,モリノセピア,3
地元,202603010210,2勝クラス,ダ,アイアムイチバン,4
地元,202603010210,2勝クラス,ダ,サードウインド,5
地元,202603010210,2勝クラス,ダ,イノキ,6
地元,202603010210,2勝クラス,ダ,リクエイ,8
地元,202603010210,2勝クラス,ダ,ジーベック,9
地元,202603010210,2勝クラス,ダ,ミニョンマルーン,10
地元,202603010210,2勝クラス,ダ,サンディブロンド,14
地元,202603010210,2勝クラス,ダ,サベージラヴ,15
地元,202603010211,OP,芝,サヴォーナ,1
地元,202603010211,OP,芝,マイネルモーント,4
地元,202603010211,OP,芝,タシット,6
地元,202603010211,OP,芝,アスクドゥポルテ,12
地元,202603010211,OP,芝,トゥデイイズザデイ,13
地元,202603010211,OP,芝,ピースワンデュック,14
地元,202603010311,2勝クラス,ダ,レッドライトニング,2
地元,202603010311,2勝クラス,ダ,シーニックビュー,6
地元,202603010311,2勝クラス,ダ,アイファーグローブ,7
地元,202603010311,2勝クラス,ダ,オコタンペ,8
地元,202603010311,2勝クラス,ダ,レーヴブリリアント,9
地元,202603010311,2勝クラス,ダ,ヒストリアイ,10
地元,202603010311,2勝クラス,ダ,サンドオブエテル,11
地元,202603010311,2勝クラス,ダ,ファイントパーズ,12
地元,202603010410,2勝クラス,芝,ドーバーブライト,1
地元,202603010410,2勝クラス,芝,ラーシャローム,2
地元,202603010410,2勝クラス,芝,リアルファインド,4
地元,202603010410,2勝クラス,芝,ヴァイザーバルコ,6
地元,202603010410,2勝クラス,芝,ビップチェイス,7
地元,202603010410,2勝クラス,芝,ウインマイルート,8
地元,202603010410,2勝クラス,芝,ビッグベルーガ,9
地元,202603010410,2勝クラス,芝,ハイラント,10
地元,202603010410,2勝クラス,芝,バーケンヘッド,12
地元,202603010410,2勝クラス,芝,アンテロース,13
地元,202603010411,重賞,芝,ジョイフルニュース,2
地元,202603010411,重賞,芝,カニキュル,3
地元,202603010411,重賞,芝,レーゼドラマ,6
地元,202603010411,重賞,芝,カネラフィーナ,7
地元,202603010411,重賞,芝,パレハ,9
地元,202603010411,重賞,芝,アンリーロード,10
地元,202603010411,重賞,芝,フィールシンパシー,12
地元,202603010411,重賞,芝,コンドゥイア,15
地元,202603010510,2勝クラス,芝,ヴァンヴィーヴ,2
地元,202603010510,2勝クラス,芝,ソレントフレイバー,6
地元,202603010510,2勝クラス,芝,セイウンデセオ,7
地元,202603010510,2勝クラス,芝,スネーフリンガ,13
地元,202603010510,2勝クラス,芝,フミサウンド,14
地元,202603010511,3勝クラス,ダ,ルージュアズライト,2
地元,202603010511,3勝クラス,ダ,ワークソング,3
地元,202603010511,3勝クラス,ダ,カウスリップ,5
地元,202603010511,3勝クラス,ダ,ビルカール,6
地元,202603010511,3勝クラス,ダ,ゴールドハンマー,7
地元,202603010511,3勝クラス,ダ,サザンエルフ,8
地元,202603010511,3勝クラス,ダ,シャカシャカシー,11
地元,202603010610,2勝クラス,ダ,トルショー,5
地元,202603010610,2勝クラス,ダ,グレイスオブゴッド,7
地元,202603010610,2勝クラス,ダ,コスモマルーン,8
地元,202603010610,2勝クラス,ダ,セザンワールド,9
地元,202603010610,2勝クラス,ダ,カスバートテソーロ,11
地元,202603010610,2勝クラス,ダ,イブニングタイド,12
地元,202603010610,2勝クラス,ダ,マイレーヌ,13
地元,202603010611,OP,芝,サウンドモリアーナ,1
地元,202603010611,OP,芝,ジョーメッドヴィン,3
地元,202603010611,OP,芝,カルロヴェローチェ,6
地元,202603010611,OP,芝,クファシル,8
地元,202603010611,OP,芝,クムシラコ,14
地元,202603010611,OP,芝,ユキノファラオ,16
地元,202604010110,2勝クラス,芝,コンフォルツァ,2
地元,202604010110,2勝クラス,芝,コスモイシュタル,3
地元,202604010110,2勝クラス,芝,デファイ,4
地元,202604010110,2勝クラス,芝,アラタマフェーヴル,6
地元,202604010110,2勝クラス,芝,ヴォンフレ,7
地元,202604010110,2勝クラス,芝,ビターグラッセ,10
地元,202604010110,2勝クラス,芝,エンジェルマーク,11
地元,202604010110,2勝クラス,芝,ハニードレス,12
地元,202604010110,2勝クラス,芝,ツルマウカタチ,13
地元,202604010110,2勝クラス,芝,ドリームクルーズ,15
地元,202604010111,3勝クラス,ダ,ゴールドアローン,4
地元,202604010111,3勝クラス,ダ,エリカサファイア,5
地元,202604010111,3勝クラス,ダ,サンセットブライト,6
地元,202604010111,3勝クラス,ダ,ファリーザ,7
地元,202604010111,3勝クラス,ダ,ドゥラリス,11
地元,202604010111,3勝クラス,ダ,カフェニクス,12
地元,202604010209,2勝クラス,ダ,レイバックスピン,1
地元,202604010209,2勝クラス,ダ,コンアフェット,2
地元,202604010209,2勝クラス,ダ,シンボリノエル,6
地元,202604010209,2勝クラス,ダ,ベルイストワール,9
地元,202604010209,2勝クラス,ダ,ルージュマローネ,11
地元,202604010210,2勝クラス,芝,ハニーローリエ,2
地元,202604010210,2勝クラス,芝,イスラコラソン,3
地元,202604010210,2勝クラス,芝,ラトルシェ,4
地元,202604010210,2勝クラス,芝,エクセルゴールド,7
地元,202604010210,2勝クラス,芝,ヴェナートル,8
地元,202604010210,2勝クラス,芝,マルプリ,10
地元,202604010210,2勝クラス,芝,ホークレア,13
地元,202604010210,2勝クラス,芝,クリノハレルヤ,14
地元,202604010210,2勝クラス,芝,ヒラボクミニー,15
地元,202604010210,2勝クラス,芝,クールベイビー,16
地元,202604010211,OP,ダ,ブレーザー,1
地元,202604010211,OP,ダ,ユキマル,2
地元,202604010211,OP,ダ,サンライズパスカル,5
地元,202604010211,OP,ダ,スリーピース,7
地元,202604010211,OP,ダ,グッジョブ,9
地元,202604010211,OP,ダ,エスカル,11
地元,202604010211,OP,ダ,アルムラトゥール,12
地元,202604010211,OP,ダ,サフランヒーロー,15
地元,202604010311,3勝クラス,芝,シュラフ,1
地元,202604010311,3勝クラス,芝,カウスリップ,3
地元,202604010311,3勝クラス,芝,ハートホイップ,5
地元,202604010311,3勝クラス,芝,メイショウキルギス,6
地元,202604010311,3勝クラス,芝,ショウナンラスボス,7
地元,202604010311,3勝クラス,芝,トーアアイギス,11
地元,202604010311,3勝クラス,芝,シャカシャカシー,12
地元,202604010311,3勝クラス,芝,スコーピオン,13
地元,202604010311,3勝クラス,芝,タツダイヤモンド,14
地元,202604010311,3勝クラス,芝,パラサイコロジー,16
地元,202604010410,2勝クラス,ダ,フィールオーサム,2
地元,202604010410,2勝クラス,ダ,メイショウクーガー,4
地元,202604010410,2勝クラス,ダ,タカサンフェイス,5
地元,202604010410,2勝クラス,ダ,サンカルミア,7
地元,202604010410,2勝クラス,ダ,カゼノタカトシ,8
地元,202604010410,2勝クラス,ダ,ユイノマチブセ,12
地元,202604010411,OP,芝,ランフォーヴァウ,1
地元,202604010411,OP,芝,アクートゥス,2
地元,202604010411,OP,芝,グロリアラウス,4
地元,202604010411,OP,芝,サトノカルナバル,5
地元,202604010411,OP,芝,アルセナール,6
地元,202604010411,OP,芝,メイショウチタン,9
地元,202604010411,OP,芝,ニシノエージェント,14
地元,202604010510,2勝クラス,ダ,ブレトワルダ,3
地元,202604010510,2勝クラス,ダ,マーゴットゲイン,6
地元,202604010511,重賞,芝,グランディア,1
地元,202604010511,重賞,芝,フクノブルーレイク,3
地元,202604010511,重賞,芝,ドゥラドーレス,4
地元,202604010511,重賞,芝,トーセンリョウ,6
地元,202604010511,重賞,芝,グランドカリナン,9
地元,202604010511,重賞,芝,アンゴラブラック,10
地元,202604010511,重賞,芝,シュトルーヴェ,11
地元,202604010511,重賞,芝,シンハナーダ,14
地元,202604010610,2勝クラス,芝,マリアイリダータ,1
地元,202604010610,2勝クラス,芝,ホウオウシンデレラ,2
地元,202604010610,2勝クラス,芝,コンフォルツァ,3
地元,202604010610,2勝クラス,芝,クロシェットノエル,4
地元,202604010610,2勝クラス,芝,ズイウンゴサイ,5
地元,202604010610,2勝クラス,芝,ワザモノ,7
地元,202604010610,2勝クラス,芝,コスモアバンサ,11
地元,202604010610,2勝クラス,芝,パッションリッチ,12
地元,202604010610,2勝クラス,芝,バードウォッチャー,14
地元,202604010610,2勝クラス,芝,ジャンビ,15
地元,202604010611,3勝クラス,芝,エストゥペンダ,1
地元,202604010611,3勝クラス,芝,ガジュノリ,2
地元,202604010611,3勝クラス,芝,タイキラフター,3
地元,202604010611,3勝クラス,芝,ミラビリスマジック,5
地元,202604010611,3勝クラス,芝,モズロックンロール,10
地元,202604010611,3勝クラス,芝,ルクスビッグスター,11
地元,202604010611,3勝クラス,芝,キントリヒ,12
地元,202604010611,3勝クラス,芝,エレクトリックブギ,15
地元,202604010711,2勝クラス,芝,マリノトニトゥルス,1
地元,202604010711,2勝クラス,芝,ハニーローリエ,2
地元,202604010711,2勝クラス,芝,ヴァンヴィーヴ,3
地元,202604010711,2勝クラス,芝,ビービーエフォート,5
地元,202604010711,2勝クラス,芝,バシレウスシチー,7
地元,202604010711,2勝クラス,芝,レッドセニョール,8
地元,202604010711,2勝クラス,芝,パルティクラール,9
地元,202604010711,2勝クラス,芝,ラトルシェ,13
地元,202604010711,2勝クラス,芝,ライクアフラワー,14
地元,202604010711,2勝クラス,芝,タマカヅラ,16
地元,202604010810,2勝クラス,ダ,テセラリアン,1
地元,202604010810,2勝クラス,ダ,ピコテンダー,3
地元,202604010810,2勝クラス,ダ,レイアポポ,5
地元,202604010810,2勝クラス,ダ,セレジェイラ,6
地元,202604010810,2勝クラス,ダ,ロッカバイベイビー,9
地元,202604010810,2勝クラス,ダ,シュバルツガイスト,12
地元,202604010810,2勝クラス,ダ,アイアムイチバン,15
地元,202604010811,OP,芝,エコロレジーナ,1
地元,202604010811,OP,芝,ハートホイップ,4
地元,202604010811,OP,芝,シュラフ,5
地元,202604010811,OP,芝,シークレットヴァウ,6
地元,202604010811,OP,芝,バグラダス,7
地元,202604010811,OP,芝,クムシラコ,9
地元,202604010811,OP,芝,デュガ,10
地元,202604010811,OP,芝,テイエムリステット,13
地元,202604010811,OP,芝,タツダイヤモンド,14
地元,202604010811,OP,芝,ディヴィナシオン,15
地元,202604010811,OP,芝,オーブルクール,16
地元,202605010108,2勝クラス,ダ,セントラルヴァレー,3
地元,202605010108,2勝クラス,ダ,モーニングマジック,4
地元,202605010108,2勝クラス,ダ,レッドアレグロ,6
地元,202605010108,2勝クラス,ダ,タマモヴェナトル,7
地元,202605010108,2勝クラス,ダ,フィーチャリング,8
地元,202605010108,2勝クラス,ダ,シュヴァルツリーベ,9
地元,202605010108,2勝クラス,ダ,モナコブル,10
地元,202605010108,2勝クラス,ダ,サトノアルペジオ,11
地元,202605010108,2勝クラス,ダ,ジューンポンポン,12
地元,202605010108,2勝クラス,ダ,フラーハ,13
地元,202605010108,2勝クラス,ダ,ニシノスピカ,14
地元,202605010108,2勝クラス,ダ,ネイビースター,15
地元,202605010109,3勝クラス,ダ,ヴァンドーム,2
地元,202605010109,3勝クラス,ダ,ルグランヴァン,3
地元,202605010109,3勝クラス,ダ,クールブロン,5
地元,202605010109,3勝クラス,ダ,ジョディーズマロン,6
地元,202605010109,3勝クラス,ダ,ジェイエルマスター,7
地元,202605010109,3勝クラス,ダ,ニシノライコウ,8
地元,202605010109,3勝クラス,ダ,イデアイゴッソウ,9
地元,202605010109,3勝クラス,ダ,アルゴナヴィス,10
地元,202605010109,3勝クラス,ダ,ベルダイナフェロー,11
地元,202605010109,3勝クラス,ダ,ゴールデンオスカー,12
地元,202605010109,3勝クラス,ダ,ファリーザ,13
地元,202605010109,3勝クラス,ダ,ロッシニアーナ,15
地元,202605010110,OP,芝,ハッピーエンジェル,2
地元,202605010110,OP,芝,フクチャンショウ,3
地元,202605010110,OP,芝,スミッコディスコ,6
地元,202605010110,OP,芝,ホットゥトロット,8
地元,202605010110,OP,芝,アグネスクレスト,10
地元,202605010110,OP,芝,ユウファラオ,12
地元,202605010110,OP,芝,ランドスター,13
地元,202605010110,OP,芝,ホワイトドラゴン,14
地元,202605010111,OP,芝,ウィクトルウェルス,3
地元,202605010111,OP,芝,レディネス,4
地元,202605010111,OP,芝,シンハナーダ,7
地元,202605010111,OP,芝,マイネルモーント,8
地元,202605010207,2勝クラス,芝,リトルジャイアンツ,2
地元,202605010207,2勝クラス,芝,ボウウィンドウ,3
地元,202605010207,2勝クラス,芝,バードウォッチャー,4
地元,202605010207,2勝クラス,芝,ペッレグリーニ,6
地元,202605010208,2勝クラス,ダ,インペリアルライン,2
地元,202605010208,2勝クラス,ダ,ラファールドール,4
地元,202605010208,2勝クラス,ダ,ゴヴェルナーレリコ,5
地元,202605010208,2勝クラス,ダ,シグムンド,6
地元,202605010208,2勝クラス,ダ,ホウオウベルクソン,8
地元,202605010208,2勝クラス,ダ,イデアユウシン,11
地元,202605010210,3勝クラス,芝,ウイントワイライト,1
地元,202605010210,3勝クラス,芝,タイセイカレント,2
地元,202605010210,3勝クラス,芝,サトミノキラリ,5
地元,202605010210,3勝クラス,芝,ジュドー,9
地元,202605010210,3勝クラス,芝,ユハンヌス,10
地元,202605010210,3勝クラス,芝,ボーモンド,11
地元,202605010210,3勝クラス,芝,ラテラルシンキング,12
地元,202605010210,3勝クラス,芝,アームテイル,13
地元,202605010210,3勝クラス,芝,コスモアディラート,14
地元,202605010211,重賞,ダ,ロードフォンス,1
地元,202605010211,重賞,ダ,バトルクライ,2
地元,202605010211,重賞,ダ,エンペラーワケア,6
地元,202605010211,重賞,ダ,ウェイワードアクト,7
地元,202605010211,重賞,ダ,マテンロウコマンド,11
地元,202605010211,重賞,ダ,メイショウカズサ,14
地元,202605010508,2勝クラス,ダ,アデランテ,1
地元,202605010508,2勝クラス,ダ,キョウエイフロイデ,2
地元,202605010508,2勝クラス,ダ,ヘリオトロープ,3
地元,202605010508,2勝クラス,ダ,プライベートアイズ,4
地元,202605010508,2勝クラス,ダ,エーリアル,5
地元,202605010508,2勝クラス,ダ,アルドール,6
地元,202605010508,2勝クラス,ダ,チュウワチーフ,7
地元,202605010508,2勝クラス,ダ,ファイヴレター,10
地元,202605010508,2勝クラス,ダ,クレイヴィンオナー,11
地元,202605010508,2勝クラス,ダ,ラオラシオン,12
地元,202605010508,2勝クラス,ダ,レッドセニョール,13
地元,202605010508,2勝クラス,ダ,ニシノクードクール,14
地元,202605010508,2勝クラス,ダ,スカイビート,16
地元,202605010509,2勝クラス,芝,レッドバンデ,1
地元,202605010509,2勝クラス,芝,イクリール,2
地元,202605010509,2勝クラス,芝,アロンズロッド,3
地元,202605010509,2勝クラス,芝,ワイズゴールド,4
地元,202605010509,2勝クラス,芝,オウケンボルト,5
地元,202605010509,2勝クラス,芝,アヴニールドブリエ,6
地元,202605010509,2勝クラス,芝,ズイウンゴサイ,7
地元,202605010510,3勝クラス,ダ,トクシーカイザー,3
地元,202605010510,3勝クラス,ダ,ヴァンドーム,4
地元,202605010510,3勝クラス,ダ,マーズオデッセイ,5
地元,202605010510,3勝クラス,ダ,ガンウルフ,6
地元,202605010510,3勝クラス,ダ,ターコイズフリンジ,7
地元,202605010510,3勝クラス,ダ,グラウンドビート,8
地元,202605010510,3勝クラス,ダ,カフェニクス,10
地元,202605010510,3勝クラス,ダ,ベンヌ,11
地元,202605010510,3勝クラス,ダ,スリーピース,12
地元,202605010510,3勝クラス,ダ,グレノークス,13
地元,202605010510,3勝クラス,ダ,トウカイファクター,14
地元,202605010510,3勝クラス,ダ,トルーマンテソーロ,15
地元,202605010510,3勝クラス,ダ,オーサムストローク,16
地元,202605010511,重賞,芝,ドリームコア,1
地元,202605010511,重賞,芝,ジッピーチューン,2
地元,202605010511,重賞,芝,ヒズマスターピース,3
地元,202605010511,重賞,芝,モルニケ,5
地元,202605010511,重賞,芝,マルガ,7
地元,202605010511,重賞,芝,ザバルガド,10
地元,202605010511,重賞,芝,ラヴノー,11
地元,202605010511,重賞,芝,ゴバド,13
地元,202605010511,重賞,芝,ミツカネベネラ,14
地元,202605010511,重賞,芝,フェーダーローター,16
地元,202605010608,2勝クラス,芝,エフォートレス,1
地元,202605010608,2勝クラス,芝,ジャサルディア,3
地元,202605010608,2勝クラス,芝,ツルマウカタチ,4
地元,202605010608,2勝クラス,芝,ホウオウシェリー,5
地元,202605010608,2勝クラス,芝,コスモオピニオン,6
地元,202605010608,2勝クラス,芝,コンテネレッツア,7
地元,202605010608,2勝クラス,芝,レッドライトニング,8
地元,202605010608,2勝クラス,芝,ツーネサーン,9
地元,202605010608,2勝クラス,芝,ケイケイ,10
地元,202605010608,2勝クラス,芝,リュウノタブーク,11
地元,202605010608,2勝クラス,芝,ダノンエンブレム,14
地元,202605010609,3勝クラス,芝,ダノンセンチュリー,1
地元,202605010609,3勝クラス,芝,ショウナンラピダス,4
地元,202605010609,3勝クラス,芝,ヒシアマン,5
地元,202605010609,3勝クラス,芝,モンドデラモーレ,6
地元,202605010609,3勝クラス,芝,アンパドゥ,7
地元,202605010609,3勝クラス,芝,テウメッサ,8
地元,202605010609,3勝クラス,芝,レッドアトレーヴ,9
地元,202605010609,3勝クラス,芝,キュクヌス,10
地元,202605010609,3勝クラス,芝,ファインライン,11
地元,202605010609,3勝クラス,芝,ミラビリスマジック,13
地元,202605010609,3勝クラス,芝,エスコバル,14
地元,202605010609,3勝クラス,芝,アームテイル,15
地元,202605010610,OP,ダ,ウェットシーズン,1
地元,202605010610,OP,ダ,ヴィヴァン,3
地元,202605010610,OP,ダ,オウギノカナメ,4
地元,202605010610,OP,ダ,バトゥーキ,5
地元,202605010610,OP,ダ,アルムラトゥール,6
地元,202605010610,OP,ダ,ハチメンロッピ,7
地元,202605010610,OP,ダ,アッチャゴーラ,8
地元,202605010610,OP,ダ,アンシール,12
地元,202605010610,OP,ダ,サンライズホーク,13
地元,202605010610,OP,ダ,レディントン,14
地元,202605010610,OP,ダ,アサヒ,15
地元,202605010610,OP,ダ,マルディランダ,16
地元,202605010611,重賞,芝,リアライズシリウス,1
地元,202605010611,重賞,芝,サノノグレーター,6
地元,202605010611,重賞,芝,ガリレア,7
地元,202605010612,2勝クラス,ダ,クインズデネブ,1
地元,202605010612,2勝クラス,ダ,モーニングマジック,2
地元,202605010612,2勝クラス,ダ,ホウオウプレミア,4
地元,202605010612,2勝クラス,ダ,ウィンダミア,5
地元,202605010612,2勝クラス,ダ,ハリウッドブルース,8
地元,202605010612,2勝クラス,ダ,アオカミ,9
地元,202605010612,2勝クラス,ダ,オンザスクエア,10
地元,202605010612,2勝クラス,ダ,サイモンソーラン,11
地元,202605010612,2勝クラス,ダ,フミサウンド,12
地元,202605010612,2勝クラス,ダ,マーゴットゲイン,14
地元,202605010612,2勝クラス,ダ,マンノステータス,15
地元,202605010612,2勝クラス,ダ,オリビアジュテーム,16
地元,202605010708,2勝クラス,芝,マイネルトルファン,1
地元,202605010708,2勝クラス,芝,ダノンミッション,2
地元,202605010708,2勝クラス,芝,クラッシファイド,3
地元,202605010708,2勝クラス,芝,レッドキングリー,4
地元,202605010708,2勝クラス,芝,レッドバレンティア,5
地元,202605010708,2勝クラス,芝,ヴァイザーブリック,6
地元,202605010708,2勝クラス,芝,アルゲンテウス,7
地元,202605010708,2勝クラス,芝,カレンナオトメ,8
地元,202605010708,2勝クラス,芝,カレンラップスター,9
地元,202605010708,2勝クラス,芝,ダイシンバースディ,10
地元,202605010708,2勝クラス,芝,マイレーヌ,11
地元,202605010710,3勝クラス,ダ,ワンパット,2
地元,202605010710,3勝クラス,ダ,オメガタキシード,4
地元,202605010710,3勝クラス,ダ,エレクトリックブギ,6
地元,202605010710,3勝クラス,ダ,プラウドヘリテージ,7
地元,202605010710,3勝クラス,ダ,ノットイナフ,8
地元,202605010710,3勝クラス,ダ,ニューバラード,9
地元,202605010710,3勝クラス,ダ,プレイサーゴールド,10
地元,202605010710,3勝クラス,ダ,コスモジンバック,11
地元,202605010710,3勝クラス,ダ,グロバーテソーロ,12
地元,202605010710,3勝クラス,ダ,スペイドアン,13
地元,202605010710,3勝クラス,ダ,ヴァナルガンド,15
地元,202605010711,重賞,芝,スティンガーグラス,1
地元,202605010711,重賞,芝,ファイアンクランツ,2
地元,202605010711,重賞,芝,ホーエリート,5
地元,202605010711,重賞,芝,マイネルカンパーナ,7
地元,202605010711,重賞,芝,ボーンディスウェイ,9
地元,202605010711,重賞,芝,ローザサンリヴァル,10
地元,202605010711,重賞,芝,シルブロン,11
地元,202605010711,重賞,芝,サスツルギ,12
地元,202605010711,重賞,芝,ミクソロジー,13
地元,202605010711,重賞,芝,ファウストラーゼン,15
地元,202605010807,2勝クラス,ダ,インペリアルライン,2
地元,202605010807,2勝クラス,ダ,コーカサスゴールド,3
地元,202605010807,2勝クラス,ダ,タイセイアディクト,5
地元,202605010807,2勝クラス,ダ,サノノワンダー,6
地元,202605010807,2勝クラス,ダ,サトノシュトラーセ,7
地元,202605010807,2勝クラス,ダ,パッションリッチ,8
地元,202605010807,2勝クラス,ダ,バルダンツァ,10
地元,202605010807,2勝クラス,ダ,ゴヴェルナーレリコ,11
地元,202605010807,2勝クラス,ダ,ラファールドール,12
地元,202605010807,2勝クラス,ダ,スプレーフォール,14
地元,202605010807,2勝クラス,ダ,キャネル,15
地元,202605010807,2勝クラス,ダ,ダブルメッセージ,16
地元,202605010808,2勝クラス,芝,ピコローズ,1
地元,202605010808,2勝クラス,芝,ポッドロワール,2
地元,202605010808,2勝クラス,芝,ボンヌソワレ,3
地元,202605010808,2勝クラス,芝,デンクマール,4
地元,202605010808,2勝クラス,芝,レイククレセント,5
地元,202605010808,2勝クラス,芝,ミクストベリーズ,7
地元,202605010808,2勝クラス,芝,ゴールドスター,8
地元,202605010808,2勝クラス,芝,メイケイバートン,9
地元,202605010808,2勝クラス,芝,マンウォル,10
地元,202605010808,2勝クラス,芝,ルージュスエルテ,11
地元,202605010808,2勝クラス,芝,ヴェナートル,12
地元,202605010808,2勝クラス,芝,エリカカリーナ,13
地元,202605010808,2勝クラス,芝,ホワイトターフ,16
地元,202605010809,OP,ダ,ラッキーキッド,1
地元,202605010809,OP,ダ,ドンエレクトス,2
地元,202605010809,OP,ダ,イッテラッシャイ,3
地元,202605010809,OP,ダ,ユアフェリシティ,5
地元,202605010809,OP,ダ,アルカディアカフェ,6
地元,202605010809,OP,ダ,ユウファラオ,8
地元,202605010809,OP,ダ,タイキブリッツェン,10
地元,202605010810,3勝クラス,芝,サクラファレル,1
地元,202605010810,3勝クラス,芝,レイニング,2
地元,202605010810,3勝クラス,芝,アスクセクシーモア,3
地元,202605010810,3勝クラス,芝,パンジャ,5
地元,202605010810,3勝クラス,芝,ユキワリザクラ,6
地元,202605010810,3勝クラス,芝,ディヴァインスター,7
地元,202605010810,3勝クラス,芝,グーテンベルク,10
地元,202605010810,3勝クラス,芝,ウインオーディン,11
地元,202605010810,3勝クラス,芝,ダニーデン,12
地元,202605010810,3勝クラス,芝,マルチャン,13
地元,202605010810,3勝クラス,芝,ブランデーロック,14
地元,202605010811,重賞,ダ,コスタノヴァ,1
地元,202605010811,重賞,ダ,オメガギネス,5
地元,202605010811,重賞,ダ,ペプチドナイル,6
地元,202605010811,重賞,ダ,ナチュラルライズ,7
地元,202605010811,重賞,ダ,ペリエール,10
地元,202605010811,重賞,ダ,サンライズホーク,12
地元,202605010811,重賞,ダ,サクラトゥジュール,13
地元,202605010812,2勝クラス,ダ,セントラルヴァレー,2
地元,202605010812,2勝クラス,ダ,ベラジオワールド,3
地元,202605010812,2勝クラス,ダ,マサノユニコーン,4
地元,202605010812,2勝クラス,ダ,カネショウレジェン,5
地元,202605010812,2勝クラス,ダ,クォーツァイト,6
地元,202605010812,2勝クラス,ダ,キョウエイカンセ,7
地元,202605010812,2勝クラス,ダ,フィリップ,8
地元,202605010812,2勝クラス,ダ,エーデル,9
地元,202605010812,2勝クラス,ダ,フクチャントウメイ,10
地元,202605010812,2勝クラス,ダ,リアルクィーン,12
地元,202605010812,2勝クラス,ダ,アンクエンチャブル,13
地元,202605010812,2勝クラス,ダ,イブニングタイド,15
地元,202605010812,2勝クラス,ダ,ビッグショータイム,16
地元,202605020109,2勝クラス,芝,ダノンミッション,1
地元,202605020109,2勝クラス,芝,ノビリシマビジョン,2
地元,202605020109,2勝クラス,芝,ビーオンザカバー,3
地元,202605020109,2勝クラス,芝,アルゲンテウス,5
地元,202605020109,2勝クラス,芝,マイネルフォルツァ,6
地元,202605020109,2勝クラス,芝,ヤコブセン,8
地元,202605020109,2勝クラス,芝,コスモスプモーニ,9
地元,202605020110,3勝クラス,ダ,ペイシャケイプ,1
地元,202605020110,3勝クラス,ダ,フウセツ,3
地元,202605020110,3勝クラス,ダ,ワンダラー,4
地元,202605020110,3勝クラス,ダ,トクシーカイザー,5
地元,202605020110,3勝クラス,ダ,イノセントキャット,7
地元,202605020110,3勝クラス,ダ,クインズデネブ,8
地元,202605020110,3勝クラス,ダ,カネショウレジェン,9
地元,202605020110,3勝クラス,ダ,シャパリュ,10
地元,202605020110,3勝クラス,ダ,エンセリオ,11
地元,202605020110,3勝クラス,ダ,スプランドゥール,12
地元,202605020110,3勝クラス,ダ,ラストシャリナ,13
地元,202605020110,3勝クラス,ダ,ピックアップライン,14
地元,202605020110,3勝クラス,ダ,ベンヌ,15
地元,202605020111,重賞,芝,タイダルロック,2
地元,202605020111,重賞,芝,ノチェセラーダ,4
地元,202605020111,重賞,芝,ミッキーファルコン,5
地元,202605020111,重賞,芝,アッカン,7
地元,202605020111,重賞,芝,ケントン,10
地元,202605020111,重賞,芝,ラストスマイル,11
地元,202605020111,重賞,芝,ヒシアムルーズ,13
地元,202605020111,重賞,芝,コスモギガンティア,16
地元,202605020112,2勝クラス,ダ,コーカサスゴールド,1
地元,202605020112,2勝クラス,ダ,キョウエイフロイデ,2
地元,202605020112,2勝クラス,ダ,ディーズゴールド,4
地元,202605020112,2勝クラス,ダ,バルダンツァ,5
地元,202605020112,2勝クラス,ダ,タマモカンパネラ,6
地元,202605020112,2勝クラス,ダ,テンクウジョー,7
地元,202605020112,2勝クラス,ダ,クレイヴィンオナー,9
地元,202605020112,2勝クラス,ダ,エーデル,10
地元,202605020112,2勝クラス,ダ,アースイオス,11
地元,202605020112,2勝クラス,ダ,ピコニ,12
地元,202605020112,2勝クラス,ダ,ホウキボシ,13
地元,202605020208,2勝クラス,芝,ボンヌソワレ,1
地元,202605020208,2勝クラス,芝,ホウオウシェリー,2
地元,202605020208,2勝クラス,芝,サクセスカラー,3
地元,202605020208,2勝クラス,芝,レイククレセント,6
地元,202605020208,2勝クラス,芝,ルージュスエルテ,7
地元,202605020208,2勝クラス,芝,リュウノタブーク,8
地元,202605020208,2勝クラス,芝,スカイビート,10
地元,202605020208,2勝クラス,芝,フェデルミエール,11
地元,202605020209,3勝クラス,芝,モンドデラモーレ,2
地元,202605020209,3勝クラス,芝,コートアリシアン,3
地元,202605020209,3勝クラス,芝,サトミノキラリ,8
地元,202605020209,3勝クラス,芝,コスモアディラート,10
地元,202605020209,3勝クラス,芝,アームテイル,11
地元,202605020209,3勝クラス,芝,レッドアトレーヴ,15
地元,202605020209,3勝クラス,芝,ハピネスアゲン,16
地元,202605020210,OP,ダ,ペリエール,4
地元,202605020210,OP,ダ,バトルクライ,5
地元,202605020210,OP,ダ,ミッキーヌチバナ,6
地元,202605020210,OP,ダ,アッチャゴーラ,7
地元,202605020210,OP,ダ,アルムラトゥール,8
地元,202605020210,OP,ダ,オウギノカナメ,9
地元,202605020210,OP,ダ,ヴィヴァン,10
地元,202605020210,OP,ダ,アンシール,11
地元,202605020210,OP,ダ,アドマイヤデイトナ,13
地元,202605020211,重賞,芝,リスレジャンデール,6
地元,202605020211,重賞,芝,ゴバド,7
地元,202605020211,重賞,芝,ファムクラジューズ,10
地元,202605020212,2勝クラス,ダ,スナッピードレッサ,1
地元,202605020212,2勝クラス,ダ,ポッドベル,3
地元,202605020212,2勝クラス,ダ,ベラジオワールド,4
地元,202605020212,2勝クラス,ダ,プライベートアイズ,5
地元,202605020212,2勝クラス,ダ,キョウエイカンセ,6
地元,202605020212,2勝クラス,ダ,マサノユニコーン,7
地元,202605020212,2勝クラス,ダ,ケンキョ,10
地元,202605020212,2勝クラス,ダ,ジーベック,11
地元,202605020212,2勝クラス,ダ,フレッシュラン,14
地元,202605020212,2勝クラス,ダ,トロピカルヒーロー,15
地元,202605020308,2勝クラス,芝,リトルジャイアンツ,1
地元,202605020308,2勝クラス,芝,ノラリクラリ,2
地元,202605020308,2勝クラス,芝,ティムール,5
地元,202605020308,2勝クラス,芝,サトノトルネード,6
地元,202605020308,2勝クラス,芝,レイデラルース,7
地元,202605020308,2勝クラス,芝,イクリール,8
地元,202605020308,2勝クラス,芝,カーミングライツ,9
地元,202605020308,2勝クラス,芝,バーケンヘッド,10
地元,202605020309,3勝クラス,ダ,リアライズカミオン,1
地元,202605020309,3勝クラス,ダ,メイショウフジ,4
地元,202605020309,3勝クラス,ダ,タイセイアディクト,6
地元,202605020309,3勝クラス,ダ,ヴァナルガンド,7
地元,202605020309,3勝クラス,ダ,ロフティストーリー,8
地元,202605020309,3勝クラス,ダ,オメガタキシード,9
地元,202605020309,3勝クラス,ダ,ヤマニンエンディマ,11
地元,202605020309,3勝クラス,ダ,ダカラフェスティヴ,12
地元,202605020309,3勝クラス,ダ,ノットイナフ,13
地元,202605020309,3勝クラス,ダ,マテンロウガイ,14
地元,202605020309,3勝クラス,ダ,インディゴブラック,15
地元,202605020310,OP,芝,カナルサンマルタン,1
地元,202605020310,OP,芝,モートンアイランド,2
地元,202605020310,OP,芝,ドナルンバ,3
地元,202605020310,OP,芝,サムシングスイート,4
地元,202605020310,OP,芝,ミツカネベネラ,6
地元,202605020311,重賞,芝,セフィロ,2
地元,202605020311,重賞,芝,シリウスコルト,5
地元,202605020311,重賞,芝,ファンダム,8
地元,202605020311,重賞,芝,ダノンセンチュリー,9
地元,202605020311,重賞,芝,レッドシュヴェルト,11
地元,202605020311,重賞,芝,フリームファクシ,14
地元,202605020311,重賞,芝,レイベリング,17
地元,202605020312,2勝クラス,ダ,ルヴァレドクール,1
地元,202605020312,2勝クラス,ダ,ヘリオトロープ,2
地元,202605020312,2勝クラス,ダ,グレイスザクラウン,4
地元,202605020312,2勝クラス,ダ,メイショウタイピン,5
地元,202605020312,2勝クラス,ダ,コーリンカルベラ,6
地元,202605020312,2勝クラス,ダ,マリンバンカー,10
地元,202605020312,2勝クラス,ダ,ミルフルール,11
地元,202605020312,2勝クラス,ダ,スプレーフォール,12
地元,202605020312,2勝クラス,ダ,ジュンゴールド,13
地元,202605020312,2勝クラス,ダ,マスグラバイト,14
地元,202605020408,2勝クラス,芝,ダノンエンブレム,1
地元,202605020408,2勝クラス,芝,コンテネレッツア,2
地元,202605020408,2勝クラス,芝,アージェント,3
地元,202605020408,2勝クラス,芝,コムユンプリュム,4
地元,202605020408,2勝クラス,芝,ウインルピナス,5
地元,202605020408,2勝クラス,芝,ウィンターベル,6
地元,202605020409,3勝クラス,芝,アスクセクシーモア,1
地元,202605020409,3勝クラス,芝,ユキワリザクラ,2
地元,202605020409,3勝クラス,芝,キュクヌス,4
地元,202605020409,3勝クラス,芝,フクノブルーレイク,5
地元,202605020409,3勝クラス,芝,キングノジョー,6
地元,202605020409,3勝クラス,芝,ホウオウアートマン,7
地元,202605020409,3勝クラス,芝,モズロックンロール,9
地元,202605020409,3勝クラス,芝,トラマンダーレ,12
地元,202605020409,3勝クラス,芝,マルチャン,14
地元,202605020409,3勝クラス,芝,ログラール,16
地元,202605020409,3勝クラス,芝,スパークリシャール,17
地元,202605020409,3勝クラス,芝,マイネルトルファン,18
地元,202605020410,OP,ダ,アムールドパリ,2
地元,202605020410,OP,ダ,ピカピカサンダー,4
地元,202605020410,OP,ダ,レヴォントゥレット,12
地元,202605020410,OP,ダ,ダイシンピスケス,13
地元,202605020410,OP,ダ,キョウキランブ,15
地元,202605020410,OP,ダ,サクラトップリアル,16
地元,202605020411,OP,芝,メイショウハチコウ,1
地元,202605020411,OP,芝,ジャスティンシカゴ,2
地元,202605020411,OP,芝,エーデルゼーレ,3
地元,202605020411,OP,芝,ウィロークリーク,4
地元,202605020411,OP,芝,トーセンブリラーレ,6
地元,202605020411,OP,芝,ショウグンマサムネ,8
地元,202605020411,OP,芝,オルフセン,9
地元,202605020411,OP,芝,マテンロウゼロ,12
地元,202605020411,OP,芝,ヘイジュード,13
地元,202605020412,2勝クラス,ダ,エイプリルインパリ,1
地元,202605020412,2勝クラス,ダ,アルジェンタージョ,2
地元,202605020412,2勝クラス,ダ,アイアムイチバン,3
地元,202605020412,2勝クラス,ダ,ベンダバール,5
地元,202605020412,2勝クラス,ダ,オコタンペ,6
地元,202605020412,2勝クラス,ダ,ルーフオブヘヴン,7
地元,202605020412,2勝クラス,ダ,スムースベルベット,8
地元,202605020412,2勝クラス,ダ,タマモヴェナトル,9
地元,202605020412,2勝クラス,ダ,クレイヴィンオナー,10
地元,202605020412,2勝クラス,ダ,アオカミ,11
地元,202605020412,2勝クラス,ダ,レッドレナート,13
地元,202605020508,2勝クラス,芝,ショウナンマクベス,1
地元,202605020508,2勝クラス,芝,ウィッシュツリー,2
地元,202605020508,2勝クラス,芝,ミッドセンチュリー,4
地元,202605020508,2勝クラス,芝,エーデル,5
地元,202605020508,2勝クラス,芝,ホークマン,6
地元,202605020508,2勝クラス,芝,チャイボーグ,7
地元,202605020509,3勝クラス,芝,アンパドゥ,1
地元,202605020509,3勝クラス,芝,マテンロウブラボー,3
地元,202605020509,3勝クラス,芝,コスモサガルマータ,4
地元,202605020509,3勝クラス,芝,ホウオウムサシ,6
地元,202605020509,3勝クラス,芝,グラニット,7
地元,202605020509,3勝クラス,芝,パワーホール,8
地元,202605020509,3勝クラス,芝,ミカッテヨンデイイ,10
地元,202605020509,3勝クラス,芝,ガルダイア,11
地元,202605020509,3勝クラス,芝,ショーモン,12
地元,202605020510,OP,ダ,ドンエレクトス,1
地元,202605020510,OP,ダ,マクリール,2
地元,202605020510,OP,ダ,エコロシード,3
地元,202605020510,OP,ダ,アルデトップガン,5
地元,202605020510,OP,ダ,ケブランリ,6
地元,202605020510,OP,ダ,アトミックブレス,7
地元,202605020510,OP,ダ,テイエムキハク,8
地元,202605020510,OP,ダ,マイネルミストラル,9
地元,202605020510,OP,ダ,エスシーレイジュ,13
地元,202605020510,OP,ダ,ミリオンクラウン,15
地元,202605020511,重賞,芝,トロヴァトーレ,1
地元,202605020511,重賞,芝,ステレンボッシュ,2
地元,202605020511,重賞,芝,レガーロデルシエロ,3
地元,202605020511,重賞,芝,マジックサンズ,4
地元,202605020511,重賞,芝,サクラファレル,5
地元,202605020511,重賞,芝,カラマティアノス,6
地元,202605020511,重賞,芝,シルトホルン,7
地元,202605020511,重賞,芝,ジュタ,8
地元,202605020511,重賞,芝,ジュンブロッサム,9
地元,202605020511,重賞,芝,マイネルモーント,12
地元,202605020511,重賞,芝,マテンロウレオ,14
地元,202605020511,重賞,芝,ストレイトトーカー,16
地元,202605020511,重賞,芝,オクタヴィアヌス,17
地元,202605020512,2勝クラス,ダ,モーニングマジック,1
地元,202605020512,2勝クラス,ダ,ベルブリエ,3
地元,202605020512,2勝クラス,ダ,プチブール,4
地元,202605020512,2勝クラス,ダ,アルジェンタージョ,7
地元,202605020512,2勝クラス,ダ,ドナカルナバル,8
地元,202605020512,2勝クラス,ダ,クインズポラリス,9
地元,202605020512,2勝クラス,ダ,オーロラアーク,15
地元,202605020512,2勝クラス,ダ,ヴィンブルレー,16
地元,202605020608,2勝クラス,芝,レッドキングリー,1
地元,202605020608,2勝クラス,芝,ツーネサーン,2
地元,202605020608,2勝クラス,芝,ホウオウシェリー,3
地元,202605020608,2勝クラス,芝,メイケイバートン,4
地元,202605020608,2勝クラス,芝,カラヴァジェスティ,5
地元,202605020608,2勝クラス,芝,ゴールドスター,6
地元,202605020608,2勝クラス,芝,キョウエイボニータ,7
地元,202605020608,2勝クラス,芝,ナファロア,8
地元,202605020608,2勝クラス,芝,ミクストベリーズ,9
地元,202605020608,2勝クラス,芝,プリティディーヴァ,10
地元,202605020608,2勝クラス,芝,タリエシン,11
地元,202605020609,2勝クラス,ダ,ロードブレイズ,1
地元,202605020609,2勝クラス,ダ,シゲルカミカゼ,3
地元,202605020609,2勝クラス,ダ,インペリアルライン,5
地元,202605020609,2勝クラス,ダ,オオタチ,6
地元,202605020609,2勝クラス,ダ,ヒストリアイ,7
地元,202605020609,2勝クラス,ダ,ダブルメッセージ,9
地元,202605020610,OP,芝,バトルボーン,3
地元,202605020610,OP,芝,ラスカンブレス,7
地元,202605020610,OP,芝,マンマリアーレ,9
地元,202605020610,OP,芝,グランドカリナン,10
地元,202605020610,OP,芝,ワイドエンペラー,11
地元,202605020611,重賞,芝,ロデオドライブ,1
地元,202605020611,重賞,芝,アドマイヤクワッズ,3
地元,202605020611,重賞,芝,エコロアルバ,9
地元,202605020611,重賞,芝,ギリーズボール,11
地元,202605020611,重賞,芝,ジーネキング,13
地元,202605020611,重賞,芝,オルネーロ,14
地元,202605020611,重賞,芝,フクチャンショウ,15
地元,202605020611,重賞,芝,リゾートアイランド,16
地元,202605020611,重賞,芝,ユウファラオ,17
地元,202605020611,重賞,芝,ハッピーエンジェル,18
地元,202605020612,3勝クラス,ダ,セギレエルビエント,2
地元,202605020612,3勝クラス,ダ,クールブロン,3
地元,202605020612,3勝クラス,ダ,リバートゥルー,4
地元,202605020612,3勝クラス,ダ,フルオール,5
地元,202605020612,3勝クラス,ダ,パフ,6
地元,202605020612,3勝クラス,ダ,ミライヘノカギ,7
地元,202605020612,3勝クラス,ダ,ベルダイナフェロー,8
地元,202605020612,3勝クラス,ダ,ロッシニアーナ,9
地元,202605020612,3勝クラス,ダ,レディーフランシス,12
地元,202605020612,3勝クラス,ダ,グランドセントラル,14
地元,202605020709,2勝クラス,芝,ヴォンフレ,1
地元,202605020709,2勝クラス,芝,シャンソンドール,2
地元,202605020709,2勝クラス,芝,ミーントゥビー,3
地元,202605020709,2勝クラス,芝,ルージュスエルテ,9
地元,202605020710,2勝クラス,ダ,メリディアンスター,1
地元,202605020710,2勝クラス,ダ,ベラジオワールド,2
地元,202605020710,2勝クラス,ダ,ポッドベル,4
地元,202605020710,2勝クラス,ダ,ドントゥザムーン,5
地元,202605020710,2勝クラス,ダ,モリノアミーゴ,6
地元,202605020710,2勝クラス,ダ,ホウオウゴールド,7
地元,202605020710,2勝クラス,ダ,エンファサイズ,8
地元,202605020710,2勝クラス,ダ,マーゴットレーヴ,9
地元,202605020710,2勝クラス,ダ,アンクエンチャブル,10
地元,202605020710,2勝クラス,ダ,プライベートアイズ,11
地元,202605020711,3勝クラス,芝,スピードリッチ,2
地元,202605020711,3勝クラス,芝,ハーツコンチェルト,3
地元,202605020711,3勝クラス,芝,レッドテリオス,4
地元,202605020711,3勝クラス,芝,バレンタインガール,6
地元,202605020711,3勝クラス,芝,ベンサレム,7
地元,202605020711,3勝クラス,芝,ロジシルバー,8
地元,202605020711,3勝クラス,芝,マイネルブリックス,9
地元,202605020711,3勝クラス,芝,ディヴァインスター,11
地元,202605020711,3勝クラス,芝,ホウオウアートマン,12
地元,202605020711,3勝クラス,芝,トリプルコーク,14
地元,202605020809,2勝クラス,芝,エルマーゴ,1
地元,202605020809,2勝クラス,芝,ケイケイ,5
地元,202605020809,2勝クラス,芝,デファイ,6
地元,202605020809,2勝クラス,芝,マイネルフォルツァ,7
地元,202605020809,2勝クラス,芝,マンウォル,8
地元,202605020809,2勝クラス,芝,シルバーレイン,9
地元,202605020809,2勝クラス,芝,ヒロノゴウカイ,10
地元,202605020809,2勝クラス,芝,クールベイビー,11
地元,202605020809,2勝クラス,芝,リュウノタブーク,12
地元,202605020810,2勝クラス,ダ,トルショー,1
地元,202605020810,2勝クラス,ダ,トラヴェリンバンド,2
地元,202605020810,2勝クラス,ダ,キョウエイカンセ,4
地元,202605020810,2勝クラス,ダ,メイショウタイピン,5
地元,202605020810,2勝クラス,ダ,フィーチャリング,6
地元,202605020810,2勝クラス,ダ,コーリンカルベラ,7
地元,202605020810,2勝クラス,ダ,グレイスザクラウン,9
地元,202605020810,2勝クラス,ダ,コパノエビータ,10
地元,202605020810,2勝クラス,ダ,アースイオス,11
地元,202605020810,2勝クラス,ダ,レイワサンサン,12
地元,202605020810,2勝クラス,ダ,グロスビーク,13
地元,202605020810,2勝クラス,ダ,ショウナンヤッホー,14
地元,202605020811,重賞,芝,エリカエクスプレス,4
地元,202605020811,重賞,芝,ニシノティアモ,6
地元,202605020811,重賞,芝,ジョスラン,8
地元,202605020811,重賞,芝,カナテープ,10
地元,202605020811,重賞,芝,ボンドガール,11
地元,202605020811,重賞,芝,ケリフレッドアスク,14
地元,202605020811,重賞,芝,カピリナ,17
地元,202605020811,重賞,芝,ドロップオブライト,18
地元,202605020812,3勝クラス,ダ,サトノガレオン,2
地元,202605020812,3勝クラス,ダ,アジアミッション,5
地元,202605020812,3勝クラス,ダ,コブラ,7
地元,202605020812,3勝クラス,ダ,パルデンス,8
地元,202605020812,3勝クラス,ダ,フウセツ,9
地元,202605020812,3勝クラス,ダ,ワークソング,10
地元,202605020812,3勝クラス,ダ,テリフィックプラン,14
地元,202605020812,3勝クラス,ダ,ジャスリー,15
地元,202605020910,2勝クラス,芝,ツーネサーン,3
地元,202605020910,2勝クラス,芝,ブラックジェダイト,4
地元,202605020910,2勝クラス,芝,サクセスカラー,5
地元,202605020910,2勝クラス,芝,フミサウンド,6
地元,202605020910,2勝クラス,芝,ソレントフレイバー,7
地元,202605020910,2勝クラス,芝,バンブルビー,8
地元,202605020910,2勝クラス,芝,パワースナッチ,10
地元,202605020910,2勝クラス,芝,ホウオウブースター,11
地元,202605020910,2勝クラス,芝,ナファロア,12
地元,202605020910,2勝クラス,芝,キョウエイボニータ,13
地元,202605020910,2勝クラス,芝,バロン,15
地元,202605020911,OP,ダ,ドンインザムード,1
地元,202605020911,OP,ダ,ペイシャケイプ,2
地元,202605020911,OP,ダ,ハチメンロッピ,5
地元,202605020911,OP,ダ,タイセイブレイズ,8
地元,202605020911,OP,ダ,カンパニョーラ,9
地元,202605020911,OP,ダ,ジャスパーゴールド,11
地元,202605020911,OP,ダ,アスクドゥラメンテ,13
地元,202605020911,OP,ダ,ダノンザボルケーノ,15
地元,202605020911,OP,ダ,シンバーシア,16
地元,202605020912,2勝クラス,ダ,キョウエイフロイデ,1
地元,202605020912,2勝クラス,ダ,カーラデマドレ,3
地元,202605020912,2勝クラス,ダ,パイシャオピン,4
地元,202605020912,2勝クラス,ダ,フィールオーサム,5
地元,202605020912,2勝クラス,ダ,タマモカンパネラ,8
地元,202605020912,2勝クラス,ダ,マフィン,9
地元,202605020912,2勝クラス,ダ,エンプレスフレーム,10
地元,202605020912,2勝クラス,ダ,ネクストダンサー,12
地元,202605020912,2勝クラス,ダ,エーリアル,13
地元,202605020912,2勝クラス,ダ,スカイビート,14
地元,202605020912,2勝クラス,ダ,ゴーソーファー,15
地元,202605021008,2勝クラス,ダ,ヘニーガイスト,1
地元,202605021008,2勝クラス,ダ,ホレーショ,2
地元,202605021008,2勝クラス,ダ,サンカルミア,3
地元,202605021008,2勝クラス,ダ,ディーズゴールド,4
地元,202605021008,2勝クラス,ダ,バルダンツァ,6
地元,202605021008,2勝クラス,ダ,マンダリンボレロ,7
地元,202605021008,2勝クラス,ダ,ニューファウンド,8
地元,202605021008,2勝クラス,ダ,クラッシファイド,9
地元,202605021008,2勝クラス,ダ,リザードアイランド,10
地元,202605021008,2勝クラス,ダ,オーロラアーク,11
地元,202605021008,2勝クラス,ダ,シンボリノエル,12
地元,202605021008,2勝クラス,ダ,ペッレグリーニ,14
地元,202605021008,2勝クラス,ダ,ミルフルール,15
地元,202605021009,2勝クラス,芝,フォルラニーニ,1
地元,202605021009,2勝クラス,芝,ウインドラート,2
地元,202605021009,2勝クラス,芝,コスモイシュタル,3
地元,202605021009,2勝クラス,芝,アルゲンテウス,4
地元,202605021009,2勝クラス,芝,レッドバレンティア,5
地元,202605021009,2勝クラス,芝,アールヴィヴァン,7
地元,202605021009,2勝クラス,芝,ドリームクルーズ,8
地元,202605021009,2勝クラス,芝,ホークマン,9
地元,202605021009,2勝クラス,芝,ヤマメキング,10
地元,202605021009,2勝クラス,芝,ヴァリオーサ,11
地元,202605021010,3勝クラス,芝,コートアリシアン,2
地元,202605021010,3勝クラス,芝,グーテンベルク,3
地元,202605021010,3勝クラス,芝,トーセンエスクード,4
地元,202605021010,3勝クラス,芝,コスモサガルマータ,6
地元,202605021010,3勝クラス,芝,サトミノキラリ,7
地元,202605021010,3勝クラス,芝,ピコローズ,8
地元,202605021010,3勝クラス,芝,ポエットリー,9
地元,202605021010,3勝クラス,芝,ウインオーディン,12
地元,202605021010,3勝クラス,芝,コスモアディラート,14
地元,202605021011,重賞,芝,ドリームコア,2
地元,202605021011,重賞,芝,ラフターラインズ,3
地元,202605021011,重賞,芝,アメティスタ,14
地元,202605021011,重賞,芝,スマートプリエール,15
地元,202605021011,重賞,芝,ミツカネベネラ,16
地元,202605021011,重賞,芝,ロンギングセリーヌ,17
地元,202605021011,重賞,芝,スタニングレディ,18
地元,202605021012,3勝クラス,ダ,ロングウェイホーム,2
地元,202605021012,3勝クラス,ダ,メイショウフジ,4
地元,202605021012,3勝クラス,ダ,インジケーター,5
地元,202605021012,3勝クラス,ダ,タイセイアディクト,6
地元,202605021012,3勝クラス,ダ,ジェイエルマスター,9
地元,202605021012,3勝クラス,ダ,ワンパット,10
地元,202605021012,3勝クラス,ダ,ダカラフェスティヴ,11
地元,202605021012,3勝クラス,ダ,ホウオウバリスタ,12
地元,202605021012,3勝クラス,ダ,ニューバラード,13
地元,202605021012,3勝クラス,ダ,タンゴバイラリン,14
地元,202605021012,3勝クラス,ダ,ジャスパーグレイト,15
地元,202605021012,3勝クラス,ダ,サンセットブライト,16
地元,202605021109,2勝クラス,ダ,サンドブラスト,1
地元,202605021109,2勝クラス,ダ,ドントゥザムーン,4
地元,202605021109,2勝クラス,ダ,マクミランテソーロ,5
地元,202605021109,2勝クラス,ダ,ベルブリエ,7
地元,202605021109,2勝クラス,ダ,ビーコング,8
地元,202605021109,2勝クラス,ダ,サトノアルペジオ,10
地元,202605021109,2勝クラス,ダ,キミハスコール,11
地元,202605021109,2勝クラス,ダ,タイセイピューマ,12
地元,202605021109,2勝クラス,ダ,アグラード,13
地元,202605021109,2勝クラス,ダ,キョウエイスレーヴ,15
地元,202605021109,2勝クラス,ダ,ノルドヴェスト,16
地元,202605021110,2勝クラス,芝,ミッキーソルジャー,1
地元,202605021110,2勝クラス,芝,クライスレリアーナ,4
地元,202605021110,2勝クラス,芝,トレサフィール,5
地元,202605021110,2勝クラス,芝,ツルマウカタチ,6
地元,202605021110,2勝クラス,芝,レッドレナート,8
地元,202605021110,2勝クラス,芝,ケイケイ,9
地元,202605021110,2勝クラス,芝,マーゴットゲイン,10
地元,202605021111,OP,ダ,ロジアデレード,3
地元,202605021111,OP,ダ,マーズオデッセイ,4
地元,202605021111,OP,ダ,ジェイパームス,7
地元,202605021111,OP,ダ,レディントン,9
地元,202605021111,OP,ダ,ハビレ,10
地元,202605021111,OP,ダ,ショウナンライシン,11
地元,202605021111,OP,ダ,ルージュスタニング,13
地元,202605021111,OP,ダ,アマンテビアンコ,15
地元,202605021112,2勝クラス,ダ,シゲルカミカゼ,2
地元,202605021112,2勝クラス,ダ,フジレイメイ,4
地元,202605021112,2勝クラス,ダ,ベルイストワール,5
地元,202605021112,2勝クラス,ダ,ヴァズレーヌ,6
地元,202605021112,2勝クラス,ダ,ホークライト,7
地元,202605021112,2勝クラス,ダ,ルーラーリッチ,8
地元,202605021112,2勝クラス,ダ,ゴヴェルナーレリコ,9
地元,202605021112,2勝クラス,ダ,オセアバトルプラン,10
地元,202605021112,2勝クラス,ダ,コスモコンフェルマ,11
地元,202605021112,2勝クラス,ダ,ラファールドール,12
地元,202605021112,2勝クラス,ダ,デルマタモン,13
地元,202605021112,2勝クラス,ダ,ディズレーリ,14
地元,202605021112,2勝クラス,ダ,オーシンハーフ,15
地元,202605021112,2勝クラス,ダ,オウケンボルト,16
地元,202605021208,2勝クラス,芝,サトノパトリオット,1
地元,202605021208,2勝クラス,芝,アバンデル,2
地元,202605021208,2勝クラス,芝,ジオセントリック,3
地元,202605021208,2勝クラス,芝,アロンズロッド,4
地元,202605021208,2勝クラス,芝,ビップチェイス,6
地元,202605021208,2勝クラス,芝,ノラリクラリ,7
地元,202605021208,2勝クラス,芝,オールマイデイズ,9
地元,202605021208,2勝クラス,芝,ティムール,11
地元,202605021208,2勝クラス,芝,スピンザブラッド,14
地元,202605021209,3勝クラス,ダ,メイショウハチロー,1
地元,202605021209,3勝クラス,ダ,サムシャイン,2
地元,202605021209,3勝クラス,ダ,ヴァンドーム,3
地元,202605021209,3勝クラス,ダ,アルゴナヴィス,5
地元,202605021209,3勝クラス,ダ,レッドラパルマ,6
地元,202605021209,3勝クラス,ダ,ガンウルフ,9
地元,202605021209,3勝クラス,ダ,モズマーヴェリック,11
地元,202605021209,3勝クラス,ダ,セギレエルビエント,12
地元,202605021209,3勝クラス,ダ,ユキノロイヤル,13
地元,202605021209,3勝クラス,ダ,アデランテ,15
地元,202605021210,3勝クラス,芝,レイニング,1
地元,202605021210,3勝クラス,芝,ジャサルディア,2
地元,202605021210,3勝クラス,芝,ダンツファイター,3
地元,202605021210,3勝クラス,芝,ソルトブリーズ,4
地元,202605021210,3勝クラス,芝,ガジュノリ,5
地元,202605021210,3勝クラス,芝,テンミラクルスター,6
地元,202605021210,3勝クラス,芝,ミスタージーティー,9
地元,202605021210,3勝クラス,芝,ロジマンボ,11
地元,202605021210,3勝クラス,芝,クリニクラウン,12
地元,202605021210,3勝クラス,芝,テウメッサ,14
地元,202605021210,3勝クラス,芝,スパークリシャール,16
地元,202605021211,重賞,芝,ロブチェン,1
地元,202605021211,重賞,芝,パントルナイーフ,2
地元,202605021211,重賞,芝,バステール,3
地元,202605021211,重賞,芝,リアライズシリウス,7
地元,202605021211,重賞,芝,ライヒスアドラー,8
地元,202605021211,重賞,芝,アスクエジンバラ,10
地元,202605021211,重賞,芝,アウダーシア,11
地元,202605021211,重賞,芝,フォルテアンジェロ,12
地元,202605021211,重賞,芝,メイショウハチコウ,13
地元,202605021211,重賞,芝,ケントン,15
地元,202605021211,重賞,芝,グリーンエナジー,16
地元,202605021211,重賞,芝,ショウナンガルフ,17
地元,202605021212,OP,芝,ファイアンクランツ,1
地元,202605021212,OP,芝,ウィクトルウェルス,2
地元,202605021212,OP,芝,アスクセクシーモア,6
地元,202605021212,OP,芝,ハーツコンチェルト,10
地元,202605021212,OP,芝,ボーンディスウェイ,11
地元,202605021212,OP,芝,ショウナンバシット,13
地元,202605030411,OP,芝,アクートゥス,3
地元,202605030411,OP,芝,カンシン,5
地元,202605030411,OP,芝,レッドシュヴェルト,6
地元,202605030411,OP,芝,グロリアラウス,10
地元,202605030411,OP,芝,カリボール,11
地元,202605030411,OP,芝,イミグラントソング,12
地元,202605030411,OP,芝,バグラダス,13
地元,202605030609,2勝クラス,ダ,キョウエイカンセ,1
地元,202605030609,2勝クラス,ダ,マジッククッキー,2
地元,202605030609,2勝クラス,ダ,ライジンマル,10
地元,202605030609,2勝クラス,ダ,ドントゥザムーン,13
地元,202605030610,3勝クラス,芝,レッドキングリー,2
地元,202605030610,3勝クラス,芝,モンドデラモーレ,4
地元,202605030610,3勝クラス,芝,マテンロウブラボー,7
地元,202605030610,3勝クラス,芝,グーテンベルク,10
地元,202605030610,3勝クラス,芝,ウインオーディン,14
地元,202605030610,3勝クラス,芝,ダノンエンブレム,16
地元,202605030611,重賞,芝,マカナ,4
地元,202605030611,重賞,芝,エストゥペンダ,8
地元,202605030611,重賞,芝,ニシノティアモ,10
地元,202605030611,重賞,芝,セントメモリーズ,13
地元,202606010109,3勝クラス,ダ,ゴールドアローン,2
地元,202606010109,3勝クラス,ダ,バギーウィップ,3
地元,202606010109,3勝クラス,ダ,デコラシオン,4
地元,202606010109,3勝クラス,ダ,ギーロカスタル,5
地元,202606010109,3勝クラス,ダ,リバートゥルー,6
地元,202606010109,3勝クラス,ダ,タンゴバイラリン,7
地元,202606010109,3勝クラス,ダ,ウィステリアリヴァ,9
地元,202606010109,3勝クラス,ダ,グランツアーテム,10
地元,202606010110,OP,芝,リゾートアイランド,1
地元,202606010110,OP,芝,グランセレスト,4
地元,202606010110,OP,芝,マーゴットブロー,7
地元,202606010111,重賞,芝,カラマティアノス,1
地元,202606010111,重賞,芝,アンゴラブラック,2
地元,202606010111,重賞,芝,グランディア,3
地元,202606010111,重賞,芝,カネラフィーナ,4
地元,202606010111,重賞,芝,リカンカブール,6
地元,202606010111,重賞,芝,リフレーミング,7
地元,202606010111,重賞,芝,マイネルモーント,8
地元,202606010111,重賞,芝,ブランデーロック,9
地元,202606010111,重賞,芝,マイネルオーシャン,10
地元,202606010111,重賞,芝,ケイアイセナ,12
地元,202606010111,重賞,芝,シリウスコルト,13
地元,202606010111,重賞,芝,ニシノエージェント,14
地元,202606010112,2勝クラス,ダ,スリーピース,1
地元,202606010112,2勝クラス,ダ,ジャスパーソレイユ,2
地元,202606010112,2勝クラス,ダ,ショウナンハクウン,3
地元,202606010112,2勝クラス,ダ,タイセイピューマ,4
地元,202606010112,2勝クラス,ダ,ケープアグラス,5
地元,202606010112,2勝クラス,ダ,ラーナローザ,6
地元,202606010112,2勝クラス,ダ,テセラリアン,7
地元,202606010112,2勝クラス,ダ,ヴィクトリーロード,8
地元,202606010112,2勝クラス,ダ,ヴェルトラウム,9
地元,202606010112,2勝クラス,ダ,モリノセピア,10
地元,202606010112,2勝クラス,ダ,クラリティスケール,11
地元,202606010112,2勝クラス,ダ,ヒストリアイ,12
地元,202606010112,2勝クラス,ダ,バンブトンプロ,13
地元,202606010112,2勝クラス,ダ,ロッカバイベイビー,14
地元,202606010112,2勝クラス,ダ,グリーンライズ,16
地元,202606010308,2勝クラス,ダ,エクリプスルバン,1
地元,202606010308,2勝クラス,ダ,パイシャオピン,2
地元,202606010308,2勝クラス,ダ,レッドライトニング,3
地元,202606010308,2勝クラス,ダ,ピコシー,4
地元,202606010308,2勝クラス,ダ,アパイシュナール,5
地元,202606010308,2勝クラス,ダ,トーホウキザン,7
地元,202606010308,2勝クラス,ダ,エーデル,8
地元,202606010308,2勝クラス,ダ,トルショー,9
地元,202606010308,2勝クラス,ダ,デルマタモン,10
地元,202606010308,2勝クラス,ダ,ヤウガウ,11
地元,202606010308,2勝クラス,ダ,トレサフィール,13
地元,202606010310,2勝クラス,芝,ダノンミッション,2
地元,202606010310,2勝クラス,芝,ストレイトトーカー,3
地元,202606010310,2勝クラス,芝,ロゼル,5
地元,202606010310,2勝クラス,芝,マルカオペラ,6
地元,202606010310,2勝クラス,芝,ウインベアトリス,8
地元,202606010310,2勝クラス,芝,バセリーナ,9
地元,202606010310,2勝クラス,芝,ハリケーンリッジ,10
地元,202606010310,2勝クラス,芝,シルバーレイン,12
地元,202606010310,2勝クラス,芝,ワタシマツワ,14
地元,202606010310,2勝クラス,芝,レーヴブリリアント,16
地元,202606010311,3勝クラス,芝,アスクナイスショー,1
地元,202606010311,3勝クラス,芝,バレンタインガール,3
地元,202606010311,3勝クラス,芝,ピンクジン,5
地元,202606010311,3勝クラス,芝,モズマーヴェリック,6
地元,202606010311,3勝クラス,芝,エラン,9
地元,202606010311,3勝クラス,芝,メイテソーロ,10
地元,202606010311,3勝クラス,芝,スパークリシャール,10
地元,202606010311,3勝クラス,芝,グロッシェン,12
地元,202606010311,3勝クラス,芝,マイネルブリックス,13
地元,202606010311,3勝クラス,芝,ルカランフィースト,14
地元,202606010311,3勝クラス,芝,ナイトインロンドン,16
地元,202606010311,3勝クラス,芝,コスモサガルマータ,17
地元,202606010409,2勝クラス,芝,コンドゥイア,1
地元,202606010409,2勝クラス,芝,コムユンプリュム,2
地元,202606010409,2勝クラス,芝,ビターグラッセ,3
地元,202606010409,2勝クラス,芝,グレイトクラウン,4
地元,202606010409,2勝クラス,芝,ホウオウシンデレラ,5
地元,202606010409,2勝クラス,芝,ブラックルビー,6
地元,202606010409,2勝クラス,芝,トレミニョン,8
地元,202606010409,2勝クラス,芝,ロムネヤ,9
地元,202606010409,2勝クラス,芝,ヴァイルマティ,10
地元,202606010409,2勝クラス,芝,ナムララジベラ,11
地元,202606010409,2勝クラス,芝,オルノア,12
地元,202606010410,OP,ダ,ヴァルツァーシャル,2
地元,202606010410,OP,ダ,ハビレ,5
地元,202606010410,OP,ダ,サンマルパトロール,8
地元,202606010410,OP,ダ,レガーロデルシエロ,9
地元,202606010410,OP,ダ,クラウンシエンタ,10
地元,202606010410,OP,ダ,テーオーグランビル,12
地元,202606010410,OP,ダ,ヒューゴ,13
地元,202606010410,OP,ダ,ダノンザボルケーノ,14
地元,202606010410,OP,ダ,フタイテンロック,16
地元,202606010411,重賞,芝,ブラックチャリス,1
地元,202606010411,重賞,芝,レオアジャイル,3
地元,202606010411,重賞,芝,マカレイ,4
地元,202606010411,重賞,芝,サンアントワーヌ,5
地元,202606010411,重賞,芝,モルニケ,6
地元,202606010411,重賞,芝,トワニ,7
地元,202606010411,重賞,芝,ピエドゥラパン,10
地元,202606010411,重賞,芝,トラスコンガーデン,11
地元,202606010411,重賞,芝,ハーディジェナー,15
地元,202606010412,2勝クラス,ダ,スプランドゥール,1
地元,202606010412,2勝クラス,ダ,スノーサイレンス,4
地元,202606010412,2勝クラス,ダ,エチャケナ,5
地元,202606010412,2勝クラス,ダ,モリノレッドスター,6
地元,202606010412,2勝クラス,ダ,メモリーグラス,8
地元,202606010412,2勝クラス,ダ,ラストシャリナ,9
地元,202606010412,2勝クラス,ダ,メラーキ,11
地元,202606010412,2勝クラス,ダ,ヤマメキング,12
地元,202606010412,2勝クラス,ダ,サンダーアリュール,13
地元,202606010412,2勝クラス,ダ,チャロ,14
地元,202606010412,2勝クラス,ダ,ドントゥザムーン,15
地元,202606010412,2勝クラス,ダ,サンディブロンド,16
地元,202606010608,2勝クラス,ダ,ゴールドハンマー,1
地元,202606010608,2勝クラス,ダ,キョウエイカンフ,2
地元,202606010608,2勝クラス,ダ,タイセイピューマ,3
地元,202606010608,2勝クラス,ダ,タマモヴェナトル,4
地元,202606010608,2勝クラス,ダ,ジーベック,6
地元,202606010608,2勝クラス,ダ,リリージェーン,7
地元,202606010608,2勝クラス,ダ,ビッグドリーム,8
地元,202606010608,2勝クラス,ダ,ダンケルド,9
地元,202606010608,2勝クラス,ダ,アルジェンタージョ,11
地元,202606010608,2勝クラス,ダ,ケープアグラス,12
地元,202606010608,2勝クラス,ダ,フェデルミエール,14
地元,202606010608,2勝クラス,ダ,クールソル,15
地元,202606010608,2勝クラス,ダ,レグザゴン,16
地元,202606010610,3勝クラス,ダ,チュウワクリスエス,1
地元,202606010610,3勝クラス,ダ,ホウオウバリスタ,2
地元,202606010610,3勝クラス,ダ,ピクシレーション,3
地元,202606010610,3勝クラス,ダ,ハッスルダンク,4
地元,202606010610,3勝クラス,ダ,アラレタバシル,5
地元,202606010610,3勝クラス,ダ,ミライヘノカギ,6
地元,202606010610,3勝クラス,ダ,イージーオンミー,7
地元,202606010610,3勝クラス,ダ,リバートゥルー,8
地元,202606010610,3勝クラス,ダ,グレイテストソング,10
地元,202606010610,3勝クラス,ダ,ヤマニンエンディマ,11
地元,202606010610,3勝クラス,ダ,ダニーデン,12
地元,202606010610,3勝クラス,ダ,セブンスレター,13
地元,202606010610,3勝クラス,ダ,スズノテレサ,14
地元,202606010610,3勝クラス,ダ,オレデイイノカ,15
地元,202606010610,3勝クラス,ダ,オーケーバーディー,16
地元,202606010611,OP,芝,ウイングレイテスト,1
地元,202606010611,OP,芝,カルロヴェローチェ,2
地元,202606010611,OP,芝,メイクアスナッチ,3
地元,202606010611,OP,芝,モリノドリーム,4
地元,202606010611,OP,芝,ルージュラナキラ,5
地元,202606010611,OP,芝,レッドシュヴェルト,7
地元,202606010611,OP,芝,ユキマル,9
地元,202606010611,OP,芝,エコロレジーナ,10
地元,202606010611,OP,芝,クムシラコ,11
地元,202606010611,OP,芝,シンバーシア,12
地元,202606010611,OP,芝,ティニア,13
地元,202606010611,OP,芝,ツインクルトーズ,14
地元,202606010611,OP,芝,ウインモナーク,16
地元,202606010612,2勝クラス,芝,ヴァンヴィーヴ,2
地元,202606010612,2勝クラス,芝,スムースベルベット,3
地元,202606010612,2勝クラス,芝,マリノトニトゥルス,4
地元,202606010612,2勝クラス,芝,タマカヅラ,5
地元,202606010612,2勝クラス,芝,レザンノワール,7
地元,202606010612,2勝クラス,芝,ホウオウブースター,8
地元,202606010612,2勝クラス,芝,プリティディーヴァ,9
地元,202606010612,2勝クラス,芝,バシレイア,10
地元,202606010612,2勝クラス,芝,エクセルゴールド,11
地元,202606010612,2勝クラス,芝,ジャガード,12
地元,202606010612,2勝クラス,芝,スターウェーブ,14
地元,202606010612,2勝クラス,芝,ラセーヌシュメール,15
地元,202606010612,2勝クラス,芝,レイユール,16
地元,202606010707,2勝クラス,芝,フィーリウス,1
地元,202606010707,2勝クラス,芝,オストラヴァ,2
地元,202606010707,2勝クラス,芝,オールマイデイズ,4
地元,202606010707,2勝クラス,芝,レッドバンデ,5
地元,202606010707,2勝クラス,芝,ズイウンゴサイ,6
地元,202606010707,2勝クラス,芝,ウインネモフィラ,7
地元,202606010707,2勝クラス,芝,マイネルフォルツァ,8
地元,202606010707,2勝クラス,芝,レイデラルース,9
地元,202606010707,2勝クラス,芝,ウインルピナス,11
地元,202606010707,2勝クラス,芝,オウケンボルト,13
地元,202606010707,2勝クラス,芝,セイウンパシュート,15
地元,202606010707,2勝クラス,芝,ブラックボイス,16
地元,202606010708,2勝クラス,ダ,レディーフランシス,1
地元,202606010708,2勝クラス,ダ,レイバックスピン,2
地元,202606010708,2勝クラス,ダ,ヴォンフレ,3
地元,202606010708,2勝クラス,ダ,コスモマルーン,4
地元,202606010708,2勝クラス,ダ,エーリアル,5
地元,202606010708,2勝クラス,ダ,ロフティーイデアル,6
地元,202606010708,2勝クラス,ダ,マフィン,7
地元,202606010708,2勝クラス,ダ,タイヨウフレア,9
地元,202606010708,2勝クラス,ダ,サツキノジョウ,10
地元,202606010708,2勝クラス,ダ,ベルイストワール,11
地元,202606010708,2勝クラス,ダ,イゾラフェリーチェ,12
地元,202606010708,2勝クラス,ダ,ネクストダンサー,13
地元,202606010708,2勝クラス,ダ,カフェアローロ,14
地元,202606010708,2勝クラス,ダ,リュウノタブーク,15
地元,202606010708,2勝クラス,ダ,オーケーマヒナ,16
地元,202606010709,3勝クラス,芝,ポルカリズム,1
地元,202606010709,3勝クラス,芝,コートアリシアン,2
地元,202606010709,3勝クラス,芝,レッドアトレーヴ,4
地元,202606010709,3勝クラス,芝,パワーホール,5
地元,202606010709,3勝クラス,芝,セブンマジシャン,6
地元,202606010709,3勝クラス,芝,サムハンター,7
地元,202606010709,3勝クラス,芝,ウインレイアー,8
地元,202606010709,3勝クラス,芝,マルチャン,9
地元,202606010709,3勝クラス,芝,ブランデーロック,10
地元,202606010709,3勝クラス,芝,ユキノロイヤル,12
地元,202606010709,3勝クラス,芝,エリーズダイヤ,13
地元,202606010709,3勝クラス,芝,ジュノー,14
地元,202606010709,3勝クラス,芝,メタルスピード,15
地元,202606010710,OP,ダ,モンドプリューム,1
地元,202606010710,OP,ダ,エコロアゼル,2
地元,202606010710,OP,ダ,サンライズパスカル,5
地元,202606010710,OP,ダ,バグラダス,6
地元,202606010710,OP,ダ,カンパニョーラ,7
地元,202606010710,OP,ダ,ジュンウィンダム,9
地元,202606010710,OP,ダ,ソニックスター,10
地元,202606010710,OP,ダ,バンデルオーラ,13
地元,202606010710,OP,ダ,ポールセン,14
地元,202606010710,OP,ダ,オーブルクール,15
地元,202606010710,OP,ダ,ワールズコライド,16
地元,202606010711,重賞,芝,グリーンエナジー,1
地元,202606010711,重賞,芝,ソラネルマン,3
地元,202606010711,重賞,芝,タイダルロック,4
地元,202606010711,重賞,芝,ステラスペース,5
地元,202606010711,重賞,芝,エリプティクカーブ,6
地元,202606010711,重賞,芝,ブラックハヤテ,7
地元,202606010711,重賞,芝,アメテュストス,8
地元,202606010711,重賞,芝,ジーネキング,10
地元,202606010711,重賞,芝,ポッドクロス,11
地元,202606010711,重賞,芝,ポルフュロゲネトス,12
地元,202606010711,重賞,芝,アッカン,15
地元,202606010809,2勝クラス,芝,ドゥカート,1
地元,202606010809,2勝クラス,芝,ヤマニンアドホック,2
地元,202606010809,2勝クラス,芝,ビーオンザカバー,3
地元,202606010809,2勝クラス,芝,マイネルフーガ,5
地元,202606010809,2勝クラス,芝,ミラーダカリエンテ,6
地元,202606010809,2勝クラス,芝,ミーントゥビー,7
地元,202606010809,2勝クラス,芝,レイヤードレッド,8
地元,202606010809,2勝クラス,芝,ダイシンアポロン,9
地元,202606010810,2勝クラス,ダ,プルナチャンドラ,1
地元,202606010810,2勝クラス,ダ,サノノワンダー,2
地元,202606010810,2勝クラス,ダ,シグムンド,3
地元,202606010810,2勝クラス,ダ,セザンワールド,4
地元,202606010810,2勝クラス,ダ,フィールオーサム,5
地元,202606010810,2勝クラス,ダ,マンダリンボレロ,6
地元,202606010810,2勝クラス,ダ,デルマタモン,7
地元,202606010810,2勝クラス,ダ,ライジンマル,8
地元,202606010810,2勝クラス,ダ,ヤウガウ,9
地元,202606010810,2勝クラス,ダ,デファイ,10
地元,202606010811,3勝クラス,芝,エセルフリーダ,1
地元,202606010811,3勝クラス,芝,ショウナンラピダス,2
地元,202606010811,3勝クラス,芝,アマイ,5
地元,202606010811,3勝クラス,芝,マイネルブリックス,6
地元,202606010811,3勝クラス,芝,スパークリシャール,7
地元,202606010811,3勝クラス,芝,マイネルニコラス,8
地元,202606010811,3勝クラス,芝,ソリダリティ,9
地元,202606010811,3勝クラス,芝,シャドウメテオ,10
地元,202606010811,3勝クラス,芝,ミカッテヨンデイイ,11
地元,202606010811,3勝クラス,芝,ロジマンボ,12
地元,202606010811,3勝クラス,芝,タイキラフター,13
地元,202606010811,3勝クラス,芝,コスモフロイデ,15
地元,202606010811,3勝クラス,芝,ホウオウムサシ,16
地元,202606010811,3勝クラス,芝,カヨウネンカ,17
地元,202606010907,2勝クラス,芝,ストレイトトーカー,1
地元,202606010907,2勝クラス,芝,フォルラニーニ,3
地元,202606010907,2勝クラス,芝,レーヴブリリアント,4
地元,202606010907,2勝クラス,芝,ケイケイ,5
地元,202606010907,2勝クラス,芝,ロゼル,6
地元,202606010907,2勝クラス,芝,ガルサブランカ,7
地元,202606010907,2勝クラス,芝,ステラバルセロナ,8
地元,202606010907,2勝クラス,芝,アージェント,9
地元,202606010908,2勝クラス,ダ,ハードセルツァー,1
地元,202606010908,2勝クラス,ダ,ホウオウプレミア,2
地元,202606010908,2勝クラス,ダ,ビーコング,3
地元,202606010908,2勝クラス,ダ,ジャスパーソレイユ,4
地元,202606010908,2勝クラス,ダ,ショウナンハクウン,7
地元,202606010908,2勝クラス,ダ,ゲクウ,9
地元,202606010908,2勝クラス,ダ,サードウインド,10
地元,202606010908,2勝クラス,ダ,ヘルメース,11
地元,202606010908,2勝クラス,ダ,ラヴァグロウ,13
地元,202606010908,2勝クラス,ダ,ヤマメキング,14
地元,202606010908,2勝クラス,ダ,ニタモノドウシ,15
地元,202606010910,3勝クラス,ダ,ワンダラー,2
地元,202606010910,3勝クラス,ダ,ドンレパルス,4
地元,202606010910,3勝クラス,ダ,ジャスリー,5
地元,202606010910,3勝クラス,ダ,スタンリーテソーロ,7
地元,202606010910,3勝クラス,ダ,ハッピーロンドン,8
地元,202606010910,3勝クラス,ダ,パルデンス,9
地元,202606010910,3勝クラス,ダ,キュムロンニンバス,10
地元,202606010910,3勝クラス,ダ,メイショウフジタカ,11
地元,202606010910,3勝クラス,ダ,アンジュフィールド,12
地元,202606010910,3勝クラス,ダ,スマイルアップ,14
地元,202606010910,3勝クラス,ダ,フウセツ,15
地元,202606010911,重賞,芝,ドゥラドーレス,2
地元,202606010911,重賞,芝,マテンロウレオ,4
地元,202606010911,重賞,芝,サンストックトン,5
地元,202606010911,重賞,芝,ディマイザキッド,6
地元,202606010911,重賞,芝,ノースブリッジ,8
地元,202606010911,重賞,芝,ニシノレヴナント,9
地元,202606010911,重賞,芝,アルビージャ,10
地元,202606010911,重賞,芝,ファウストラーゼン,12
地元,202606010911,重賞,芝,チャックネイト,13
地元,202606010911,重賞,芝,ホウオウノーサイド,14
地元,202606010911,重賞,芝,アウスヴァール,16
地元,202606020108,2勝クラス,芝,パワースナッチ,2
地元,202606020108,2勝クラス,芝,レーヴブリリアント,3
地元,202606020108,2勝クラス,芝,コスモオピニオン,4
地元,202606020108,2勝クラス,芝,ウィンターベル,5
地元,202606020108,2勝クラス,芝,ヴェナートル,7
地元,202606020108,2勝クラス,芝,ラーテル,8
地元,202606020108,2勝クラス,芝,ブルーベリーフィズ,9
地元,202606020108,2勝クラス,芝,シルバーレイン,10
地元,202606020108,2勝クラス,芝,ビッグショータイム,11
地元,202606020108,2勝クラス,芝,ジョウゲンノツキ,12
地元,202606020108,2勝クラス,芝,ルージュナリッシュ,13
地元,202606020110,3勝クラス,ダ,ブレーザー,1
地元,202606020110,3勝クラス,ダ,エコロエイト,2
地元,202606020110,3勝クラス,ダ,ドンレパルス,4
地元,202606020110,3勝クラス,ダ,ピックアップライン,5
地元,202606020110,3勝クラス,ダ,サザンエルフ,6
地元,202606020110,3勝クラス,ダ,ワンダラー,7
地元,202606020110,3勝クラス,ダ,スプランドゥール,9
地元,202606020110,3勝クラス,ダ,ディニトーソ,10
地元,202606020110,3勝クラス,ダ,コブラ,11
地元,202606020110,3勝クラス,ダ,アイファースキャン,12
地元,202606020110,3勝クラス,ダ,ルージュアズライト,13
地元,202606020110,3勝クラス,ダ,ゲキザル,14
地元,202606020110,3勝クラス,ダ,ニシノコニャック,15
地元,202606020110,3勝クラス,ダ,ショウナンラスボス,16
地元,202606020111,重賞,芝,ペアポルックス,1
地元,202606020111,重賞,芝,レイピア,2
地元,202606020111,重賞,芝,フリッカージャブ,6
地元,202606020111,重賞,芝,ウイングレイテスト,7
地元,202606020111,重賞,芝,ルージュラナキラ,8
地元,202606020111,重賞,芝,ファンダム,12
地元,202606020111,重賞,芝,インビンシブルパパ,15
地元,202606020111,重賞,芝,ピューロマジック,16
地元,202606020112,2勝クラス,ダ,メリークリスマス,1
地元,202606020112,2勝クラス,ダ,ホレーショ,2
地元,202606020112,2勝クラス,ダ,パイシャオピン,3
地元,202606020112,2勝クラス,ダ,ディーズゴールド,4
地元,202606020112,2勝クラス,ダ,ルーラーリッチ,5
地元,202606020112,2勝クラス,ダ,ライジンマル,6
地元,202606020112,2勝クラス,ダ,シグムンド,8
地元,202606020112,2勝クラス,ダ,フジレイメイ,9
地元,202606020112,2勝クラス,ダ,アールプロスト,10
地元,202606020112,2勝クラス,ダ,トルショー,11
地元,202606020112,2勝クラス,ダ,デルマタモン,13
地元,202606020112,2勝クラス,ダ,アースイオス,15
地元,202606020112,2勝クラス,ダ,プチブール,16
地元,202606020209,2勝クラス,芝,ヤマニンアドホック,1
地元,202606020209,2勝クラス,芝,タッチアンドムーブ,3
地元,202606020209,2勝クラス,芝,レイヤードレッド,4
地元,202606020209,2勝クラス,芝,ダイシンアポロン,5
地元,202606020209,2勝クラス,芝,バードウォッチャー,6
地元,202606020209,2勝クラス,芝,ブラックヴァール,7
地元,202606020209,2勝クラス,芝,アメージング,8
地元,202606020209,2勝クラス,芝,ゴーソーファー,9
地元,202606020210,3勝クラス,芝,ソーダーンライト,1
地元,202606020210,3勝クラス,芝,ルシード,2
地元,202606020210,3勝クラス,芝,ヴェサリウス,6
地元,202606020210,3勝クラス,芝,ブランデーロック,7
地元,202606020210,3勝クラス,芝,マックアルイーン,10
地元,202606020210,3勝クラス,芝,イサチルシーサイド,12
地元,202606020210,3勝クラス,芝,スピードオブライト,14
地元,202606020210,3勝クラス,芝,アシャカタカ,15
地元,202606020211,重賞,芝,レーベンスティール,1
地元,202606020211,重賞,芝,カラマティアノス,2
地元,202606020211,重賞,芝,エコロヴァルツ,3
地元,202606020211,重賞,芝,マイネルモーント,4
地元,202606020211,重賞,芝,マジックサンズ,6
地元,202606020211,重賞,芝,サイルーン,7
地元,202606020211,重賞,芝,スパークリシャール,8
地元,202606020211,重賞,芝,サンストックトン,9
地元,202606020211,重賞,芝,シャンパンカラー,10
地元,202606020211,重賞,芝,セイウンハーデス,12
地元,202606020211,重賞,芝,ニシノエージェント,14
地元,202606020212,2勝クラス,ダ,ラストシャリナ,1
地元,202606020212,2勝クラス,ダ,キョウエイカンフ,3
地元,202606020212,2勝クラス,ダ,タイセイルヴァン,4
地元,202606020212,2勝クラス,ダ,アルジェンタージョ,5
地元,202606020212,2勝クラス,ダ,ビーマックス,6
地元,202606020212,2勝クラス,ダ,タッカージーティー,7
地元,202606020212,2勝クラス,ダ,アスゴッド,8
地元,202606020212,2勝クラス,ダ,アグラード,9
地元,202606020212,2勝クラス,ダ,エスシーレベッカ,10
地元,202606020212,2勝クラス,ダ,ガーネットウインク,11
地元,202606020212,2勝クラス,ダ,アベベ,13
地元,202606020212,2勝クラス,ダ,カラヴァジェスティ,14
地元,202606020212,2勝クラス,ダ,スミレファースト,16
地元,202606020309,2勝クラス,芝,ピックデムッシュ,3
地元,202606020309,2勝クラス,芝,ラーシャローム,4
地元,202606020309,2勝クラス,芝,オールマイデイズ,5
地元,202606020309,2勝クラス,芝,ヴァイザーバルコ,6
地元,202606020309,2勝クラス,芝,ソワドリヨン,7
地元,202606020309,2勝クラス,芝,トクシースタローン,8
地元,202606020309,2勝クラス,芝,レーヴドロペラ,9
地元,202606020309,2勝クラス,芝,クリフハンガー,10
地元,202606020309,2勝クラス,芝,ヴィブラツィオーネ,11
地元,202606020309,2勝クラス,芝,エーオーキング,12
地元,202606020310,3勝クラス,ダ,マーズオデッセイ,1
地元,202606020310,3勝クラス,ダ,エクリプスルバン,2
地元,202606020310,3勝クラス,ダ,ドバイブルース,3
地元,202606020310,3勝クラス,ダ,ラフエイジアン,5
地元,202606020310,3勝クラス,ダ,ホウオウバリスタ,6
地元,202606020310,3勝クラス,ダ,デコラシオン,8
地元,202606020310,3勝クラス,ダ,サンセットブライト,9
地元,202606020310,3勝クラス,ダ,ゴールドアローン,10
地元,202606020310,3勝クラス,ダ,ハッスルダンク,11
地元,202606020310,3勝クラス,ダ,ウィステリアリヴァ,12
地元,202606020310,3勝クラス,ダ,ウィンドフォール,13
地元,202606020311,重賞,芝,エセルフリーダ,1
地元,202606020311,重賞,芝,ビヨンドザヴァレー,2
地元,202606020311,重賞,芝,ニシノティアモ,5
地元,202606020311,重賞,芝,レーゼドラマ,6
地元,202606020311,重賞,芝,ポルカリズム,9
地元,202606020311,重賞,芝,ボンドガール,10
地元,202606020311,重賞,芝,アンリーロード,11
地元,202606020311,重賞,芝,フレミングフープ,12
地元,202606020311,重賞,芝,アンゴラブラック,13
地元,202606020311,重賞,芝,フィールシンパシー,14
地元,202606020408,2勝クラス,ダ,ラオラシオン,1
地元,202606020408,2勝クラス,ダ,ミダース,2
地元,202606020408,2勝クラス,ダ,リラゲイル,3
地元,202606020408,2勝クラス,ダ,マンダリンボレロ,4
地元,202606020408,2勝クラス,ダ,ライジンマル,5
地元,202606020408,2勝クラス,ダ,セザンワールド,6
地元,202606020408,2勝クラス,ダ,マーゴットゲイン,7
地元,202606020408,2勝クラス,ダ,トルショー,8
地元,202606020408,2勝クラス,ダ,ニューファウンド,9
地元,202606020408,2勝クラス,ダ,ニシノブレイゼスト,11
地元,202606020408,2勝クラス,ダ,リザードアイランド,12
地元,202606020408,2勝クラス,ダ,ウインアクトゥール,13
地元,202606020409,3勝クラス,芝,トリプルコーク,2
地元,202606020409,3勝クラス,芝,バレンタインガール,3
地元,202606020409,3勝クラス,芝,ショウナンサムデイ,4
地元,202606020409,3勝クラス,芝,エコロレイズ,5
地元,202606020409,3勝クラス,芝,ルカランフィースト,7
地元,202606020409,3勝クラス,芝,マイネルブリックス,10
地元,202606020409,3勝クラス,芝,ヤマニンエンディマ,11
地元,202606020409,3勝クラス,芝,レッドテリオス,12
地元,202606020409,3勝クラス,芝,ロードオールライト,14
地元,202606020410,OP,ダ,ブレイクフォース,1
地元,202606020410,OP,ダ,アクションプラン,2
地元,202606020410,OP,ダ,ミッキーヌチバナ,3
地元,202606020410,OP,ダ,クラウンシエンタ,4
地元,202606020410,OP,ダ,アマンテビアンコ,7
地元,202606020410,OP,ダ,リチュアル,8
地元,202606020410,OP,ダ,ショウナンライシン,9
地元,202606020410,OP,ダ,イムホテプ,11
地元,202606020410,OP,ダ,アスクデビューモア,13
地元,202606020410,OP,ダ,シェットランド,14
地元,202606020410,OP,ダ,ミアネーロ,15
地元,202606020411,重賞,芝,ライヒスアドラー,2
地元,202606020411,重賞,芝,タイダルロック,4
地元,202606020411,重賞,芝,モウエエデショー,5
地元,202606020411,重賞,芝,コスモギガンティア,6
地元,202606020411,重賞,芝,ステラスペース,7
地元,202606020411,重賞,芝,アメテュストス,9
地元,202606020412,2勝クラス,芝,ポッドロワール,1
地元,202606020412,2勝クラス,芝,レザンノワール,4
地元,202606020412,2勝クラス,芝,トーセントラム,7
地元,202606020412,2勝クラス,芝,スムースベルベット,8
地元,202606020412,2勝クラス,芝,エクセルゴールド,10
地元,202606020412,2勝クラス,芝,ホウオウシェリー,11
地元,202606020412,2勝クラス,芝,レイククレセント,13
地元,202606020412,2勝クラス,芝,ジャガード,15
地元,202606020412,2勝クラス,芝,ピコアーガイル,16
地元,202606020509,2勝クラス,芝,テンミラクルスター,1
地元,202606020509,2勝クラス,芝,ホウオウシンデレラ,3
地元,202606020509,2勝クラス,芝,ノビリシマビジョン,4
地元,202606020509,2勝クラス,芝,キューティリップ,5
地元,202606020509,2勝クラス,芝,ジャンビ,6
地元,202606020509,2勝クラス,芝,ヨヒーン,7
地元,202606020509,2勝クラス,芝,ロートホルン,8
地元,202606020509,2勝クラス,芝,ブラックルビー,9
地元,202606020509,2勝クラス,芝,ゴーソーファー,10
地元,202606020510,3勝クラス,芝,メタルスピード,1
地元,202606020510,3勝クラス,芝,ヒシアマン,2
地元,202606020510,3勝クラス,芝,ストレイトトーカー,4
地元,202606020510,3勝クラス,芝,コートアリシアン,5
地元,202606020510,3勝クラス,芝,ピコローズ,6
地元,202606020510,3勝クラス,芝,キュクヌス,8
地元,202606020510,3勝クラス,芝,テリオスサラ,9
地元,202606020510,3勝クラス,芝,ウインレイアー,10
地元,202606020510,3勝クラス,芝,ユキノロイヤル,11
地元,202606020510,3勝クラス,芝,ミカッテヨンデイイ,12
地元,202606020510,3勝クラス,芝,サムハンター,13
地元,202606020510,3勝クラス,芝,ディープリッチ,14
地元,202606020510,3勝クラス,芝,ジュノー,16
地元,202606020511,OP,芝,ディアダイヤモンド,1
地元,202606020511,OP,芝,バルボアパーク,3
地元,202606020511,OP,芝,ファンクション,4
地元,202606020511,OP,芝,スマイルカーブ,5
地元,202606020511,OP,芝,ランプローグ,8
地元,202606020511,OP,芝,リアライズリバティ,9
地元,202606020511,OP,芝,ルージュダリア,10
地元,202606020511,OP,芝,ヴァリスマリネリス,11
地元,202606020511,OP,芝,ナイスプレーアスク,12
地元,202606020512,2勝クラス,ダ,ショウナンハクウン,1
地元,202606020512,2勝クラス,ダ,モリノレッドスター,2
地元,202606020512,2勝クラス,ダ,サンドブラスト,3
地元,202606020512,2勝クラス,ダ,キョウエイカンフ,4
地元,202606020512,2勝クラス,ダ,アルジェンタージョ,5
地元,202606020512,2勝クラス,ダ,カワキタマナレア,6
地元,202606020512,2勝クラス,ダ,ヘルメース,7
地元,202606020512,2勝クラス,ダ,ケンキョ,8
地元,202606020512,2勝クラス,ダ,ヴィクトリーロード,9
地元,202606020512,2勝クラス,ダ,タイセイピューマ,10
地元,202606020512,2勝クラス,ダ,レッドアレグロ,12
地元,202606020512,2勝クラス,ダ,ロミオボス,13
地元,202606020512,2勝クラス,ダ,ケープアグラス,14
地元,202606020512,2勝クラス,ダ,ラヴァグロウ,15
地元,202606020512,2勝クラス,ダ,バンブトンプロ,16
地元,202606020608,2勝クラス,芝,インパクトシー,1
地元,202606020608,2勝クラス,芝,ダノンミッション,2
地元,202606020608,2勝クラス,芝,クライスレリアーナ,3
地元,202606020608,2勝クラス,芝,ツルマウカタチ,4
地元,202606020608,2勝クラス,芝,シャンパンマーク,5
地元,202606020608,2勝クラス,芝,ロゼル,7
地元,202606020608,2勝クラス,芝,コスモオピニオン,8
地元,202606020608,2勝クラス,芝,ヴェナートル,9
地元,202606020609,2勝クラス,ダ,ロングウェイホーム,1
地元,202606020609,2勝クラス,ダ,オオタチ,2
地元,202606020609,2勝クラス,ダ,キャストロププ,5
地元,202606020609,2勝クラス,ダ,ムジェロ,6
地元,202606020609,2勝クラス,ダ,サトノシュトラーセ,7
地元,202606020609,2勝クラス,ダ,インジケーター,8
地元,202606020609,2勝クラス,ダ,スプレーフォール,9
地元,202606020609,2勝クラス,ダ,イデアユウシン,10
地元,202606020610,OP,芝,ヴァルキリーバース,1
地元,202606020610,OP,芝,ジョイフルニュース,2
地元,202606020610,OP,芝,レガーロデルシエロ,3
地元,202606020610,OP,芝,ダノンエアズロック,4
地元,202606020610,OP,芝,ゾンニッヒ,5
地元,202606020610,OP,芝,エンペラーズソード,7
地元,202606020610,OP,芝,アルビージャ,8
地元,202606020610,OP,芝,ダイシンヤマト,9
地元,202606020610,OP,芝,タシット,12
地元,202606020610,OP,芝,アサヒ,13
地元,202606020610,OP,芝,フロムダスク,14
地元,202606020610,OP,芝,エエヤン,15
地元,202606020610,OP,芝,ニシノスーベニア,16
地元,202606020611,重賞,芝,アウダーシア,1
地元,202606020611,重賞,芝,アスクエジンバラ,2
地元,202606020611,重賞,芝,サノノグレーター,5
地元,202606020611,重賞,芝,ラストスマイル,6
地元,202606020611,重賞,芝,クレパスキュラー,7
地元,202606020611,重賞,芝,マイネルシンベリン,8
地元,202606020611,重賞,芝,ミスターライト,9
地元,202606020611,重賞,芝,ガリレア,10
地元,202606020611,重賞,芝,ジーネキング,12
地元,202606020709,2勝クラス,芝,ウインシャーガス,2
地元,202606020709,2勝クラス,芝,フォルラニーニ,3
地元,202606020709,2勝クラス,芝,ミーントゥビー,4
地元,202606020709,2勝クラス,芝,ビーオンザカバー,5
地元,202606020709,2勝クラス,芝,ペッレグリーニ,6
地元,202606020709,2勝クラス,芝,コスモアバンサ,7
地元,202606020709,2勝クラス,芝,エリム,7
地元,202606020709,2勝クラス,芝,コムユンプリュム,9
地元,202606020709,2勝クラス,芝,グランカンタンテ,11
地元,202606020709,2勝クラス,芝,トレミニョン,12
地元,202606020709,2勝クラス,芝,ダイシンバースディ,13
地元,202606020709,2勝クラス,芝,レッドバレンティア,15
地元,202606020710,3勝クラス,ダ,ダカラフェスティヴ,2
地元,202606020710,3勝クラス,ダ,リバートゥルー,3
地元,202606020710,3勝クラス,ダ,ロフティストーリー,5
地元,202606020710,3勝クラス,ダ,ピクシレーション,6
地元,202606020710,3勝クラス,ダ,エリカサファイア,8
地元,202606020710,3勝クラス,ダ,エイシンナデシコ,13
地元,202606020711,重賞,芝,スマートプリエール,1
地元,202606020711,重賞,芝,ロンギングセリーヌ,2
地元,202606020711,重賞,芝,アメティスタ,4
地元,202606020711,重賞,芝,ナックホワイト,8
地元,202606020711,重賞,芝,ヴィスコンテッサ,12
地元,202606020711,重賞,芝,リュクスパトロール,13
地元,202606020711,重賞,芝,コズミックボックス,14
地元,202606020711,重賞,芝,ヒルデグリム,16
地元,202606020809,2勝クラス,ダ,カネショウレジェン,1
地元,202606020809,2勝クラス,ダ,ライトニングゼウス,2
地元,202606020809,2勝クラス,ダ,アパッシメント,3
地元,202606020809,2勝クラス,ダ,マサノユニコーン,4
地元,202606020809,2勝クラス,ダ,テセラリアン,6
地元,202606020809,2勝クラス,ダ,シュヴァルツリーベ,7
地元,202606020809,2勝クラス,ダ,レッドレナート,8
地元,202606020809,2勝クラス,ダ,デビッドテソーロ,9
地元,202606020809,2勝クラス,ダ,キボウノホシ,10
地元,202606020809,2勝クラス,ダ,アオカミ,11
地元,202606020809,2勝クラス,ダ,スミレファースト,12
地元,202606020809,2勝クラス,ダ,レイユール,13
地元,202606020809,2勝クラス,ダ,タリエシン,14
地元,202606020809,2勝クラス,ダ,ウォルラス,15
地元,202606020809,2勝クラス,ダ,リリージェーン,16
地元,202606020810,3勝クラス,芝,フィーリウス,1
地元,202606020810,3勝クラス,芝,エラン,2
地元,202606020810,3勝クラス,芝,ジュタ,3
地元,202606020810,3勝クラス,芝,モズロックンロール,4
地元,202606020810,3勝クラス,芝,エストゥペンダ,5
地元,202606020810,3勝クラス,芝,レディベル,6
地元,202606020810,3勝クラス,芝,ドゥカート,7
地元,202606020810,3勝クラス,芝,マイネルトルファン,8
地元,202606020810,3勝クラス,芝,アマイ,9
地元,202606020811,OP,ダ,ドラゴンウェルズ,1
地元,202606020811,OP,ダ,ムーヴ,2
地元,202606020811,OP,ダ,ユキマル,3
地元,202606020811,OP,ダ,エコロアゼル,4
地元,202606020811,OP,ダ,ジャスパーゴールド,6
地元,202606020811,OP,ダ,ブレーザー,8
地元,202606020811,OP,ダ,シークレットヴァウ,14
地元,202606020811,OP,ダ,テイエムトッキュウ,16
地元,202606020812,2勝クラス,ダ,レイバックスピン,2
地元,202606020812,2勝クラス,ダ,サツキノジョウ,3
地元,202606020812,2勝クラス,ダ,パイシャオピン,4
地元,202606020812,2勝クラス,ダ,ミラクルキャッツ,5
地元,202606020812,2勝クラス,ダ,フィールオーサム,6
地元,202606020812,2勝クラス,ダ,コンティオ,7
地元,202606020812,2勝クラス,ダ,アルドール,8
地元,202606020812,2勝クラス,ダ,ヴォンフレ,9
地元,202606020812,2勝クラス,ダ,エーリアル,11
地元,202606020812,2勝クラス,ダ,マイスターヴェルク,12
地元,202606020812,2勝クラス,ダ,コパノエビータ,13
地元,202606020812,2勝クラス,ダ,カーラデマドレ,14
地元,202606020812,2勝クラス,ダ,デファイ,15
地元,202606030108,2勝クラス,芝,マイネルフーガ,2
地元,202606030108,2勝クラス,芝,ジオセントリック,3
地元,202606030108,2勝クラス,芝,レイヤードレッド,4
地元,202606030108,2勝クラス,芝,アールヴィヴァン,5
地元,202606030108,2勝クラス,芝,アルゲンテウス,6
地元,202606030108,2勝クラス,芝,ウインルピナス,7
地元,202606030108,2勝クラス,芝,ワザモノ,8
地元,202606030108,2勝クラス,芝,クリフハンガー,10
地元,202606030108,2勝クラス,芝,フナデ,11
地元,202606030108,2勝クラス,芝,アールプロスト,12
地元,202606030109,3勝クラス,ダ,エコロエイト,1
地元,202606030109,3勝クラス,ダ,サトノガレオン,3
地元,202606030109,3勝クラス,ダ,ラストシャリナ,4
地元,202606030109,3勝クラス,ダ,ショウナンハクウン,5
地元,202606030109,3勝クラス,ダ,シュヴァルボヌール,6
地元,202606030109,3勝クラス,ダ,アジアミッション,7
地元,202606030109,3勝クラス,ダ,ハッピーロンドン,9
地元,202606030109,3勝クラス,ダ,メイショウコバト,10
地元,202606030109,3勝クラス,ダ,テイエムタリスマ,11
地元,202606030109,3勝クラス,ダ,パルデンス,12
地元,202606030109,3勝クラス,ダ,ホワイトガーベラ,13
地元,202606030109,3勝クラス,ダ,クーデール,16
地元,202606030110,OP,ダ,ドンエレクトス,2
地元,202606030110,OP,ダ,チャーリー,3
地元,202606030110,OP,ダ,イッテラッシャイ,4
地元,202606030110,OP,ダ,サンダーヴィント,6
地元,202606030110,OP,ダ,リベッチオ,8
地元,202606030110,OP,ダ,ラッキーキッド,9
地元,202606030111,重賞,芝,マイユニバース,1
地元,202606030111,重賞,芝,ミクニインスパイア,2
地元,202606030111,重賞,芝,ローシャムパーク,3
地元,202606030111,重賞,芝,エヒト,4
地元,202606030111,重賞,芝,コスモキュランダ,7
地元,202606030111,重賞,芝,チャックネイト,8
地元,202606030111,重賞,芝,アスクナイスショー,10
地元,202606030111,重賞,芝,ホウオウノーサイド,13
地元,202606030111,重賞,芝,ミステリーウェイ,14
地元,202606030111,重賞,芝,クリスマスパレード,15
地元,202606030112,2勝クラス,ダ,サムシャイン,1
地元,202606030112,2勝クラス,ダ,ホレーショ,3
地元,202606030112,2勝クラス,ダ,ブレードサクセス,4
地元,202606030112,2勝クラス,ダ,コスモマルーン,5
地元,202606030112,2勝クラス,ダ,リラゲイル,6
地元,202606030112,2勝クラス,ダ,コーリンカルベラ,7
地元,202606030112,2勝クラス,ダ,ゲンパチルーナ,8
地元,202606030112,2勝クラス,ダ,マンダリンボレロ,9
地元,202606030112,2勝クラス,ダ,リアルクィーン,10
地元,202606030112,2勝クラス,ダ,カゼノタカトシ,11
地元,202606030112,2勝クラス,ダ,トーホウキザン,12
地元,202606030112,2勝クラス,ダ,ミッキーラッキー,13
地元,202606030112,2勝クラス,ダ,ロンパイア,14
地元,202606030112,2勝クラス,ダ,マーゴットレーヴ,15
地元,202606030112,2勝クラス,ダ,ホークライト,16
地元,202606030210,3勝クラス,芝,サウンドモリアーナ,1
地元,202606030210,3勝クラス,芝,トーセンエスクード,3
地元,202606030210,3勝クラス,芝,ヴェサリウス,4
地元,202606030210,3勝クラス,芝,スティールブルー,5
地元,202606030210,3勝クラス,芝,アンビバレント,9
地元,202606030210,3勝クラス,芝,ブランデーロック,10
地元,202606030210,3勝クラス,芝,サトミノキラリ,11
地元,202606030210,3勝クラス,芝,コスモアディラート,12
地元,202606030210,3勝クラス,芝,アームテイル,13
地元,202606030210,3勝クラス,芝,ポッドロワール,15
地元,202606030211,重賞,ダ,アクションプラン,2
地元,202606030211,重賞,ダ,ブレイクフォース,3
地元,202606030211,重賞,ダ,ヴァルツァーシャル,4
地元,202606030211,重賞,ダ,ミッキーヌチバナ,5
地元,202606030211,重賞,ダ,チュウワクリスエス,6
地元,202606030211,重賞,ダ,オメガギネス,7
地元,202606030211,重賞,ダ,ショウナンライシン,10
地元,202606030211,重賞,ダ,マテンロウスカイ,12
地元,202606030211,重賞,ダ,ピュアキアン,14
地元,202606030211,重賞,ダ,レヴォントゥレット,15
地元,202606030212,2勝クラス,芝,トーセントラム,1
地元,202606030212,2勝クラス,芝,ビービーエフォート,2
地元,202606030212,2勝クラス,芝,バンブルビー,4
地元,202606030212,2勝クラス,芝,マリノトニトゥルス,5
地元,202606030212,2勝クラス,芝,ヴェナートル,6
地元,202606030212,2勝クラス,芝,ジャガード,8
地元,202606030212,2勝クラス,芝,ヴィヴァクラウン,9
地元,202606030212,2勝クラス,芝,ルクスレゼルヴァ,10
地元,202606030212,2勝クラス,芝,クインズスピカ,11
地元,202606030310,2勝クラス,ダ,リザードアイランド,2
地元,202606030310,2勝クラス,ダ,ピコシー,3
地元,202606030310,2勝クラス,ダ,セザンワールド,4
地元,202606030310,2勝クラス,ダ,フジレイメイ,5
地元,202606030310,2勝クラス,ダ,ライジンマル,6
地元,202606030310,2勝クラス,ダ,デルマタモン,7
地元,202606030310,2勝クラス,ダ,サツキノジョウ,8
地元,202606030310,2勝クラス,ダ,タリエシン,10
地元,202606030310,2勝クラス,ダ,ニシノブレイゼスト,11
地元,202606030310,2勝クラス,ダ,アベベ,12
地元,202606030310,2勝クラス,ダ,エンプレスフレーム,13
地元,202606030310,2勝クラス,ダ,アースイオス,14
地元,202606030310,2勝クラス,ダ,スプレーフォール,15
地元,202606030311,重賞,芝,サイルーン,2
地元,202606030311,重賞,芝,ファーヴェント,3
地元,202606030311,重賞,芝,イミグラントソング,5
地元,202606030311,重賞,芝,ゾンニッヒ,7
地元,202606030311,重賞,芝,エンペラーズソード,8
地元,202606030311,重賞,芝,メタルスピード,9
地元,202606030311,重賞,芝,ケイアイセナ,10
地元,202606030311,重賞,芝,ジュンブロッサム,11
地元,202606030311,重賞,芝,エエヤン,12
地元,202606030311,重賞,芝,シリウスコルト,13
地元,202606030312,2勝クラス,ダ,コパノヴィンセント,1
地元,202606030312,2勝クラス,ダ,ホウオウプレミア,2
地元,202606030312,2勝クラス,ダ,マクミランテソーロ,3
地元,202606030312,2勝クラス,ダ,ドナカルナバル,4
地元,202606030312,2勝クラス,ダ,キョウエイカンフ,5
地元,202606030312,2勝クラス,ダ,タッカージーティー,6
地元,202606030312,2勝クラス,ダ,サンドブラスト,7
地元,202606030312,2勝クラス,ダ,タイセイピューマ,8
地元,202606030312,2勝クラス,ダ,メッエフアパラ,9
地元,202606030312,2勝クラス,ダ,ヘルメース,10
地元,202606030312,2勝クラス,ダ,ショウナンラリー,11
地元,202606030312,2勝クラス,ダ,ダンケルド,12
地元,202606030312,2勝クラス,ダ,ラヴァグロウ,13
地元,202606030312,2勝クラス,ダ,ビーコング,15
地元,202606030409,2勝クラス,芝,オストラヴァ,1
地元,202606030409,2勝クラス,芝,ダイシンアポロン,2
地元,202606030409,2勝クラス,芝,レイデラルース,4
地元,202606030409,2勝クラス,芝,カーミングライツ,5
地元,202606030409,2勝クラス,芝,タッチアンドムーブ,6
地元,202606030409,2勝クラス,芝,リギーロ,7
地元,202606030409,2勝クラス,芝,イクリール,8
地元,202606030410,3勝クラス,ダ,メリークリスマス,1
地元,202606030410,3勝クラス,ダ,ウィンドフォール,2
地元,202606030410,3勝クラス,ダ,タンゴバイラリン,4
地元,202606030410,3勝クラス,ダ,メイショウフジ,5
地元,202606030410,3勝クラス,ダ,ラオラシオン,6
地元,202606030410,3勝クラス,ダ,グレイテストソング,7
地元,202606030410,3勝クラス,ダ,レッドラパルマ,8
地元,202606030410,3勝クラス,ダ,オレデイイノカ,9
地元,202606030410,3勝クラス,ダ,トルーマンテソーロ,14
地元,202606030410,3勝クラス,ダ,クロースコンバット,15
地元,202606030410,3勝クラス,ダ,ラテラルシンキング,16
地元,202606030411,3勝クラス,芝,ジュタ,1
地元,202606030411,3勝クラス,芝,シャドウメテオ,2
地元,202606030411,3勝クラス,芝,ヤマニンアドホック,3
地元,202606030411,3勝クラス,芝,フクノブルーレイク,4
地元,202606030411,3勝クラス,芝,ダンツファイター,5
地元,202606030411,3勝クラス,芝,アマイ,7
地元,202606030411,3勝クラス,芝,ルクスビッグスター,10
地元,202606030411,3勝クラス,芝,ドゥカート,11
地元,202606030411,3勝クラス,芝,タイキラフター,12
地元,202606030411,3勝クラス,芝,スパークリシャール,13
地元,202606030412,2勝クラス,芝,リバーバレイト,1
地元,202606030412,2勝クラス,芝,プリムツァール,2
地元,202606030412,2勝クラス,芝,パワースナッチ,3
地元,202606030412,2勝クラス,芝,シャンパンマーク,4
地元,202606030412,2勝クラス,芝,レーヴブリリアント,5
地元,202606030412,2勝クラス,芝,ロゼル,6
地元,202606030412,2勝クラス,芝,ミラーダカリエンテ,8
地元,202606030412,2勝クラス,芝,マイネルフォルツァ,9
地元,202606030412,2勝クラス,芝,ケイケイ,10
地元,202606030412,2勝クラス,芝,ダイシンバースディ,12
地元,202606030510,3勝クラス,ダ,スリーピース,1
地元,202606030510,3勝クラス,ダ,ワンダラー,2
地元,202606030510,3勝クラス,ダ,ロサンゼルス,4
地元,202606030510,3勝クラス,ダ,スタンリーテソーロ,6
地元,202606030510,3勝クラス,ダ,スプランドゥール,8
地元,202606030510,3勝クラス,ダ,ショウナンハクウン,9
地元,202606030510,3勝クラス,ダ,アイアムユウシュン,11
地元,202606030510,3勝クラス,ダ,ノットファウンド,13
地元,202606030511,重賞,芝,ロデオドライブ,2
地元,202606030511,重賞,芝,ジーネキング,3
地元,202606030511,重賞,芝,ディールメーカー,4
地元,202606030511,重賞,芝,アルデトップガン,5
地元,202606030511,重賞,芝,ゴーラッキー,6
地元,202606030511,重賞,芝,ヒズマスターピース,7
地元,202606030511,重賞,芝,スマイルカーブ,8
地元,202606030511,重賞,芝,ジーティーシンドウ,9
地元,202606030511,重賞,芝,ミリオンクラウン,10
地元,202606030511,重賞,芝,ガリレア,11
地元,202606030511,重賞,芝,シュペルリング,13
地元,202606030511,重賞,芝,マダックス,14
地元,202606030512,2勝クラス,ダ,ルーフオブヘヴン,2
地元,202606030512,2勝クラス,ダ,アルジェンタージョ,4
地元,202606030512,2勝クラス,ダ,クインズポラリス,5
地元,202606030512,2勝クラス,ダ,クインズシフォン,6
地元,202606030512,2勝クラス,ダ,シアター,7
地元,202606030512,2勝クラス,ダ,モリノレッドスター,9
地元,202606030512,2勝クラス,ダ,バロン,10
地元,202606030512,2勝クラス,ダ,ベルブリエ,12
地元,202606030512,2勝クラス,ダ,ベニシア,14
地元,202606030512,2勝クラス,ダ,エリカカリーナ,15
地元,202606030608,2勝クラス,芝,ソルトブリーズ,1
地元,202606030608,2勝クラス,芝,ヤマニンガラッシア,2
地元,202606030608,2勝クラス,芝,ウインシャーガス,3
地元,202606030608,2勝クラス,芝,ミーントゥビー,4
地元,202606030608,2勝クラス,芝,クラッシファイド,5
地元,202606030608,2勝クラス,芝,グランカンタンテ,6
地元,202606030608,2勝クラス,芝,ロードマンハイム,7
地元,202606030608,2勝クラス,芝,マイネルフーガ,8
地元,202606030608,2勝クラス,芝,コスモアバンサ,9
地元,202606030608,2勝クラス,芝,クインズスピカ,10
地元,202606030609,2勝クラス,ダ,インジケーター,1
地元,202606030609,2勝クラス,ダ,オオタチ,2
地元,202606030609,2勝クラス,ダ,ムジェロ,4
地元,202606030609,2勝クラス,ダ,コーリンカルベラ,5
地元,202606030609,2勝クラス,ダ,キャストロププ,6
地元,202606030609,2勝クラス,ダ,ルーラーリッチ,7
地元,202606030609,2勝クラス,ダ,ラファールドール,8
地元,202606030609,2勝クラス,ダ,シゲルカミカゼ,9
地元,202606030609,2勝クラス,ダ,ロンパイア,10
地元,202606030609,2勝クラス,ダ,アースイオス,12
地元,202606030610,3勝クラス,芝,ストレイトトーカー,1
地元,202606030610,3勝クラス,芝,インパクトシー,3
地元,202606030610,3勝クラス,芝,ボーモンド,4
地元,202606030610,3勝クラス,芝,マテンロウブラボー,5
地元,202606030610,3勝クラス,芝,ヒシアマン,6
地元,202606030610,3勝クラス,芝,グラニット,7
地元,202606030610,3勝クラス,芝,ブランデーロック,9
地元,202606030610,3勝クラス,芝,テウメッサ,10
地元,202606030610,3勝クラス,芝,エスコバル,12
地元,202606030611,OP,芝,ウインモナーク,3
地元,202606030611,OP,芝,デュガ,4
地元,202606030611,OP,芝,アクートゥス,6
地元,202606030611,OP,芝,ソーダーンライト,7
地元,202606030611,OP,芝,カンティーユ,9
地元,202606030611,OP,芝,ステークホルダー,11
地元,202606030611,OP,芝,ロードフォアエース,12
地元,202606030611,OP,芝,エコロレジーナ,13
地元,202606030611,OP,芝,サウザンサニー,15
地元,202606030709,2勝クラス,芝,メイショウヨゾラ,1
地元,202606030709,2勝クラス,芝,キョウエイボニータ,2
地元,202606030709,2勝クラス,芝,スターウェーブ,3
地元,202606030709,2勝クラス,芝,ヴェナートル,4
地元,202606030709,2勝クラス,芝,ヴィヴァクラウン,6
地元,202606030709,2勝クラス,芝,スムースベルベット,7
地元,202606030709,2勝クラス,芝,ワース,8
地元,202606030709,2勝クラス,芝,ジャガード,12
地元,202606030710,3勝クラス,ダ,エクリプスルバン,2
地元,202606030710,3勝クラス,ダ,ドバイブルース,4
地元,202606030710,3勝クラス,ダ,ヴァンドーム,5
地元,202606030710,3勝クラス,ダ,ラフエイジアン,6
地元,202606030710,3勝クラス,ダ,プレイサーゴールド,7
地元,202606030710,3勝クラス,ダ,サトミノエンジェル,8
地元,202606030710,3勝クラス,ダ,コスモジンバック,10
地元,202606030710,3勝クラス,ダ,ニシノライコウ,11
地元,202606030710,3勝クラス,ダ,バギーウィップ,12
地元,202606030710,3勝クラス,ダ,ターコイズフリンジ,13
地元,202606030712,2勝クラス,ダ,ライトニングゼウス,2
地元,202606030712,2勝クラス,ダ,ルイステソーロ,3
地元,202606030712,2勝クラス,ダ,サマースイートピー,4
地元,202606030712,2勝クラス,ダ,タイセイルヴァン,5
地元,202606030712,2勝クラス,ダ,ホウオウプレミア,6
地元,202606030712,2勝クラス,ダ,ドナカルナバル,9
地元,202606030712,2勝クラス,ダ,ケンキョ,10
地元,202606030712,2勝クラス,ダ,イモータルバード,11
地元,202606030808,2勝クラス,ダ,サノノワンダー,1
地元,202606030808,2勝クラス,ダ,ドゥマーヴェリック,3
地元,202606030808,2勝クラス,ダ,ロードブレイズ,5
地元,202606030808,2勝クラス,ダ,ピコシー,6
地元,202606030808,2勝クラス,ダ,パースウェイド,7
地元,202606030808,2勝クラス,ダ,フェスタリア,9
地元,202606030808,2勝クラス,ダ,エーオーキング,10
地元,202606030808,2勝クラス,ダ,タイヨウフレア,11
地元,202606030809,2勝クラス,芝,ラブリージャブリー,1
地元,202606030809,2勝クラス,芝,ボウウィンドウ,2
地元,202606030809,2勝クラス,芝,ホウオウシンデレラ,3
地元,202606030809,2勝クラス,芝,エンジェルマーク,6
地元,202606030809,2勝クラス,芝,エリム,7
地元,202606030809,2勝クラス,芝,エリーナストーム,8
地元,202606030809,2勝クラス,芝,ビターグラッセ,10
地元,202606030809,2勝クラス,芝,ジャンビ,11
地元,202606030810,OP,ダ,エスカル,5
地元,202606030810,OP,ダ,ムーヴ,6
地元,202606030810,OP,ダ,モンドプリューム,7
地元,202606030810,OP,ダ,エコロエイト,9
地元,202606030810,OP,ダ,スリーピース,10
地元,202606030810,OP,ダ,ジュンウィンダム,12
地元,202606030810,OP,ダ,ワールズコライド,14
地元,202606030811,重賞,芝,ロブチェン,1
地元,202606030811,重賞,芝,リアライズシリウス,2
地元,202606030811,重賞,芝,ライヒスアドラー,3
地元,202606030811,重賞,芝,アスクエジンバラ,4
地元,202606030811,重賞,芝,フォルテアンジェロ,5
地元,202606030811,重賞,芝,グリーンエナジー,7
地元,202606030811,重賞,芝,サノノグレーター,9
地元,202606030811,重賞,芝,バステール,11
地元,202606030811,重賞,芝,ゾロアストロ,12
地元,202606030811,重賞,芝,パントルナイーフ,14
地元,202606030812,3勝クラス,芝,パンジャ,1
地元,202606030812,3勝クラス,芝,ロジシルバー,2
地元,202606030812,3勝クラス,芝,マイネルブリックス,5
地元,202606030812,3勝クラス,芝,レッドテリオス,6
地元,202606030812,3勝クラス,芝,エコロレイズ,8
地元,202606030812,3勝クラス,芝,ガジュノリ,9
地元,202606030812,3勝クラス,芝,エラン,10
地元,202606030812,3勝クラス,芝,ウインオーディン,11
地元,202606030812,3勝クラス,芝,ショウナンサムデイ,13
地元,202606030812,3勝クラス,芝,ピンクジン,14
地元,202606030812,3勝クラス,芝,モズマーヴェリック,16
地元,202606030812,3勝クラス,芝,ホウオウムサシ,18
地元,202607010110,2勝クラス,芝,シンゼンカガ,1
地元,202607010110,2勝クラス,芝,ステラクラウン,2
地元,202607010110,2勝クラス,芝,ナイトスラッガー,3
地元,202607010110,2勝クラス,芝,メディテラニアン,4
地元,202607010110,2勝クラス,芝,ジャスティンガルフ,6
地元,202607010110,2勝クラス,芝,バンフィエルド,7
地元,202607010110,2勝クラス,芝,ディーガレジェンド,8
地元,202607010110,2勝クラス,芝,タケトンボ,10
地元,202607010111,2勝クラス,ダ,スマートスピア,2
地元,202607010111,2勝クラス,ダ,モモンウールー,3
地元,202607010111,2勝クラス,ダ,メイショウジェンマ,6
地元,202607010111,2勝クラス,ダ,パーサヴィアランス,7
地元,202607010111,2勝クラス,ダ,タッチャブル,8
地元,202607010111,2勝クラス,ダ,ジュンラトゥール,9
地元,202607010111,2勝クラス,ダ,サイモンコーラル,11
地元,202607010111,2勝クラス,ダ,サイモンルモンド,13
地元,202607010209,2勝クラス,ダ,ランウインディ,1
地元,202607010209,2勝クラス,ダ,ワイノナオミ,6
地元,202607010209,2勝クラス,ダ,キングクー,8
地元,202607010209,2勝クラス,ダ,ペレグリン,11
地元,202607010209,2勝クラス,ダ,ハリーケーン,12
地元,202607010210,OP,ダ,スマートジュリアス,1
地元,202607010210,OP,ダ,テーオーグレーザー,2
地元,202607010210,OP,ダ,ライトオブヌカタ,10
地元,202607010210,OP,ダ,ナルキッソス,11
地元,202607010210,OP,ダ,アンヘリータス,12
地元,202607010211,重賞,芝,シェイクユアハート,1
地元,202607010211,重賞,芝,クイーンズウォーク,3
地元,202607010211,重賞,芝,ジューンテイク,4
地元,202607010211,重賞,芝,キングズパレス,8
地元,202607010211,重賞,芝,サフィラ,9
地元,202607010309,2勝クラス,芝,ミトノオルフェ,1
地元,202607010309,2勝クラス,芝,ガンマジーティーピ,3
地元,202607010309,2勝クラス,芝,ダノンキラウェア,5
地元,202607010309,2勝クラス,芝,タイキヴァンクール,7
地元,202607010309,2勝クラス,芝,ホーリーブラッサム,8
地元,202607010310,3勝クラス,ダ,ドラゴンテイラー,1
地元,202607010310,3勝クラス,ダ,ルシフェル,2
地元,202607010310,3勝クラス,ダ,ノボリショウリュウ,4
地元,202607010310,3勝クラス,ダ,ルージュスタニング,6
地元,202607010310,3勝クラス,ダ,ピエマンソン,9
地元,202607010310,3勝クラス,ダ,オペラプラージュ,10
地元,202607010310,3勝クラス,ダ,ヤマニンアストロン,11
地元,202607010310,3勝クラス,ダ,スリリングチェイス,12
地元,202607010310,3勝クラス,ダ,ジュタロウ,14
地元,202607010311,重賞,芝,ダイヤモンドノット,1
地元,202607010311,重賞,芝,フォーゲル,5
地元,202607010311,重賞,芝,タマモイカロス,6
地元,202607010311,重賞,芝,トライアンフパス,7
地元,202607010311,重賞,芝,メイクワンズデイ,11
地元,202607010311,重賞,芝,アスミル,13
地元,202607010311,重賞,芝,テルヴィセクス,14
地元,202607010311,重賞,芝,プリンセスモコ,15
地元,202607010410,2勝クラス,ダ,イプシロンナンバー,3
地元,202607010410,2勝クラス,ダ,レッドボブ,5
地元,202607010410,2勝クラス,ダ,ゼンエスポワール,6
地元,202607010410,2勝クラス,ダ,テーオーライマン,9
地元,202607010410,2勝クラス,ダ,ノボリクレバー,10
地元,202607010410,2勝クラス,ダ,エクストラノート,12
地元,202607010410,2勝クラス,ダ,スルーザナイト,13
地元,202607010410,2勝クラス,ダ,ジョータルマエ,14
地元,202607010411,重賞,芝,アイサンサン,1
地元,202607010411,重賞,芝,ワイドラトゥール,4
地元,202607010411,重賞,芝,ナムラクララ,8
地元,202607010411,重賞,芝,レディマリオン,12
地元,202607010411,重賞,芝,アブキールベイ,13
地元,202607010411,重賞,芝,スリールミニョン,14
地元,202607010411,重賞,芝,マサノカナリア,17
地元,202607010510,2勝クラス,芝,ディーガレジェンド,1
地元,202607010510,2勝クラス,芝,パフュームセント,2
地元,202607010510,2勝クラス,芝,ジョイエッロ,3
地元,202607010510,2勝クラス,芝,ピンキープロミス,6
地元,202607010510,2勝クラス,芝,ニュークレド,7
地元,202607010510,2勝クラス,芝,フルレゾン,8
地元,202607010510,2勝クラス,芝,バンフィエルド,9
地元,202607010510,2勝クラス,芝,オルトパラティウム,10
地元,202607010510,2勝クラス,芝,オリエンタルナイト,12
地元,202607010511,3勝クラス,芝,ルージュソリテール,1
地元,202607010511,3勝クラス,芝,ミエスペランサ,4
地元,202607010511,3勝クラス,芝,ミッキーツインクル,5
地元,202607010511,3勝クラス,芝,マイエレメント,6
地元,202607010511,3勝クラス,芝,エポックヴィーナス,7
地元,202607010511,3勝クラス,芝,ウォーターガーベラ,8
地元,202607010511,3勝クラス,芝,キタサンダムール,10
地元,202607010511,3勝クラス,芝,ハニーコム,12
地元,202607010511,3勝クラス,芝,タガノアビー,13
地元,202607010511,3勝クラス,芝,ジーティードレス,16
地元,202607010512,2勝クラス,芝,ノクナレア,1
地元,202607010512,2勝クラス,芝,キャッスルレイク,3
地元,202607010512,2勝クラス,芝,メイショウミリオレ,4
地元,202607010512,2勝クラス,芝,ロンドボス,6
地元,202607010512,2勝クラス,芝,サクラオーラ,7
地元,202607010512,2勝クラス,芝,カウンティフェア,8
地元,202607010512,2勝クラス,芝,アムールリーベ,9
地元,202607010512,2勝クラス,芝,プチプラージュ,10
地元,202607010512,2勝クラス,芝,インフローレ,14
地元,202607010512,2勝クラス,芝,スイミーユニバンス,16
地元,202607010610,3勝クラス,ダ,ゴールデンクラウド,1
地元,202607010610,3勝クラス,ダ,マイノワール,3
地元,202607010610,3勝クラス,ダ,パカーラン,5
地元,202607010610,3勝クラス,ダ,メイショウオーロラ,8
地元,202607010610,3勝クラス,ダ,カネトシゴウト,12
地元,202607010610,3勝クラス,ダ,キュールエフウジン,13
地元,202607010611,重賞,芝,ナムラクレア,6
地元,202607010611,重賞,芝,ダノンマッキンリー,7
地元,202607010611,重賞,芝,エーティーマクフィ,8
地元,202607010611,重賞,芝,ビッグシーザー,11
地元,202607010611,重賞,芝,ヨシノイースター,12
地元,202607010611,重賞,芝,ヤマニンアルリフラ,14
地元,202607010611,重賞,芝,ララマセラシオン,16
地元,202607010612,2勝クラス,ダ,コーラルクラウン,1
地元,202607010612,2勝クラス,ダ,カルパ,3
地元,202607010612,2勝クラス,ダ,フィリップ,5
地元,202607010612,2勝クラス,ダ,シンエン,8
地元,202607010612,2勝クラス,ダ,フォーワンセルフ,12
地元,202608010109,2勝クラス,ダ,グランドプラージュ,1
地元,202608010109,2勝クラス,ダ,ドゥラエテルノ,3
地元,202608010109,2勝クラス,ダ,スーパージョック,4
地元,202608010109,2勝クラス,ダ,ブルックリンダンス,5
地元,202608010109,2勝クラス,ダ,キングオブフジ,7
地元,202608010109,2勝クラス,ダ,ショウサンジョージ,8
地元,202608010109,2勝クラス,ダ,クリノフィガロ,9
地元,202608010109,2勝クラス,ダ,ワンダフルトゥデイ,12
地元,202608010109,2勝クラス,ダ,イーサンアイ,13
地元,202608010110,3勝クラス,芝,タガノデュード,1
地元,202608010110,3勝クラス,芝,ウイントレメンデス,2
地元,202608010110,3勝クラス,芝,メイショウゲキリン,5
地元,202608010110,3勝クラス,芝,バッデレイト,6
地元,202608010110,3勝クラス,芝,リッケンバッカー,7
地元,202608010110,3勝クラス,芝,インザモーメント,9
地元,202608010111,重賞,芝,ブエナオンダ,1
地元,202608010111,重賞,芝,ランスオブカオス,5
地元,202608010111,重賞,芝,ヤンキーバローズ,6
地元,202608010111,重賞,芝,ラケマーダ,8
地元,202608010111,重賞,芝,マサノカナリア,10
地元,202608010111,重賞,芝,コレペティトール,14
地元,202608010111,重賞,芝,ヤマニンサンパ,15
地元,202608010111,重賞,芝,シンフォーエバー,16
地元,202608010111,重賞,芝,ガイアメンテ,17
地元,202608010111,重賞,芝,エアファンディタ,18
地元,202608010112,2勝クラス,芝,ブルクトーア,2
地元,202608010112,2勝クラス,芝,メイショウカイト,3
地元,202608010112,2勝クラス,芝,アドマイヤジェイ,4
地元,202608010112,2勝クラス,芝,クイックバイオ,6
地元,202608010112,2勝クラス,芝,ネーブルオレンジ,9
地元,202608010112,2勝クラス,芝,サダメ,10
地元,202608010112,2勝クラス,芝,シホノペルフェット,11
地元,202608010112,2勝クラス,芝,ホウオウサンデー,12
地元,202608010309,2勝クラス,ダ,モズカトレア,1
地元,202608010309,2勝クラス,ダ,ステアハート,2
地元,202608010309,2勝クラス,ダ,ラヴァブル,3
地元,202608010309,2勝クラス,ダ,サイモンコーラル,5
地元,202608010309,2勝クラス,ダ,ハリウッドパーク,6
地元,202608010309,2勝クラス,ダ,ブリーズオンチーク,8
地元,202608010310,2勝クラス,芝,セレッソデアモール,4
地元,202608010310,2勝クラス,芝,フードマン,5
地元,202608010310,2勝クラス,芝,ピースフルナイト,6
地元,202608010310,2勝クラス,芝,プリンスノット,7
地元,202608010310,2勝クラス,芝,ソングオブライフ,8
地元,202608010310,2勝クラス,芝,アムールリーベ,9
地元,202608010310,2勝クラス,芝,モズトキキ,10
地元,202608010310,2勝クラス,芝,アスクエピソード,11
地元,202608010310,2勝クラス,芝,カリーシ,12
地元,202608010310,2勝クラス,芝,リアライズ,13
地元,202608010310,2勝クラス,芝,ダイヤモンドフジ,14
地元,202608010310,2勝クラス,芝,フォルテローザ,15
地元,202608010310,2勝クラス,芝,インブロリオ,17
地元,202608010310,2勝クラス,芝,ジーニアスバローズ,18
地元,202608010311,OP,ダ,キタノズエッジ,1
地元,202608010311,OP,ダ,ニシキギミッチー,2
地元,202608010311,OP,ダ,フェルヴェンテ,4
地元,202608010311,OP,ダ,スターターン,5
地元,202608010311,OP,ダ,スマートサニー,8
地元,202608010311,OP,ダ,スターペスカオリ,9
地元,202608010311,OP,ダ,トリリオンボーイ,10
地元,202608010311,OP,ダ,ライツフォル,12
地元,202608010311,OP,ダ,タクシンイメル,13
地元,202608010311,OP,ダ,コンティノアール,16
地元,202608010408,2勝クラス,ダ,ラファル,1
地元,202608010408,2勝クラス,ダ,アスクアイルビゼア,2
地元,202608010408,2勝クラス,ダ,ユウトザレン,3
地元,202608010408,2勝クラス,ダ,レッドダンルース,4
地元,202608010408,2勝クラス,ダ,ニューオーリンズ,5
地元,202608010408,2勝クラス,ダ,タイガースパーク,6
地元,202608010408,2勝クラス,ダ,カルパ,7
地元,202608010408,2勝クラス,ダ,サンダーバース,9
地元,202608010408,2勝クラス,ダ,シンエン,12
地元,202608010408,2勝クラス,ダ,トーレ,13
地元,202608010408,2勝クラス,ダ,バイファーザベスト,14
地元,202608010408,2勝クラス,ダ,マサハヤウォルズ,15
地元,202608010409,2勝クラス,ダ,キーチパルフェ,1
地元,202608010409,2勝クラス,ダ,エイカイソウル,2
地元,202608010409,2勝クラス,ダ,ソウルアンドジャズ,3
地元,202608010409,2勝クラス,ダ,テーオーマルコーニ,4
地元,202608010409,2勝クラス,ダ,ゴッドエスパーダ,5
地元,202608010409,2勝クラス,ダ,タガノヘラクレス,6
地元,202608010409,2勝クラス,ダ,ヒデノレインボー,7
地元,202608010409,2勝クラス,ダ,ディオスパーダ,8
地元,202608010409,2勝クラス,ダ,エリカヴェネチア,9
地元,202608010410,3勝クラス,芝,ベラジオボンド,1
地元,202608010410,3勝クラス,芝,ミッキージュエリー,2
地元,202608010410,3勝クラス,芝,フライングブレード,3
地元,202608010410,3勝クラス,芝,キングメーカー,5
地元,202608010410,3勝クラス,芝,バレルターン,6
地元,202608010410,3勝クラス,芝,ミニトランザット,7
地元,202608010410,3勝クラス,芝,ブリュットミレジメ,8
地元,202608010410,3勝クラス,芝,スズカダブル,9
地元,202608010410,3勝クラス,芝,ウィープディライト,11
地元,202608010410,3勝クラス,芝,ハワイアンティアレ,12
地元,202608010410,3勝クラス,芝,エアミアーニ,13
地元,202608010410,3勝クラス,芝,トーホウディアス,14
地元,202608010410,3勝クラス,芝,アスクビギンアゲン,15
地元,202608010411,OP,芝,ヤブサメ,1
地元,202608010411,OP,芝,アンクルクロス,2
地元,202608010411,OP,芝,セッション,3
地元,202608010411,OP,芝,グランテスト,5
地元,202608010411,OP,芝,ムイ,9
地元,202608010411,OP,芝,ソウテン,10
地元,202608010411,OP,芝,モズナナスター,11
地元,202608010411,OP,芝,マイネルレノン,14
地元,202608010411,OP,芝,シュタールヴィント,15
地元,202608010609,2勝クラス,芝,ディーガレジェンド,4
地元,202608010609,2勝クラス,芝,ジョイエッロ,5
地元,202608010609,2勝クラス,芝,バガン,6
地元,202608010609,2勝クラス,芝,ショウナンハウル,10
地元,202608010610,OP,芝,プリンセスモコ,2
地元,202608010610,OP,芝,アイニードユー,5
地元,202608010610,OP,芝,フルールジェンヌ,6
地元,202608010610,OP,芝,マーブルパレス,7
地元,202608010610,OP,芝,プレセピオ,8
地元,202608010610,OP,芝,スウィッチインラヴ,9
地元,202608010611,3勝クラス,ダ,エストレヤデベレン,1
地元,202608010611,3勝クラス,ダ,ジャーヴィス,2
地元,202608010611,3勝クラス,ダ,ノボリショウリュウ,3
地元,202608010611,3勝クラス,ダ,セミマル,4
地元,202608010611,3勝クラス,ダ,ピエマンソン,5
地元,202608010611,3勝クラス,ダ,ヴェロクオーレ,6
地元,202608010611,3勝クラス,ダ,ヘルモーズ,8
地元,202608010611,3勝クラス,ダ,シゲルソロソロ,9
地元,202608010611,3勝クラス,ダ,ローズバルサム,10
地元,202608010611,3勝クラス,ダ,テイエムランウェイ,12
地元,202608010611,3勝クラス,ダ,ダノンスウィッチ,13
地元,202608010611,3勝クラス,ダ,グラスシフォン,14
地元,202608010611,3勝クラス,ダ,スマートリアファル,15
地元,202608010611,3勝クラス,ダ,ジャスパーバローズ,16
地元,202608010612,2勝クラス,芝,ポッドドンナー,3
地元,202608010612,2勝クラス,芝,ジャズ,4
地元,202608010612,2勝クラス,芝,レーヴジーニアル,5
地元,202608010612,2勝クラス,芝,オリバナム,7
地元,202608010612,2勝クラス,芝,フォーキャンドルズ,8
地元,202608010612,2勝クラス,芝,トーホウガレオン,9
地元,202608010612,2勝クラス,芝,ザブライド,10
地元,202608010612,2勝クラス,芝,ジッピーレーサー,11
地元,202608010612,2勝クラス,芝,ラージギャラリー,13
地元,202608010612,2勝クラス,芝,ツーエムクロノス,16
地元,202608010709,2勝クラス,ダ,トゥロン,1
地元,202608010709,2勝クラス,ダ,ラヴオントップ,2
地元,202608010709,2勝クラス,ダ,ヤマニンバロネス,3
地元,202608010709,2勝クラス,ダ,ホウショウマリス,4
地元,202608010709,2勝クラス,ダ,スニーカースキル,5
地元,202608010709,2勝クラス,ダ,ワイノナオミ,6
地元,202608010709,2勝クラス,ダ,ポートデラメール,7
地元,202608010709,2勝クラス,ダ,ウィップスティッチ,9
地元,202608010709,2勝クラス,ダ,マジックローズ,10
地元,202608010709,2勝クラス,ダ,ミライテーラー,11
地元,202608010709,2勝クラス,ダ,サザーランド,12
地元,202608010709,2勝クラス,ダ,ランスオブセヘル,15
地元,202608010709,2勝クラス,ダ,エルサトアナ,16
地元,202608010710,2勝クラス,ダ,バッケンレコード,1
地元,202608010710,2勝クラス,ダ,マイティマイティー,2
地元,202608010710,2勝クラス,ダ,ショーダンサー,3
地元,202608010710,2勝クラス,ダ,キングブルー,4
地元,202608010710,2勝クラス,ダ,メイショウカシワデ,5
地元,202608010710,2勝クラス,ダ,トゥルブレンシア,6
地元,202608010710,2勝クラス,ダ,メイショウヤシマ,8
地元,202608010710,2勝クラス,ダ,スマートカイロス,10
地元,202608010710,2勝クラス,ダ,メイケイロゼッタ,11
地元,202608010710,2勝クラス,ダ,バトンインディ,12
地元,202608010710,2勝クラス,ダ,アスクキングコング,14
地元,202608010710,2勝クラス,ダ,グラティアスミノル,15
地元,202608010710,2勝クラス,ダ,ワンダースティング,16
地元,202608010711,重賞,芝,ゲルチュタール,1
地元,202608010711,重賞,芝,ファミリータイム,2
地元,202608010711,重賞,芝,マイネルケレリウス,4
地元,202608010711,重賞,芝,ドクタードリトル,5
地元,202608010711,重賞,芝,コーチェラバレー,6
地元,202608010711,重賞,芝,サブマリーナ,9
地元,202608010711,重賞,芝,サトノグランツ,10
地元,202608010711,重賞,芝,オールナット,13
地元,202608010808,2勝クラス,ダ,スペシャルナンバー,1
地元,202608010808,2勝クラス,ダ,ヴリトラハン,2
地元,202608010808,2勝クラス,ダ,フェデラー,3
地元,202608010808,2勝クラス,ダ,フェリ,4
地元,202608010808,2勝クラス,ダ,ハリーケーン,6
地元,202608010808,2勝クラス,ダ,イマージョン,9
地元,202608010808,2勝クラス,ダ,セントールビースト,10
地元,202608010808,2勝クラス,ダ,ディキシーガンナー,11
地元,202608010808,2勝クラス,ダ,プレアデスグループ,12
地元,202608010808,2勝クラス,ダ,セールヴォラン,13
地元,202608010808,2勝クラス,ダ,ドンパッショーネ,14
地元,202608010808,2勝クラス,ダ,モズナイスバディー,15
地元,202608010809,OP,芝,アクロフェイズ,2
地元,202608010809,OP,芝,タガノアルトゥーラ,5
地元,202608010809,OP,芝,ウィズクィーン,9
地元,202608010809,OP,芝,ダークマルス,13
地元,202608010810,3勝クラス,ダ,ペンナヴェローチェ,2
地元,202608010810,3勝クラス,ダ,シンビリーブ,3
地元,202608010810,3勝クラス,ダ,シャルクハフト,5
地元,202608010810,3勝クラス,ダ,ホルトバージ,6
地元,202608010810,3勝クラス,ダ,リューデスハイム,7
地元,202608010810,3勝クラス,ダ,ヒロノラメール,8
地元,202608010810,3勝クラス,ダ,レーウィン,9
地元,202608010810,3勝クラス,ダ,ペイシャモノノフ,10
地元,202608010810,3勝クラス,ダ,ゴールドダイアー,11
地元,202608010810,3勝クラス,ダ,メイショウシナノ,12
地元,202608010810,3勝クラス,ダ,メイプルタピット,13
地元,202608010811,OP,芝,マイネルチケット,2
地元,202608010811,OP,芝,ニホンピロキーフ,3
地元,202608010811,OP,芝,タガノエルピーダ,4
地元,202608010811,OP,芝,ビップデイジー,10
地元,202608010811,OP,芝,クランフォード,12
地元,202608010812,2勝クラス,芝,エイムフォーエース,1
地元,202608010812,2勝クラス,芝,メイショウカイト,2
地元,202608010812,2勝クラス,芝,リアライズ,3
地元,202608010812,2勝クラス,芝,ジッピーレーサー,4
地元,202608010812,2勝クラス,芝,スカプラリオ,10
地元,202608010907,2勝クラス,芝,タガノアビー,1
地元,202608010907,2勝クラス,芝,ウィルサヴァイブ,2
地元,202608010907,2勝クラス,芝,スターリングアップ,3
地元,202608010907,2勝クラス,芝,キタサンハナビラ,4
地元,202608010907,2勝クラス,芝,モモンウールー,7
地元,202608010907,2勝クラス,芝,オデット,8
地元,202608010908,2勝クラス,ダ,ショウサンジョージ,1
地元,202608010908,2勝クラス,ダ,ドゥラエテルノ,2
地元,202608010908,2勝クラス,ダ,スーパージョック,4
地元,202608010908,2勝クラス,ダ,メイショウヤシマ,6
地元,202608010908,2勝クラス,ダ,ヒデノレインボー,8
地元,202608010908,2勝クラス,ダ,パーサヴィアランス,9
地元,202608010908,2勝クラス,ダ,ダブルジャッジ,10
地元,202608010910,3勝クラス,芝,ララマセラシオン,1
地元,202608010910,3勝クラス,芝,ブリュットミレジメ,2
地元,202608010910,3勝クラス,芝,サクセスアイ,6
地元,202608010910,3勝クラス,芝,キャプテンシー,8
地元,202608010910,3勝クラス,芝,グランデサラス,9
地元,202608010910,3勝クラス,芝,ケーブパール,10
地元,202608010910,3勝クラス,芝,タガノシャーンス,11
地元,202608010910,3勝クラス,芝,ウインスノーライト,12
地元,202608010910,3勝クラス,芝,チューラワンサ,13
地元,202608010910,3勝クラス,芝,アスクビギンアゲン,14
地元,202608010910,3勝クラス,芝,コト,15
地元,202608010910,3勝クラス,芝,コスモエスパーダ,18
地元,202608010911,重賞,ダ,サンデーファンデー,2
地元,202608010911,重賞,ダ,ルシュヴァルドール,3
地元,202608010911,重賞,ダ,ブライアンセンス,4
地元,202608010911,重賞,ダ,セラフィックコール,5
地元,202608010911,重賞,ダ,ハピ,6
地元,202608010911,重賞,ダ,サイモンザナドゥ,9
地元,202608010911,重賞,ダ,テーオーパスワード,10
地元,202608010911,重賞,ダ,マーブルロック,11
地元,202608010911,重賞,ダ,ハナウマビーチ,12
地元,202608010911,重賞,ダ,シゲルショウグン,13
地元,202608010911,重賞,ダ,マリオロード,16
地元,202608020109,2勝クラス,ダ,ハクサンアイリス,1
地元,202608020109,2勝クラス,ダ,メイケイレイン,2
地元,202608020109,2勝クラス,ダ,ユウトザレン,4
地元,202608020109,2勝クラス,ダ,クリノキングマン,5
地元,202608020109,2勝クラス,ダ,プリンスノット,6
地元,202608020109,2勝クラス,ダ,ポッドドンナー,7
地元,202608020109,2勝クラス,ダ,サンガネーブ,9
地元,202608020109,2勝クラス,ダ,アレ,10
地元,202608020109,2勝クラス,ダ,トロピカルヒーロー,11
地元,202608020109,2勝クラス,ダ,タイガースパーク,12
地元,202608020109,2勝クラス,ダ,ワイノナオミ,13
地元,202608020110,2勝クラス,芝,ヴァリージア,1
地元,202608020110,2勝クラス,芝,スカイサーベイ,2
地元,202608020110,2勝クラス,芝,オメガナビゲーター,3
地元,202608020110,2勝クラス,芝,エルディアブロ,5
地元,202608020110,2勝クラス,芝,サトノスカイターフ,6
地元,202608020110,2勝クラス,芝,ウェイビー,8
地元,202608020111,3勝クラス,ダ,ルージュアベリア,3
地元,202608020111,3勝クラス,ダ,ハワイアンティアレ,4
地元,202608020111,3勝クラス,ダ,メイショウポペット,5
地元,202608020111,3勝クラス,ダ,メイショウオーロラ,6
地元,202608020111,3勝クラス,ダ,ツキノアカリ,8
地元,202608020111,3勝クラス,ダ,モズカトレア,9
地元,202608020111,3勝クラス,ダ,サイモンブーケ,12
地元,202608020209,2勝クラス,ダ,キングブルー,1
地元,202608020209,2勝クラス,ダ,サンライズバレット,2
地元,202608020209,2勝クラス,ダ,ソウルアンドジャズ,3
地元,202608020209,2勝クラス,ダ,ジョータルマエ,4
地元,202608020209,2勝クラス,ダ,プリンセッサ,5
地元,202608020209,2勝クラス,ダ,アルベリック,6
地元,202608020209,2勝クラス,ダ,ブルックリンダンス,7
地元,202608020209,2勝クラス,ダ,ヒデノレインボー,9
地元,202608020210,3勝クラス,芝,メイショウゲキリン,1
地元,202608020210,3勝クラス,芝,ミラージュナイト,3
地元,202608020210,3勝クラス,芝,ウィープディライト,6
地元,202608020210,3勝クラス,芝,ライトトラック,7
地元,202608020210,3勝クラス,芝,チルカーノ,8
地元,202608020211,重賞,芝,ヤマニンアルリフラ,3
地元,202608020211,重賞,芝,ヤブサメ,5
地元,202608020211,重賞,芝,アブキールベイ,6
地元,202608020211,重賞,芝,エーティーマクフィ,8
地元,202608020211,重賞,芝,エイシンフェンサー,11
地元,202608020211,重賞,芝,ビッグシーザー,12
地元,202608020211,重賞,芝,アルテヴェローチェ,13
地元,202608020211,重賞,芝,ダノンマッキンリー,15
地元,202608020211,重賞,芝,オタルエバー,16
地元,202608020211,重賞,芝,カリボール,18
地元,202608020212,2勝クラス,芝,ジーティードレス,1
地元,202608020212,2勝クラス,芝,サクラオーラ,3
地元,202608020212,2勝クラス,芝,クスクス,4
地元,202608020212,2勝クラス,芝,バガン,5
地元,202608020212,2勝クラス,芝,ワンモアスマイル,6
地元,202608020212,2勝クラス,芝,アスクエピソード,7
地元,202608020308,2勝クラス,芝,ヴァリディシームス,1
地元,202608020308,2勝クラス,芝,ヴィスマール,2
地元,202608020308,2勝クラス,芝,ディーガレジェンド,5
地元,202608020308,2勝クラス,芝,ショウナンハウル,7
地元,202608020309,3勝クラス,ダ,ゲッティヴィラ,1
地元,202608020309,3勝クラス,ダ,ライジン,2
地元,202608020309,3勝クラス,ダ,キタノソワレ,3
地元,202608020309,3勝クラス,ダ,イリフィ,4
地元,202608020309,3勝クラス,ダ,エンヤラヴフェイス,5
地元,202608020309,3勝クラス,ダ,ムーム,8
地元,202608020309,3勝クラス,ダ,ナスノカンゲツ,9
地元,202608020309,3勝クラス,ダ,メイショウタイゲイ,12
地元,202608020309,3勝クラス,ダ,ネグレスコ,13
地元,202608020309,3勝クラス,ダ,コパノハンプトン,14
地元,202608020310,OP,芝,スウィートハピネス,1
地元,202608020310,OP,芝,アイニードユー,3
地元,202608020310,OP,芝,デアヴェローチェ,5
地元,202608020310,OP,芝,ラエトゥス,7
地元,202608020311,OP,ダ,ロードプレジール,2
地元,202608020311,OP,ダ,リアレスト,3
地元,202608020311,OP,ダ,ミッキークレスト,4
地元,202608020311,OP,ダ,メイショウユズルハ,5
地元,202608020311,OP,ダ,トリポリタニア,6
地元,202608020311,OP,ダ,ディープリボーン,7
地元,202608020311,OP,ダ,タイトニット,9
地元,202608020311,OP,ダ,エナハツホ,10
地元,202608020311,OP,ダ,フォーチュンテラー,11
地元,202608020311,OP,ダ,ホールシバン,12
地元,202608020311,OP,ダ,ジューンアヲニヨシ,14
地元,202608020508,2勝クラス,ダ,ロカヒ,1
地元,202608020508,2勝クラス,ダ,ノボリクレバー,2
地元,202608020508,2勝クラス,ダ,タイガースパーク,3
地元,202608020508,2勝クラス,ダ,ソウルアンドジャズ,4
地元,202608020508,2勝クラス,ダ,レッドボブ,6
地元,202608020508,2勝クラス,ダ,レーヴドレフォン,7
地元,202608020508,2勝クラス,ダ,バトンインディ,9
地元,202608020508,2勝クラス,ダ,シュプリンガー,10
地元,202608020508,2勝クラス,ダ,ハッピーダンチャン,11
地元,202608020508,2勝クラス,ダ,グランオース,12
地元,202608020508,2勝クラス,ダ,マナエトレ,13
地元,202608020510,3勝クラス,芝,ミラージュナイト,1
地元,202608020510,3勝クラス,芝,ジーティーアダマン,2
地元,202608020510,3勝クラス,芝,マイネルエニグマ,3
地元,202608020510,3勝クラス,芝,ドットクルー,4
地元,202608020510,3勝クラス,芝,ノーランサンライズ,5
地元,202608020510,3勝クラス,芝,アレナリア,6
地元,202608020510,3勝クラス,芝,ミュージシャン,7
地元,202608020510,3勝クラス,芝,ハギノアルデバラン,8
地元,202608020510,3勝クラス,芝,オールセインツ,12
地元,202608020510,3勝クラス,芝,マイネルラウレア,13
地元,202608020510,3勝クラス,芝,ジェットマグナム,15
地元,202608020510,3勝クラス,芝,ロワンディシー,16
地元,202608020511,OP,芝,スズハローム,1
地元,202608020511,OP,芝,ニホンピロキーフ,5
地元,202608020511,OP,芝,ラケマーダ,9
地元,202608020511,OP,芝,セッション,13
地元,202608020511,OP,芝,ジャスティンスカイ,14
地元,202608020609,2勝クラス,芝,ネブラディスク,1
地元,202608020609,2勝クラス,芝,ジーティーマン,2
地元,202608020609,2勝クラス,芝,サタデーサンライズ,4
地元,202608020609,2勝クラス,芝,バガン,5
地元,202608020609,2勝クラス,芝,リカントロポ,6
地元,202608020609,2勝クラス,芝,トーホウガレオン,8
地元,202608020609,2勝クラス,芝,マイネルフルムーン,9
地元,202608020609,2勝クラス,芝,タガノカイ,10
地元,202608020610,3勝クラス,ダ,グランドプラージュ,1
地元,202608020610,3勝クラス,ダ,メイショウソウタ,3
地元,202608020610,3勝クラス,ダ,ペンナヴェローチェ,4
地元,202608020610,3勝クラス,ダ,バッケンレコード,5
地元,202608020610,3勝クラス,ダ,オンザライン,6
地元,202608020610,3勝クラス,ダ,トウカイポワール,7
地元,202608020610,3勝クラス,ダ,レーウィン,8
地元,202608020610,3勝クラス,ダ,シャルクハフト,9
地元,202608020611,重賞,芝,ジューンテイク,1
地元,202608020611,重賞,芝,エリキング,2
地元,202608020611,重賞,芝,エコロディノス,3
地元,202608020611,重賞,芝,シェイクユアハート,4
地元,202608020611,重賞,芝,サフィラ,5
地元,202608020611,重賞,芝,リビアングラス,6
地元,202608020611,重賞,芝,ヨーホーレイク,7
地元,202608020611,重賞,芝,ドクタードリトル,9
地元,202608020611,重賞,芝,バビット,12
地元,202608020612,2勝クラス,ダ,ルクスデイジー,1
地元,202608020612,2勝クラス,ダ,ミライテーラー,2
地元,202608020612,2勝クラス,ダ,ランスオブセヘル,3
地元,202608020612,2勝クラス,ダ,カネトシフラム,4
地元,202608020612,2勝クラス,ダ,ニホンピロトッティ,7
地元,202608020612,2勝クラス,ダ,ランウインディ,8
地元,202608020612,2勝クラス,ダ,フォルテローザ,9
地元,202608020612,2勝クラス,ダ,フェリ,12
地元,202608020612,2勝クラス,ダ,モンテディアーナ,13
地元,202608020612,2勝クラス,ダ,ペイシャヴァルツー,15
地元,202608020612,2勝クラス,ダ,フーコサンライズ,16
地元,202608030110,3勝クラス,ダ,マイノワール,1
地元,202608030110,3勝クラス,ダ,タガノマカシヤ,2
地元,202608030110,3勝クラス,ダ,ペンナヴェローチェ,3
地元,202608030110,3勝クラス,ダ,ショウサンジョージ,4
地元,202608030110,3勝クラス,ダ,パシアンジャン,5
地元,202608030110,3勝クラス,ダ,デルアヴァー,6
地元,202608030110,3勝クラス,ダ,アラレタバシル,7
地元,202608030110,3勝クラス,ダ,ピエマンソン,8
地元,202608030110,3勝クラス,ダ,プロミシングスター,9
地元,202608030110,3勝クラス,ダ,ケイアイメキラ,11
地元,202608030111,OP,ダ,ペプチドヤマト,3
地元,202608030111,OP,ダ,ヒルノドゴール,4
地元,202608030111,OP,ダ,メイショウホウレン,5
地元,202608030111,OP,ダ,ケイアイシェルビー,6
地元,202608030111,OP,ダ,ファムエレガンテ,7
地元,202608030111,OP,ダ,ゲッティヴィラ,9
地元,202608030111,OP,ダ,ジョーローリット,10
地元,202608030112,2勝クラス,芝,フェアリーライク,1
地元,202608030112,2勝クラス,芝,ショウナンバルドル,2
地元,202608030112,2勝クラス,芝,リカントロポ,3
地元,202608030112,2勝クラス,芝,ホウオウトランプ,4
地元,202608030112,2勝クラス,芝,サクラオーラ,5
地元,202608030112,2勝クラス,芝,ユメハハテシナク,6
地元,202608030112,2勝クラス,芝,アスクエピソード,7
地元,202608030112,2勝クラス,芝,オリバナム,8
地元,202608030112,2勝クラス,芝,リアライズ,9
地元,202608030112,2勝クラス,芝,オデット,10
地元,202608030112,2勝クラス,芝,クスクス,11
地元,202608030209,2勝クラス,芝,オメガナビゲーター,1
地元,202608030209,2勝クラス,芝,アスクコモンタレヴ,2
地元,202608030209,2勝クラス,芝,エルディアブロ,3
地元,202608030209,2勝クラス,芝,ニュークレド,5
地元,202608030209,2勝クラス,芝,アルベリック,6
地元,202608030209,2勝クラス,芝,リッチブラック,7
地元,202608030209,2勝クラス,芝,フォーキャンドルズ,8
地元,202608030209,2勝クラス,芝,プレイリードリーム,9
地元,202608030209,2勝クラス,芝,ジェットブレード,10
地元,202608030209,2勝クラス,芝,ロールザダイス,11
地元,202608030210,3勝クラス,芝,イガッチ,1
地元,202608030210,3勝クラス,芝,ネブラディスク,2
地元,202608030210,3勝クラス,芝,マトラコーニッシュ,4
地元,202608030210,3勝クラス,芝,レディーミコノス,5
地元,202608030210,3勝クラス,芝,キングメーカー,6
地元,202608030210,3勝クラス,芝,チェルノボーグ,7
地元,202608030210,3勝クラス,芝,ハギノアルデバラン,8
地元,202608030210,3勝クラス,芝,プッシュオン,9
地元,202608030210,3勝クラス,芝,ミッキーツインクル,10
地元,202608030210,3勝クラス,芝,テーオーダグラス,12
地元,202608030210,3勝クラス,芝,ミナデオロ,13
地元,202608030210,3勝クラス,芝,ジェットマグナム,14
地元,202608030210,3勝クラス,芝,アラベラ,17
地元,202608030210,3勝クラス,芝,スズカダブル,18
地元,202608030211,重賞,芝,アドマイヤズーム,1
地元,202608030211,重賞,芝,ベラジオボンド,3
地元,202608030211,重賞,芝,ショウナンアデイブ,4
地元,202608030211,重賞,芝,オフトレイル,5
地元,202608030211,重賞,芝,キョウエイブリッサ,10
地元,202608030211,重賞,芝,ランスオブカオス,11
地元,202608030212,2勝クラス,ダ,ストップヤーニング,1
地元,202608030212,2勝クラス,ダ,ゼンエスポワール,2
地元,202608030212,2勝クラス,ダ,アークドール,3
地元,202608030212,2勝クラス,ダ,ライノ,4
地元,202608030212,2勝クラス,ダ,タガノヘラクレス,5
地元,202608030212,2勝クラス,ダ,メイショウオオコ,6
地元,202608030212,2勝クラス,ダ,キングオブフジ,7
地元,202608030212,2勝クラス,ダ,テイエムパイロット,8
地元,202608030212,2勝クラス,ダ,ショーダンサー,9
地元,202608030212,2勝クラス,ダ,クリノフィガロ,10
地元,202608030212,2勝クラス,ダ,スマートシーカー,11
地元,202608030212,2勝クラス,ダ,グレイルクエスト,12
地元,202608030212,2勝クラス,ダ,シホノペルフェット,14
地元,202608030310,2勝クラス,ダ,クアトロジャック,1
地元,202608030310,2勝クラス,ダ,タイセイディアマン,2
地元,202608030310,2勝クラス,ダ,セルヴァンス,3
地元,202608030310,2勝クラス,ダ,ヴリトラハン,5
地元,202608030310,2勝クラス,ダ,フェデラー,6
地元,202608030310,2勝クラス,ダ,セールヴォラン,8
地元,202608030310,2勝クラス,ダ,ゴイゴイスー,9
地元,202608030310,2勝クラス,ダ,メイショウゴールド,10
地元,202608030310,2勝クラス,ダ,ハピアーザンエバー,11
地元,202608030310,2勝クラス,ダ,ペプチドクレマチス,12
地元,202608030311,重賞,ダ,シルバーレシオ,1
地元,202608030311,重賞,ダ,メルカントゥール,2
地元,202608030311,重賞,ダ,ソルチェリア,4
地元,202608030311,重賞,ダ,シャローファースト,5
地元,202608030311,重賞,ダ,ガウラディスコ,6
地元,202608030311,重賞,ダ,コロナドブリッジ,7
地元,202608030311,重賞,ダ,デールエルバハリ,8
地元,202608030311,重賞,ダ,セイントエルモズ,10
地元,202608030311,重賞,ダ,ヴィエントデコラ,11
地元,202608030311,重賞,ダ,サイモンゼスト,12
地元,202608030408,2勝クラス,芝,サディーク,2
地元,202608030408,2勝クラス,芝,ブルボンクイーン,3
地元,202608030408,2勝クラス,芝,メイショウミリオレ,5
地元,202608030408,2勝クラス,芝,ミロワール,6
地元,202608030408,2勝クラス,芝,タイキヴァンクール,7
地元,202608030408,2勝クラス,芝,タガノアンファン,8
地元,202608030408,2勝クラス,芝,アスクキングコング,9
地元,202608030408,2勝クラス,芝,モズアンタレス,10
地元,202608030408,2勝クラス,芝,ペイドラロワール,11
地元,202608030408,2勝クラス,芝,カリーシ,12
地元,202608030408,2勝クラス,芝,アストラカ,13
地元,202608030408,2勝クラス,芝,アオイレーギーナ,15
地元,202608030409,2勝クラス,ダ,レヴァンテシチー,1
地元,202608030409,2勝クラス,ダ,サンライズバレット,2
地元,202608030409,2勝クラス,ダ,ジョータルマエ,3
地元,202608030409,2勝クラス,ダ,バトンインディ,4
地元,202608030409,2勝クラス,ダ,テーオーライマン,5
地元,202608030409,2勝クラス,ダ,ヒデノレインボー,6
地元,202608030409,2勝クラス,ダ,シュプリンガー,7
地元,202608030409,2勝クラス,ダ,グランオース,9
地元,202608030410,3勝クラス,芝,サウスバンク,2
地元,202608030410,3勝クラス,芝,レッドエヴァンス,3
地元,202608030410,3勝クラス,芝,ドゥアムール,4
地元,202608030410,3勝クラス,芝,ディアドコス,5
地元,202608030410,3勝クラス,芝,バンドシェル,6
地元,202608030410,3勝クラス,芝,コウセキ,9
地元,202608030410,3勝クラス,芝,アスティスプマンテ,10
地元,202608030410,3勝クラス,芝,ダークエクリプス,11
地元,202608030410,3勝クラス,芝,メイショウピース,12
地元,202608030410,3勝クラス,芝,ブラックケリー,13
地元,202608030410,3勝クラス,芝,タガノシャーンス,17
地元,202608030411,重賞,芝,ヴェルテンベルク,2
地元,202608030411,重賞,芝,アドマイヤテラ,3
地元,202608030411,重賞,芝,アクアヴァーナル,4
地元,202608030411,重賞,芝,ヘデントール,5
地元,202608030411,重賞,芝,タガノデュード,6
地元,202608030411,重賞,芝,サンライズソレイユ,11
地元,202608030411,重賞,芝,ケイアイサンデラ,12
地元,202608030412,3勝クラス,ダ,ハワイアンタイム,1
地元,202608030412,3勝クラス,ダ,スニーカースキル,2
地元,202608030412,3勝クラス,ダ,ヤマニンアストロン,3
地元,202608030412,3勝クラス,ダ,ハクサンアイリス,4
地元,202608030412,3勝クラス,ダ,サンダーバース,5
地元,202608030412,3勝クラス,ダ,ゴッドブルービー,6
地元,202608030412,3勝クラス,ダ,ナッカーフェイス,7
地元,202608030412,3勝クラス,ダ,クロニクル,8
地元,202608030412,3勝クラス,ダ,ルシフェル,10
地元,202608030412,3勝クラス,ダ,テーオールビー,11
地元,202608030412,3勝クラス,ダ,トラペジスト,12
地元,202608030412,3勝クラス,ダ,レイズカイザー,13
地元,202608030412,3勝クラス,ダ,テイエムヒショウ,14
地元,202608030509,2勝クラス,芝,ウォータークラーク,1
地元,202608030509,2勝クラス,芝,クスクス,3
地元,202608030509,2勝クラス,芝,マルカオペラ,4
地元,202608030509,2勝クラス,芝,スナークピカソ,5
地元,202608030509,2勝クラス,芝,ダイヤモンドハンズ,6
地元,202608030509,2勝クラス,芝,ツーエムクロノス,7
地元,202608030509,2勝クラス,芝,ユメハハテシナク,8
地元,202608030509,2勝クラス,芝,リリーブライト,9
地元,202608030509,2勝クラス,芝,プチプラージュ,10
地元,202608030510,2勝クラス,芝,ヴィスマール,1
地元,202608030510,2勝クラス,芝,メディテラニアン,2
地元,202608030510,2勝クラス,芝,クラヴァンス,4
地元,202608030510,2勝クラス,芝,ダノンカゼルタ,5
地元,202608030510,2勝クラス,芝,リッチブラック,6
地元,202608030510,2勝クラス,芝,ミカエルパシャ,7
地元,202608030510,2勝クラス,芝,ヴォラヴィア,8
地元,202608030511,重賞,芝,ベレシート,2
地元,202608030511,重賞,芝,サヴォアフェール,4
地元,202608030511,重賞,芝,メイショウテンク,5
地元,202608030511,重賞,芝,カムアップローゼス,6
地元,202608030511,重賞,芝,エムズビギン,7
地元,202608030511,重賞,芝,ニホンピロロジャー,8
地元,202608030511,重賞,芝,カフジエメンタール,9
地元,202608030511,重賞,芝,アーレムアレス,14
地元,202608030512,2勝クラス,ダ,ロードヴォイジャー,1
地元,202608030512,2勝クラス,ダ,スマートシーカー,2
地元,202608030512,2勝クラス,ダ,サイモンシュバリエ,3
地元,202608030512,2勝クラス,ダ,ニホンピロデヴィン,4
地元,202608030512,2勝クラス,ダ,メイショウオオコ,5
地元,202608030512,2勝クラス,ダ,キングオブフジ,6
地元,202608030512,2勝クラス,ダ,トゥルブレンシア,7
地元,202608030512,2勝クラス,ダ,クリノフィガロ,8
地元,202608030512,2勝クラス,ダ,メイショウヤシマ,9
地元,202608030512,2勝クラス,ダ,メイケイロゼッタ,10
地元,202608030512,2勝クラス,ダ,エリカヴェネチア,11
地元,202608030512,2勝クラス,ダ,クリノラピダス,12
地元,202608030512,2勝クラス,ダ,テーオーレガシー,13
地元,202608030609,3勝クラス,芝,サトノクローク,2
地元,202608030609,3勝クラス,芝,ベトルス,3
地元,202608030609,3勝クラス,芝,ナムラフッカー,4
地元,202608030609,3勝クラス,芝,サークルオブジョイ,6
地元,202608030609,3勝クラス,芝,オメガナビゲーター,7
地元,202608030609,3勝クラス,芝,シュバルツマサムネ,8
地元,202608030609,3勝クラス,芝,ディーガレジェンド,10
地元,202608030609,3勝クラス,芝,ウインデイジー,11
地元,202608030610,OP,芝,タガノアラリア,1
地元,202608030610,OP,芝,フォーゲル,2
地元,202608030610,OP,芝,アスミル,4
地元,202608030610,OP,芝,ケールハイム,6
地元,202608030610,OP,芝,アルスマグナ,7
地元,202608030610,OP,芝,ストームサンダー,8
地元,202608030611,OP,ダ,テスティモーネ,1
地元,202608030611,OP,ダ,グランドプラージュ,2
地元,202608030611,OP,ダ,マリオロード,4
地元,202608030611,OP,ダ,タイセイドレフォン,6
地元,202608030611,OP,ダ,ベルウェザー,9
地元,202608030611,OP,ダ,ワイドブリザード,10
地元,202608030611,OP,ダ,ルージュアベリア,11
地元,202608030611,OP,ダ,ブラックシールド,14
地元,202608030612,2勝クラス,ダ,ヴィリアリート,1
地元,202608030612,2勝クラス,ダ,ランスオブセヘル,2
地元,202608030612,2勝クラス,ダ,ユウトザレン,4
地元,202608030612,2勝クラス,ダ,ジーベック,5
地元,202608030612,2勝クラス,ダ,ロードオルデン,6
地元,202608030612,2勝クラス,ダ,ホウオウフロイト,7
地元,202608030612,2勝クラス,ダ,ラピダリア,8
地元,202608030612,2勝クラス,ダ,レッドダンルース,9
地元,202608030612,2勝クラス,ダ,フィリップ,10
地元,202608030612,2勝クラス,ダ,グリプトグラフィ,11
地元,202608030612,2勝クラス,ダ,メイショウタムシバ,12
地元,202608030710,3勝クラス,ダ,ヒルノハンブルク,1
地元,202608030710,3勝クラス,ダ,ペンナヴェローチェ,2
地元,202608030710,3勝クラス,ダ,ストップヤーニング,4
地元,202608030710,3勝クラス,ダ,タガノマカシヤ,5
地元,202608030710,3勝クラス,ダ,リューデスハイム,6
地元,202608030710,3勝クラス,ダ,メイショウシナノ,7
地元,202608030710,3勝クラス,ダ,ヒロノラメール,8
地元,202608030710,3勝クラス,ダ,メイショウソウタ,9
地元,202608030710,3勝クラス,ダ,ショウサンジョージ,10
地元,202608030710,3勝クラス,ダ,シャルクハフト,11
地元,202608030710,3勝クラス,ダ,メイプルタピット,13
地元,202608030710,3勝クラス,ダ,ポルポラジール,14
地元,202608030710,3勝クラス,ダ,ゴールドダイアー,15
地元,202608030711,OP,芝,アンクルクロス,2
地元,202608030711,OP,芝,ディアナザール,3
地元,202608030711,OP,芝,オタルエバー,6
地元,202608030711,OP,芝,アスクワンタイム,9
地元,202608030711,OP,芝,デイトナモード,10
地元,202608030711,OP,芝,ガロンヌ,11
地元,202608030711,OP,芝,アブキールベイ,12
地元,202608030711,OP,芝,ソウテン,14
地元,202608030712,2勝クラス,ダ,フェデラー,2
地元,202608030712,2勝クラス,ダ,メイショウドライブ,3
地元,202608030712,2勝クラス,ダ,インディゴアスール,4
地元,202608030712,2勝クラス,ダ,ドンパッショーネ,5
地元,202608030712,2勝クラス,ダ,フェンダー,6
地元,202608030712,2勝クラス,ダ,テラステラ,7
地元,202608030712,2勝クラス,ダ,アストラカ,8
地元,202608030712,2勝クラス,ダ,ハピアーザンエバー,11
地元,202608030712,2勝クラス,ダ,ズバットマサムネ,12
地元,202608030712,2勝クラス,ダ,ゴイゴイスー,13
地元,202608030808,2勝クラス,ダ,ブルーワール,1
地元,202608030808,2勝クラス,ダ,ゴッドエスパーダ,2
地元,202608030808,2勝クラス,ダ,ジョータルマエ,3
地元,202608030808,2勝クラス,ダ,ソウルアンドジャズ,4
地元,202608030808,2勝クラス,ダ,ワイドクリーガー,5
地元,202608030808,2勝クラス,ダ,フクキタテーラー,6
地元,202608030808,2勝クラス,ダ,ヒデノレインボー,7
地元,202608030808,2勝クラス,ダ,レッドボブ,8
地元,202608030809,2勝クラス,芝,ベイラム,1
地元,202608030809,2勝クラス,芝,ファーングロット,2
地元,202608030809,2勝クラス,芝,メイショウアイル,4
地元,202608030809,2勝クラス,芝,アスクデッドヒート,5
地元,202608030809,2勝クラス,芝,エルディアブロ,6
地元,202608030809,2勝クラス,芝,プレイリードリーム,9
地元,202608030809,2勝クラス,芝,シュプリンガー,10
地元,202608030810,3勝クラス,芝,バレルターン,2
地元,202608030810,3勝クラス,芝,キングメーカー,3
地元,202608030810,3勝クラス,芝,ゼンダンハヤブサ,5
地元,202608030810,3勝クラス,芝,エポックヴィーナス,6
地元,202608030810,3勝クラス,芝,ジェットマグナム,7
地元,202608030810,3勝クラス,芝,インヴォーグ,8
地元,202608030810,3勝クラス,芝,プッシュオン,9
地元,202608030810,3勝クラス,芝,ハワイアンティアレ,10
地元,202608030810,3勝クラス,芝,スズカダブル,12
地元,202608030810,3勝クラス,芝,チェルノボーグ,13
地元,202608030811,OP,ダ,ベルジュロネット,2
地元,202608030811,OP,ダ,ルークススペイ,4
地元,202608030811,OP,ダ,トリリオンボーイ,8
地元,202608030811,OP,ダ,ハワイアンタイム,9
地元,202608030811,OP,ダ,ゲッティヴィラ,10
地元,202608030811,OP,ダ,ナムラクララ,12
地元,202608030811,OP,ダ,アドバンスファラオ,15
地元,202608030812,2勝クラス,芝,ビップジーニー,1
地元,202608030812,2勝クラス,芝,リアライズ,2
地元,202608030812,2勝クラス,芝,インブロリオ,3
地元,202608030812,2勝クラス,芝,メイショウカイト,4
地元,202608030812,2勝クラス,芝,マイネルラッシュ,5
地元,202608030812,2勝クラス,芝,アムールリーベ,6
地元,202608030812,2勝クラス,芝,ダノンブランニュー,7
地元,202608030812,2勝クラス,芝,カリーシ,8
地元,202608030812,2勝クラス,芝,インフローレ,9
地元,202608030812,2勝クラス,芝,マテンロウボンド,10
地元,202608030812,2勝クラス,芝,ホウオウトランプ,11
地元,202608030812,2勝クラス,芝,タガノスペルノヴァ,12
地元,202608030910,3勝クラス,芝,タガノアビー,1
地元,202608030910,3勝クラス,芝,ハニーコム,2
地元,202608030910,3勝クラス,芝,エルフストラック,4
地元,202608030910,3勝クラス,芝,キーパフォーマー,5
地元,202608030910,3勝クラス,芝,サクソンジェンヌ,6
地元,202608030910,3勝クラス,芝,タイセイフェリーク,7
地元,202608030910,3勝クラス,芝,アレナリア,9
地元,202608030910,3勝クラス,芝,アラベラ,14
地元,202608030910,3勝クラス,芝,マトラコーニッシュ,15
地元,202608030911,重賞,ダ,タイトニット,3
地元,202608030911,重賞,ダ,ヴァンヤール,5
地元,202608030911,重賞,ダ,サイモンザナドゥ,6
地元,202608030911,重賞,ダ,ゼットリアン,9
地元,202608030911,重賞,ダ,シュラザック,10
地元,202608030911,重賞,ダ,ジューンアヲニヨシ,11
地元,202608030911,重賞,ダ,ハグ,16
地元,202608030912,2勝クラス,ダ,ヨリノレジェンド,1
地元,202608030912,2勝クラス,ダ,マイティマイティー,2
地元,202608030912,2勝クラス,ダ,ダノンキラウェア,3
地元,202608030912,2勝クラス,ダ,ヴリトラハン,4
地元,202608030912,2勝クラス,ダ,ユウトザレン,6
地元,202608030912,2勝クラス,ダ,ウィップスティッチ,7
地元,202608030912,2勝クラス,ダ,プリンスノット,9
地元,202608030912,2勝クラス,ダ,ホウオウフロイト,11
地元,202608030912,2勝クラス,ダ,ズバットマサムネ,12
地元,202608030912,2勝クラス,ダ,ダイヤモンドハンズ,13
地元,202608030912,2勝クラス,ダ,リアルスター,14
地元,202608031008,2勝クラス,ダ,サイモンシュバリエ,1
地元,202608031008,2勝クラス,ダ,クリノフィガロ,2
地元,202608031008,2勝クラス,ダ,タイガースパーク,3
地元,202608031008,2勝クラス,ダ,テーオーライマン,5
地元,202608031008,2勝クラス,ダ,メイショウオオコ,6
地元,202608031008,2勝クラス,ダ,メイケイロゼッタ,7
地元,202608031008,2勝クラス,ダ,フラッシング,8
地元,202608031008,2勝クラス,ダ,トゥルブレンシア,9
地元,202608031008,2勝クラス,ダ,マハナ,10
地元,202608031008,2勝クラス,ダ,パーサヴィアランス,11
地元,202608031009,2勝クラス,芝,ショウナンバルドル,2
地元,202608031009,2勝クラス,芝,ジョイエッロ,3
地元,202608031009,2勝クラス,芝,ナイトスラッガー,5
地元,202608031009,2勝クラス,芝,クスクス,6
地元,202608031009,2勝クラス,芝,キーウェーブ,7
地元,202608031009,2勝クラス,芝,ツーエムクロノス,8
地元,202608031009,2勝クラス,芝,メイショウヤシマ,10
地元,202608031010,3勝クラス,ダ,ルクスデイジー,2
地元,202608031010,3勝クラス,ダ,ゲイルライダー,3
地元,202608031010,3勝クラス,ダ,エンヤラヴフェイス,4
地元,202608031010,3勝クラス,ダ,メイショウヤーキス,5
地元,202608031010,3勝クラス,ダ,ハクサンアイリス,6
地元,202608031010,3勝クラス,ダ,ジャーヴィス,7
地元,202608031010,3勝クラス,ダ,イミュータブル,9
地元,202608031010,3勝クラス,ダ,トーアジョウトウ,12
地元,202608031010,3勝クラス,ダ,クアトロジャック,13
地元,202608031011,OP,芝,ガイアメンテ,1
地元,202608031011,OP,芝,チェルビアット,2
地元,202608031011,OP,芝,ジーティーアダマン,3
地元,202608031011,OP,芝,オーロラエックス,6
地元,202608031011,OP,芝,ナムラエイハブ,7
地元,202608031011,OP,芝,スズカダブル,8
地元,202608031011,OP,芝,コパノサントス,10
地元,202608031011,OP,芝,ショウナンマグマ,12
地元,202608031011,OP,芝,ショウナンザナドゥ,13
地元,202608031108,2勝クラス,芝,サンタンカ,1
地元,202608031108,2勝クラス,芝,アムールリーベ,2
地元,202608031108,2勝クラス,芝,ロンドボス,3
地元,202608031108,2勝クラス,芝,ライラ,4
地元,202608031108,2勝クラス,芝,エイヨーアメジスト,5
地元,202608031108,2勝クラス,芝,テーオーシュタイン,6
地元,202608031108,2勝クラス,芝,エーデルヴェーグ,7
地元,202608031108,2勝クラス,芝,サダメ,8
地元,202608031108,2勝クラス,芝,アジュマン,9
地元,202608031108,2勝クラス,芝,メイショウカイト,10
地元,202608031108,2勝クラス,芝,インフローレ,11
地元,202608031108,2勝クラス,芝,マイネルラッシュ,12
地元,202608031109,OP,ダ,ケンタッキーホーム,3
地元,202608031109,OP,ダ,タガノアバンドーネ,5
地元,202608031109,OP,ダ,ソルチェリア,6
地元,202608031109,OP,ダ,ビズロード,7
地元,202608031109,OP,ダ,サイモンゼスト,8
地元,202608031109,OP,ダ,ケンフィールド,9
地元,202608031110,3勝クラス,ダ,テーオーマルコーニ,1
地元,202608031110,3勝クラス,ダ,ロードヴォイジャー,3
地元,202608031110,3勝クラス,ダ,マテンロウブレイブ,4
地元,202608031110,3勝クラス,ダ,オリーブグリーン,5
地元,202608031110,3勝クラス,ダ,カミノレアル,6
地元,202608031110,3勝クラス,ダ,ペンナヴェローチェ,7
地元,202608031110,3勝クラス,ダ,マンオブザマッチ,8
地元,202608031110,3勝クラス,ダ,ドラゴン,9
地元,202608031110,3勝クラス,ダ,キングブルー,11
地元,202608031110,3勝クラス,ダ,メイショウオーロラ,12
地元,202608031110,3勝クラス,ダ,ブルーワール,13
地元,202608031111,OP,芝,デアヴェローチェ,1
地元,202608031111,OP,芝,タマモイカロス,3
地元,202608031111,OP,芝,トップアタック,5
地元,202608031111,OP,芝,エイシンディード,6
地元,202608031111,OP,芝,タガノアラリア,7
地元,202608031111,OP,芝,シラヌイ,9
地元,202608031111,OP,芝,ショウナンカリス,10
地元,202608031111,OP,芝,フォーゲル,11
地元,202608031111,OP,芝,アンジュプロミス,12
地元,202608031111,OP,芝,クリエープキー,13
地元,202608031111,OP,芝,メランコリニスタ,14
地元,202608031111,OP,芝,ルージュサウダージ,15
地元,202608031112,2勝クラス,ダ,ウルスクローム,1
地元,202608031112,2勝クラス,ダ,カワキタマナレア,2
地元,202608031112,2勝クラス,ダ,ドンパッショーネ,4
地元,202608031112,2勝クラス,ダ,セールヴォラン,5
地元,202608031112,2勝クラス,ダ,ワイノナオミ,6
地元,202608031112,2勝クラス,ダ,ワンダーカモン,8
地元,202608031112,2勝クラス,ダ,ストラテージュ,11
地元,202608031112,2勝クラス,ダ,メイショウドライブ,12
地元,202608031112,2勝クラス,ダ,フレイミングパイ,13
地元,202608031112,2勝クラス,ダ,アスタールフナ,15
地元,202608031112,2勝クラス,ダ,ランスオブセヘル,16
地元,202608031208,2勝クラス,芝,フィオレストラーダ,1
地元,202608031208,2勝クラス,芝,ホウオウタイタン,2
地元,202608031208,2勝クラス,芝,スターリングアップ,3
地元,202608031208,2勝クラス,芝,パフュームセント,4
地元,202608031208,2勝クラス,芝,ステラクラウン,5
地元,202608031208,2勝クラス,芝,モモンウールー,6
地元,202608031208,2勝クラス,芝,ヴォワラクテ,7
地元,202608031208,2勝クラス,芝,エコテーラー,8
地元,202608031209,2勝クラス,ダ,ゴッドエスパーダ,1
地元,202608031209,2勝クラス,ダ,ニホンピロデヴィン,2
地元,202608031209,2勝クラス,ダ,ジョータルマエ,3
地元,202608031209,2勝クラス,ダ,ブルックリンダンス,4
地元,202608031209,2勝クラス,ダ,アリエスキング,5
地元,202608031209,2勝クラス,ダ,クロノスバレット,6
地元,202608031209,2勝クラス,ダ,ソウルアンドジャズ,7
地元,202608031209,2勝クラス,ダ,プラニスフェリオ,8
地元,202608031209,2勝クラス,ダ,エンマ,9
地元,202608031210,OP,芝,タガノエルピーダ,2
地元,202608031210,OP,芝,スリールミニョン,3
地元,202608031210,OP,芝,ヨシノイースター,4
地元,202608031210,OP,芝,カルチャーデイ,5
地元,202608031210,OP,芝,ヤブサメ,8
地元,202608031210,OP,芝,グレイイングリーン,9
地元,202608031210,OP,芝,ソウテン,10
地元,202608031210,OP,芝,アサカラキング,11
地元,202608031210,OP,芝,アルテヴェローチェ,12
地元,202608031210,OP,芝,アスクワンタイム,13
地元,202608031210,OP,芝,シンフォーエバー,14
地元,202608031210,OP,芝,ムイ,15
地元,202608031210,OP,芝,メイショウシンタケ,17
地元,202608031211,OP,芝,ロサルゴサ,1
地元,202608031211,OP,芝,ダイチノナポリ,2
地元,202608031211,OP,芝,テーオーアルアイン,3
地元,202608031211,OP,芝,ムスクレスト,5
地元,202608031211,OP,芝,シーミハットク,6
地元,202608031211,OP,芝,ブライトフレア,9
地元,202608031212,3勝クラス,芝,スマートワイス,1
地元,202608031212,3勝クラス,芝,キタサンダムール,2
地元,202608031212,3勝クラス,芝,エマヌエーレ,3
地元,202608031212,3勝クラス,芝,ブリュットミレジメ,4
地元,202608031212,3勝クラス,芝,ヨウシタンレイ,5
地元,202608031212,3勝クラス,芝,ノクナレア,6
地元,202608031212,3勝クラス,芝,ブルクトーア,7
地元,202608031212,3勝クラス,芝,ディアドコス,8
地元,202608031212,3勝クラス,芝,サクセスアイ,9
地元,202608031212,3勝クラス,芝,ガンマジーティーピ,10
地元,202608031212,3勝クラス,芝,ブリックワーク,11
地元,202608031212,3勝クラス,芝,テーオーダヴィンチ,13
地元,202608031212,3勝クラス,芝,トラペジスト,14
地元,202608031212,3勝クラス,芝,メイショウセイロウ,15
地元,202608031212,3勝クラス,芝,ルミノメテオール,16
地元,202608031212,3勝クラス,芝,ビップジーニー,17
地元,202609010108,OP,芝,ガウディ,4
地元,202609010108,OP,芝,ナリタエスペランサ,7
地元,202609010110,3勝クラス,ダ,ベルジュロネット,1
地元,202609010110,3勝クラス,ダ,タマモティーカップ,2
地元,202609010110,3勝クラス,ダ,ヤマニンアストロン,3
地元,202609010110,3勝クラス,ダ,トゥロン,4
地元,202609010110,3勝クラス,ダ,シゲルソロソロ,5
地元,202609010110,3勝クラス,ダ,ハクサンアイリス,7
地元,202609010110,3勝クラス,ダ,ラファル,8
地元,202609010110,3勝クラス,ダ,タガノシャーンス,9
地元,202609010110,3勝クラス,ダ,ヴェロクオーレ,10
地元,202609010110,3勝クラス,ダ,リネアグローリア,11
地元,202609010110,3勝クラス,ダ,タマモダイジョッキ,12
地元,202609010110,3勝クラス,ダ,メイショウヤーキス,13
地元,202609010110,3勝クラス,ダ,ジャーヴィス,14
地元,202609010110,3勝クラス,ダ,グラスシフォン,15
地元,202609010111,重賞,芝,ソンシ,1
地元,202609010111,重賞,芝,ララマセラシオン,2
地元,202609010111,重賞,芝,ディアナザール,4
地元,202609010111,重賞,芝,アルテヴェローチェ,6
地元,202609010111,重賞,芝,ヤンキーバローズ,7
地元,202609010111,重賞,芝,マイネルチケット,9
地元,202609010111,重賞,芝,マサノカナリア,10
地元,202609010111,重賞,芝,ダディーズビビッド,14
地元,202609010111,重賞,芝,カンチェンジュンガ,15
地元,202609010111,重賞,芝,スリールミニョン,16
地元,202609010111,重賞,芝,メイショウソラフネ,18
地元,202609010112,2勝クラス,ダ,レッドボブ,3
地元,202609010112,2勝クラス,ダ,ドゥラエテルノ,4
地元,202609010112,2勝クラス,ダ,グレイルクエスト,5
地元,202609010112,2勝クラス,ダ,シンリミテス,6
地元,202609010112,2勝クラス,ダ,ヒデノレインボー,9
地元,202609010112,2勝クラス,ダ,シャンバラ,11
地元,202609010112,2勝クラス,ダ,ミカエルパシャ,13
地元,202609010209,2勝クラス,芝,ゼンダンハヤブサ,1
地元,202609010209,2勝クラス,芝,テラメリタ,2
地元,202609010209,2勝クラス,芝,ウォータークラーク,3
地元,202609010209,2勝クラス,芝,シャンパンライフ,4
地元,202609010209,2勝クラス,芝,ネーブルオレンジ,7
地元,202609010209,2勝クラス,芝,ダノンブランニュー,8
地元,202609010209,2勝クラス,芝,ナグルファル,9
地元,202609010210,3勝クラス,芝,アイサンサン,1
地元,202609010210,3勝クラス,芝,テーオーダヴィンチ,4
地元,202609010210,3勝クラス,芝,ブリュットミレジメ,5
地元,202609010210,3勝クラス,芝,キタサンダムール,6
地元,202609010210,3勝クラス,芝,トーホウディアス,7
地元,202609010211,OP,ダ,コンクイスタ,1
地元,202609010211,OP,ダ,エコロガイア,2
地元,202609010211,OP,ダ,マルモリスペシャル,5
地元,202609010211,OP,ダ,ジョーローリット,6
地元,202609010211,OP,ダ,ゲッティヴィラ,7
地元,202609010211,OP,ダ,メタマックス,8
地元,202609010211,OP,ダ,ケイアイシェルビー,10
地元,202609010211,OP,ダ,アンデスビエント,11
地元,202609010211,OP,ダ,ロードラディウス,12
地元,202609010212,2勝クラス,ダ,ペイドラロワール,2
地元,202609010212,2勝クラス,ダ,ハリーケーン,3
地元,202609010212,2勝クラス,ダ,ポッドドンナー,5
地元,202609010212,2勝クラス,ダ,レッドダンルース,6
地元,202609010212,2勝クラス,ダ,クリノキングマン,7
地元,202609010212,2勝クラス,ダ,スナークシュンソウ,8
地元,202609010212,2勝クラス,ダ,プリンスノット,9
地元,202609010212,2勝クラス,ダ,アストラカ,11
地元,202609010212,2勝クラス,ダ,ロイガヴェーグル,12
地元,202609010212,2勝クラス,ダ,クリノラピダス,13
地元,202609010212,2勝クラス,ダ,アレ,14
地元,202609010212,2勝クラス,ダ,メモリーグラス,15
地元,202609010212,2勝クラス,ダ,シホノペルフェット,16
地元,202609010308,2勝クラス,ダ,クインズショコラ,1
地元,202609010308,2勝クラス,ダ,エルフストラック,2
地元,202609010308,2勝クラス,ダ,カロローザ,4
地元,202609010308,2勝クラス,ダ,ヴァンアグレアブル,7
地元,202609010308,2勝クラス,ダ,マハナ,9
地元,202609010308,2勝クラス,ダ,ラヴァブル,10
地元,202609010308,2勝クラス,ダ,ユウェンタース,11
地元,202609010308,2勝クラス,ダ,ブルーペクトライト,12
地元,202609010308,2勝クラス,ダ,メイショウリリー,14
地元,202609010309,3勝クラス,芝,キングスコール,2
地元,202609010309,3勝クラス,芝,サークルオブジョイ,5
地元,202609010309,3勝クラス,芝,エイカイマッケンロ,6
地元,202609010309,3勝クラス,芝,エンマ,9
地元,202609010310,OP,芝,タマモイカロス,1
地元,202609010310,OP,芝,フォーゲル,3
地元,202609010310,OP,芝,ケールハイム,4
地元,202609010310,OP,芝,マーブルパレス,5
地元,202609010310,OP,芝,アスミル,6
地元,202609010311,OP,ダ,ジューンアヲニヨシ,1
地元,202609010311,OP,ダ,ムルソー,2
地元,202609010311,OP,ダ,クールミラボー,3
地元,202609010311,OP,ダ,ゼットリアン,4
地元,202609010311,OP,ダ,トリポリタニア,7
地元,202609010311,OP,ダ,マーブルロック,8
地元,202609010311,OP,ダ,リアレスト,9
地元,202609010311,OP,ダ,ハピ,10
地元,202609010311,OP,ダ,エナハツホ,11
地元,202609010311,OP,ダ,ロードプレジール,12
地元,202609010311,OP,ダ,シゲルショウグン,15
地元,202609010312,2勝クラス,芝,ブルクトーア,1
地元,202609010312,2勝クラス,芝,ヨウシタンレイ,2
地元,202609010312,2勝クラス,芝,リアライズ,3
地元,202609010312,2勝クラス,芝,キャッスルレイク,5
地元,202609010312,2勝クラス,芝,ダノンキラウェア,7
地元,202609010312,2勝クラス,芝,スカプラリオ,8
地元,202609010312,2勝クラス,芝,サダメ,9
地元,202609010312,2勝クラス,芝,プチプラージュ,11
地元,202609010312,2勝クラス,芝,スマートルシーダ,14
地元,202609010312,2勝クラス,芝,ウィップスティッチ,16
地元,202609010312,2勝クラス,芝,ビップジーニー,17
地元,202609010312,2勝クラス,芝,レディメローラ,18
地元,202609010409,2勝クラス,芝,ダノンジョーカー,1
地元,202609010409,2勝クラス,芝,ファーングロット,2
地元,202609010409,2勝クラス,芝,セナスタイル,3
地元,202609010409,2勝クラス,芝,サトノソティラス,4
地元,202609010409,2勝クラス,芝,エバーグルーヴ,5
地元,202609010409,2勝クラス,芝,エルディアブロ,6
地元,202609010410,3勝クラス,ダ,ベルウェザー,1
地元,202609010410,3勝クラス,ダ,タガノマカシヤ,2
地元,202609010410,3勝クラス,ダ,ダブルジョーク,3
地元,202609010410,3勝クラス,ダ,ポルポラジール,4
地元,202609010410,3勝クラス,ダ,ポッドフォルク,7
地元,202609010410,3勝クラス,ダ,トウカイポワール,8
地元,202609010410,3勝クラス,ダ,ビップスコーピオン,11
地元,202609010410,3勝クラス,ダ,ノーブルスカイ,12
地元,202609010410,3勝クラス,ダ,クロニクル,13
地元,202609010410,3勝クラス,ダ,ハワイアンティアレ,14
地元,202609010411,重賞,芝,ナムラコスモス,2
地元,202609010411,重賞,芝,アランカール,3
地元,202609010411,重賞,芝,グランドオーパス,4
地元,202609010411,重賞,芝,アンディムジーク,8
地元,202609010411,重賞,芝,ダンシングドール,9
地元,202609010411,重賞,芝,エイズルブルーム,10
地元,202609010411,重賞,芝,ソルパッサーレ,12
地元,202609010411,重賞,芝,コニーアイランド,13
地元,202609010411,重賞,芝,グレースジェンヌ,14
地元,202609010411,重賞,芝,ホワイトオーキッド,15
地元,202609010412,2勝クラス,ダ,ウルスクローム,2
地元,202609010412,2勝クラス,ダ,ランスオブセヘル,3
地元,202609010412,2勝クラス,ダ,アスタールフナ,4
地元,202609010412,2勝クラス,ダ,モカラマーズ,5
地元,202609010412,2勝クラス,ダ,ダノンモンテローザ,6
地元,202609010412,2勝クラス,ダ,ゼンノツキヨミ,7
地元,202609010412,2勝クラス,ダ,セルヴァンス,8
地元,202609010412,2勝クラス,ダ,クリノオリーブ,9
地元,202609010412,2勝クラス,ダ,ズバットマサムネ,10
地元,202609010412,2勝クラス,ダ,ブルーノート,11
地元,202609010412,2勝クラス,ダ,エンプレスペイ,13
地元,202609010412,2勝クラス,ダ,ニホンピロトッティ,14
地元,202609010508,2勝クラス,芝,レディーミコノス,1
地元,202609010508,2勝クラス,芝,モアリジット,2
地元,202609010508,2勝クラス,芝,リカントロポ,3
地元,202609010508,2勝クラス,芝,ツーエムクロノス,4
地元,202609010508,2勝クラス,芝,ショウナンバルドル,5
地元,202609010508,2勝クラス,芝,エイヨーアメジスト,6
地元,202609010508,2勝クラス,芝,トーホウガレオン,8
地元,202609010508,2勝クラス,芝,ビップジーニー,9
地元,202609010509,2勝クラス,芝,クルミナーレ,1
地元,202609010509,2勝クラス,芝,ミカエルパシャ,2
地元,202609010509,2勝クラス,芝,マイネルフルムーン,4
地元,202609010509,2勝クラス,芝,ヴォラヴィア,5
地元,202609010509,2勝クラス,芝,タガノカイ,6
地元,202609010509,2勝クラス,芝,ライフセービング,7
地元,202609010509,2勝クラス,芝,ショウナンハウル,8
地元,202609010509,2勝クラス,芝,ビッグデイメイク,9
地元,202609010510,3勝クラス,ダ,ショウナンアビアス,1
地元,202609010510,3勝クラス,ダ,ラファル,2
地元,202609010510,3勝クラス,ダ,ナスノカンゲツ,5
地元,202609010510,3勝クラス,ダ,キタノソワレ,6
地元,202609010510,3勝クラス,ダ,ライジン,7
地元,202609010510,3勝クラス,ダ,タカネノハナコサン,11
地元,202609010510,3勝クラス,ダ,ナッカーフェイス,12
地元,202609010510,3勝クラス,ダ,ヤマニンシュラ,14
地元,202609010510,3勝クラス,ダ,メイショウクリフト,15
地元,202609010511,重賞,芝,アイニードユー,3
地元,202609010511,重賞,芝,デアヴェローチェ,4
地元,202609010511,重賞,芝,プレセピオ,5
地元,202609010511,重賞,芝,フルールジェンヌ,6
地元,202609010511,重賞,芝,コラルリーフ,10
地元,202609010511,重賞,芝,テイエムスティール,11
地元,202609010511,重賞,芝,タイニーワンダー,13
地元,202609010511,重賞,芝,ファニーバニー,14
地元,202609010511,重賞,芝,ルージュサウダージ,15
地元,202609010511,重賞,芝,ローズカリス,16
地元,202609010608,2勝クラス,ダ,ルクスフレンジー,1
地元,202609010608,2勝クラス,ダ,バトンインディ,2
地元,202609010608,2勝クラス,ダ,ノボリクレバー,3
地元,202609010608,2勝クラス,ダ,ショーダンサー,4
地元,202609010608,2勝クラス,ダ,タイガースパーク,5
地元,202609010608,2勝クラス,ダ,キングロコマイカイ,6
地元,202609010608,2勝クラス,ダ,メイショウソウセキ,8
地元,202609010608,2勝クラス,ダ,ハッピーダンチャン,9
地元,202609010610,3勝クラス,芝,ネーヴェフレスカ,2
地元,202609010610,3勝クラス,芝,スイープアワーズ,2
地元,202609010610,3勝クラス,芝,ミナデオロ,5
地元,202609010610,3勝クラス,芝,ウォーターガーベラ,6
地元,202609010610,3勝クラス,芝,プッシュオン,7
地元,202609010610,3勝クラス,芝,ケーブパール,8
地元,202609010610,3勝クラス,芝,エイムフォーエース,9
地元,202609010610,3勝クラス,芝,フライングブレード,12
地元,202609010610,3勝クラス,芝,ミストレス,13
地元,202609010610,3勝クラス,芝,ミッキージュエリー,14
地元,202609010611,OP,芝,サブマリーナ,2
地元,202609010611,OP,芝,ヤマニンサンパ,4
地元,202609010611,OP,芝,リラエンブレム,5
地元,202609010611,OP,芝,ブルーミンデザイン,6
地元,202609010611,OP,芝,ナムラエイハブ,8
地元,202609010611,OP,芝,ショウナンマグマ,12
地元,202609010612,2勝クラス,ダ,ニューオーリンズ,1
地元,202609010612,2勝クラス,ダ,モズタチアガレ,3
地元,202609010612,2勝クラス,ダ,カルパ,4
地元,202609010612,2勝クラス,ダ,ストーンズ,6
地元,202609010612,2勝クラス,ダ,スナークシュンソウ,7
地元,202609010612,2勝クラス,ダ,リメンバーヒム,8
地元,202609010612,2勝クラス,ダ,ペイドラロワール,10
地元,202609010612,2勝クラス,ダ,ダミエ,11
地元,202609010612,2勝クラス,ダ,サンライズプルート,12
地元,202609010612,2勝クラス,ダ,グラティアスミノル,13
地元,202609010709,2勝クラス,芝,ソングオブライフ,1
地元,202609010709,2勝クラス,芝,ディアドコス,3
地元,202609010709,2勝クラス,芝,フードマン,4
地元,202609010709,2勝クラス,芝,タガノアンファン,7
地元,202609010709,2勝クラス,芝,スマートルシーダ,8
地元,202609010709,2勝クラス,芝,アムールリーベ,10
地元,202609010709,2勝クラス,芝,モズトキキ,12
地元,202609010710,3勝クラス,芝,ジーティーアダマン,1
地元,202609010710,3勝クラス,芝,ジーティームソウ,2
地元,202609010710,3勝クラス,芝,チェルノボーグ,3
地元,202609010710,3勝クラス,芝,ミナデオロ,4
地元,202609010710,3勝クラス,芝,トーホウディアス,6
地元,202609010710,3勝クラス,芝,アルトゥーム,8
地元,202609010710,3勝クラス,芝,ナムラフッカー,9
地元,202609010710,3勝クラス,芝,グランデサラス,11
地元,202609010711,OP,ダ,ビダーヤ,2
地元,202609010711,OP,ダ,キタノズエッジ,3
地元,202609010711,OP,ダ,ノーブルロジャー,4
地元,202609010711,OP,ダ,マルモリスペシャル,6
地元,202609010711,OP,ダ,フェルヴェンテ,8
地元,202609010711,OP,ダ,ヒルノドゴール,9
地元,202609010711,OP,ダ,トリリオンボーイ,10
地元,202609010711,OP,ダ,プロトポロス,11
地元,202609010711,OP,ダ,ナムラフランク,12
地元,202609010711,OP,ダ,ストレングス,13
地元,202609010808,2勝クラス,ダ,アラナコア,2
地元,202609010808,2勝クラス,ダ,エンマ,3
地元,202609010808,2勝クラス,ダ,タガノアニマシオン,4
地元,202609010808,2勝クラス,ダ,ストップヤーニング,6
地元,202609010808,2勝クラス,ダ,プラニスフェリオ,7
地元,202609010808,2勝クラス,ダ,ケイアイアルタイル,8
地元,202609010808,2勝クラス,ダ,マキシマムビスタ,9
地元,202609010808,2勝クラス,ダ,ダブルジャッジ,10
地元,202609010808,2勝クラス,ダ,ドッビアーコ,11
地元,202609010810,3勝クラス,ダ,テスティモーネ,1
地元,202609010810,3勝クラス,ダ,メイプルタピット,2
地元,202609010810,3勝クラス,ダ,ペイシャモノノフ,3
地元,202609010810,3勝クラス,ダ,メイショウシナノ,4
地元,202609010810,3勝クラス,ダ,ゴールドダイアー,5
地元,202609010810,3勝クラス,ダ,タマモキャリコ,6
地元,202609010810,3勝クラス,ダ,カネトシゴウト,8
地元,202609010810,3勝クラス,ダ,ホルトバージ,9
地元,202609010810,3勝クラス,ダ,フラムリンガム,11
地元,202609010810,3勝クラス,ダ,メイショウオーロラ,12
地元,202609010811,OP,芝,タマモブラックタイ,1
地元,202609010811,OP,芝,プルパレイ,2
地元,202609010811,OP,芝,アスクワンタイム,3
地元,202609010811,OP,芝,ガロンヌ,5
地元,202609010811,OP,芝,メイショウソラフネ,7
地元,202609010811,OP,芝,イフェイオン,10
地元,202609010811,OP,芝,カルチャーデイ,12
地元,202609010811,OP,芝,グランテスト,13
地元,202609010811,OP,芝,マイネルジェロディ,14
地元,202609010811,OP,芝,ソウテン,15
地元,202609010812,2勝クラス,ダ,スニーカースキル,1
地元,202609010812,2勝クラス,ダ,ミライテーラー,3
地元,202609010812,2勝クラス,ダ,ラヴオントップ,4
地元,202609010812,2勝クラス,ダ,カネトシフラム,5
地元,202609010812,2勝クラス,ダ,タマモナポリ,6
地元,202609010812,2勝クラス,ダ,エルサトアナ,7
地元,202609010812,2勝クラス,ダ,ヤマニンバロネス,8
地元,202609010812,2勝クラス,ダ,クリノオリーブ,9
地元,202609010812,2勝クラス,ダ,ミロワール,10
地元,202609010812,2勝クラス,ダ,エターナルプロミス,12
地元,202609010908,2勝クラス,ダ,ドラゴン,1
地元,202609010908,2勝クラス,ダ,サンライズシュガー,2
地元,202609010908,2勝クラス,ダ,ヴァンアグレアブル,3
地元,202609010908,2勝クラス,ダ,グレイルクエスト,4
地元,202609010908,2勝クラス,ダ,オリーブグリーン,5
地元,202609010908,2勝クラス,ダ,メイショウオオコ,6
地元,202609010908,2勝クラス,ダ,ジュンラトゥール,7
地元,202609010908,2勝クラス,ダ,プリンセッサ,8
地元,202609010908,2勝クラス,ダ,マハナ,9
地元,202609010908,2勝クラス,ダ,ブルックリンダンス,10
地元,202609010908,2勝クラス,ダ,ヴォルスター,11
地元,202609010908,2勝クラス,ダ,マイティマイティー,12
地元,202609010909,2勝クラス,芝,ウインデイジー,1
地元,202609010909,2勝クラス,芝,サトノソティラス,2
地元,202609010909,2勝クラス,芝,ファームツエンティ,3
地元,202609010909,2勝クラス,芝,タイセイリコルド,4
地元,202609010909,2勝クラス,芝,ライフセービング,5
地元,202609010909,2勝クラス,芝,コリカンチャ,7
地元,202609010909,2勝クラス,芝,ゴージョニーゴー,8
地元,202609010910,3勝クラス,芝,ウナギノボリ,2
地元,202609010910,3勝クラス,芝,サウスバンク,3
地元,202609010910,3勝クラス,芝,ブリックワーク,4
地元,202609010910,3勝クラス,芝,ドゥアムール,5
地元,202609010910,3勝クラス,芝,シカゴスティング,7
地元,202609010910,3勝クラス,芝,メイショウピース,8
地元,202609010910,3勝クラス,芝,ルーフ,9
地元,202609010910,3勝クラス,芝,セシリエプラージュ,10
地元,202609010910,3勝クラス,芝,トールキン,12
地元,202609010910,3勝クラス,芝,バンドシェル,13
地元,202609010910,3勝クラス,芝,スーサンアッシャー,14
地元,202609010911,OP,芝,マテンロウゲイル,1
地元,202609010911,OP,芝,サヴォアフェール,3
地元,202609010911,OP,芝,エチゴドラゴン,5
地元,202609010911,OP,芝,エイシンイグニース,7
地元,202609010911,OP,芝,コロナドブリッジ,8
地元,202609010911,OP,芝,キッコベッロ,9
地元,202609010911,OP,芝,ショウナンバンライ,10
地元,202609011009,2勝クラス,芝,テラメリタ,1
地元,202609011009,2勝クラス,芝,クイックバイオ,2
地元,202609011009,2勝クラス,芝,フェアリーライク,3
地元,202609011009,2勝クラス,芝,リカントロポ,4
地元,202609011009,2勝クラス,芝,モアリジット,5
地元,202609011009,2勝クラス,芝,サヴァビアン,8
地元,202609011010,OP,ダ,タガノバビロン,2
地元,202609011010,OP,ダ,モックモック,3
地元,202609011010,OP,ダ,ハギノサステナブル,4
地元,202609011010,OP,ダ,タイトニット,5
地元,202609011010,OP,ダ,メイショウズイウン,6
地元,202609011010,OP,ダ,ラインオブソウル,7
地元,202609011010,OP,ダ,レッドプロフェシー,8
地元,202609011010,OP,ダ,ロードラビリンス,9
地元,202609011010,OP,ダ,メイショウユズルハ,11
地元,202609011010,OP,ダ,ジンセイ,13
地元,202609011010,OP,ダ,ピースオブザライフ,14
地元,202609011010,OP,ダ,ルシュヴァルドール,15
地元,202609011010,OP,ダ,グーデンドラーク,16
地元,202609011011,重賞,芝,アドマイヤテラ,1
地元,202609011011,重賞,芝,アクアヴァーナル,2
地元,202609011011,重賞,芝,ダノンシーマ,3
地元,202609011011,重賞,芝,メイショウブレゲ,8
地元,202609011011,重賞,芝,ファミリータイム,9
地元,202609011011,重賞,芝,ダンディズム,10
地元,202609011012,2勝クラス,ダ,ゲイルライダー,1
地元,202609011012,2勝クラス,ダ,モズケイスター,2
地元,202609011012,2勝クラス,ダ,ザックザク,3
地元,202609011012,2勝クラス,ダ,ヨリノレジェンド,4
地元,202609011012,2勝クラス,ダ,リメンバーヒム,5
地元,202609011012,2勝クラス,ダ,ダイシンリンク,6
地元,202609011012,2勝クラス,ダ,ウルスクローム,7
地元,202609011012,2勝クラス,ダ,メモリーグラス,9
地元,202609011012,2勝クラス,ダ,コウジョリョウゾク,10
地元,202609011012,2勝クラス,ダ,テラステラ,12
地元,202609020110,2勝クラス,芝,ヨウシタンレイ,1
地元,202609020110,2勝クラス,芝,チムグクル,3
地元,202609020110,2勝クラス,芝,フードマン,4
地元,202609020110,2勝クラス,芝,サダメ,5
地元,202609020110,2勝クラス,芝,リリーブライト,7
地元,202609020110,2勝クラス,芝,ハピアーザンエバー,8
地元,202609020110,2勝クラス,芝,サンライズプルート,9
地元,202609020110,2勝クラス,芝,キントラダンサー,10
地元,202609020111,重賞,芝,アルトラムス,1
地元,202609020111,重賞,芝,ローベルクランツ,2
地元,202609020111,重賞,芝,カフジエメンタール,3
地元,202609020111,重賞,芝,フレイムスター,5
地元,202609020111,重賞,芝,シーズザスローン,7
地元,202609020112,2勝クラス,ダ,ギュルヴィ,1
地元,202609020112,2勝クラス,ダ,ユウトザユウト,2
地元,202609020112,2勝クラス,ダ,タイセイカイザー,3
地元,202609020112,2勝クラス,ダ,ジョータルマエ,4
地元,202609020112,2勝クラス,ダ,クロノスバレット,5
地元,202609020112,2勝クラス,ダ,メイショウジェンマ,7
地元,202609020112,2勝クラス,ダ,エンマ,8
地元,202609020112,2勝クラス,ダ,パーサヴィアランス,9
地元,202609020112,2勝クラス,ダ,チムニートップス,10
地元,202609020112,2勝クラス,ダ,コウジョリョウゾク,12
地元,202609020112,2勝クラス,ダ,スカイドゥエラー,13
地元,202609020112,2勝クラス,ダ,トーアシオン,14
地元,202609020208,2勝クラス,芝,エコテーラー,1
地元,202609020208,2勝クラス,芝,ステラクラウン,2
地元,202609020208,2勝クラス,芝,キタサンハナビラ,3
地元,202609020208,2勝クラス,芝,エバーグルーヴ,4
地元,202609020208,2勝クラス,芝,スターリングアップ,5
地元,202609020210,3勝クラス,芝,ギャンブルルーム,1
地元,202609020210,3勝クラス,芝,ベトルス,2
地元,202609020210,3勝クラス,芝,コーチェラバレー,3
地元,202609020210,3勝クラス,芝,シュバルツマサムネ,4
地元,202609020210,3勝クラス,芝,アロンディ,5
地元,202609020210,3勝クラス,芝,リンフレスカンテ,7
地元,202609020210,3勝クラス,芝,ナムラフッカー,8
地元,202609020210,3勝クラス,芝,ウインルーティン,9
地元,202609020210,3勝クラス,芝,ミッキーゴールド,10
地元,202609020210,3勝クラス,芝,キングスコール,11
地元,202609020211,OP,芝,ベラジオボンド,1
地元,202609020211,OP,芝,クランフォード,2
地元,202609020211,OP,芝,メイショウシンタケ,4
地元,202609020211,OP,芝,キョウエイブリッサ,5
地元,202609020211,OP,芝,グレイイングリーン,6
地元,202609020211,OP,芝,ショウナンザナドゥ,7
地元,202609020211,OP,芝,バレエマスター,8
地元,202609020211,OP,芝,オニャンコポン,11
地元,202609020211,OP,芝,ブルーミンデザイン,13
地元,202609020212,2勝クラス,ダ,ハリーケーン,1
地元,202609020212,2勝クラス,ダ,ドンパッショーネ,2
地元,202609020212,2勝クラス,ダ,ズバットマサムネ,3
地元,202609020212,2勝クラス,ダ,アスタールフナ,4
地元,202609020212,2勝クラス,ダ,プレアデスグループ,5
地元,202609020212,2勝クラス,ダ,フェンダー,7
地元,202609020212,2勝クラス,ダ,ダノンモンテローザ,9
地元,202609020212,2勝クラス,ダ,キングクー,10
地元,202609020212,2勝クラス,ダ,サンダーロード,11
地元,202609020212,2勝クラス,ダ,アスクキングコング,12
地元,202609020212,2勝クラス,ダ,ストームバンガード,13
地元,202609020212,2勝クラス,ダ,バンディート,15
地元,202609020212,2勝クラス,ダ,トロピカルヒーロー,16
地元,202609020308,2勝クラス,芝,ディアドコス,1
地元,202609020308,2勝クラス,芝,タガノアンファン,2
地元,202609020308,2勝クラス,芝,リリーフィールド,3
地元,202609020308,2勝クラス,芝,クイーンズデイ,4
地元,202609020308,2勝クラス,芝,ミロワール,5
地元,202609020308,2勝クラス,芝,キントラダンサー,6
地元,202609020308,2勝クラス,芝,サンドロナイト,7
地元,202609020308,2勝クラス,芝,ブリーズオンチーク,9
地元,202609020310,OP,ダ,キタノズエッジ,1
地元,202609020310,OP,ダ,ビダーヤ,2
地元,202609020310,OP,ダ,ベルジュロネット,3
地元,202609020310,OP,ダ,バトゥーキ,4
地元,202609020310,OP,ダ,スマートサニー,5
地元,202609020310,OP,ダ,サクセスローレル,8
地元,202609020310,OP,ダ,アドバンスファラオ,10
地元,202609020310,OP,ダ,ヤマニンウルス,12
地元,202609020310,OP,ダ,ヴーレヴー,16
地元,202609020311,重賞,芝,バルセシート,3
地元,202609020311,重賞,芝,シーミハットク,4
地元,202609020311,重賞,芝,サーディンラン,5
地元,202609020311,重賞,芝,クールデイトナ,6
地元,202609020311,重賞,芝,メイショウソラリス,10
地元,202609020311,重賞,芝,エイシンティザー,11
地元,202609020311,重賞,芝,サンダーストラック,12
地元,202609020311,重賞,芝,サトノセプター,13
地元,202609020312,2勝クラス,ダ,テイエムヒショウ,1
地元,202609020312,2勝クラス,ダ,ポートデラメール,2
地元,202609020312,2勝クラス,ダ,メイケイレイン,3
地元,202609020312,2勝クラス,ダ,プリンスノット,4
地元,202609020312,2勝クラス,ダ,タマモナポリ,6
地元,202609020312,2勝クラス,ダ,ロードオルデン,7
地元,202609020312,2勝クラス,ダ,モズタチアガレ,8
地元,202609020312,2勝クラス,ダ,ラヴオントップ,11
地元,202609020312,2勝クラス,ダ,オーケアニス,15
地元,202609020407,2勝クラス,ダ,マテンロウブレイブ,1
地元,202609020407,2勝クラス,ダ,ワイドクリーガー,2
地元,202609020407,2勝クラス,ダ,ショーダンサー,3
地元,202609020407,2勝クラス,ダ,ライノ,4
地元,202609020407,2勝クラス,ダ,バトンインディ,5
地元,202609020407,2勝クラス,ダ,メイショウオオコ,6
地元,202609020407,2勝クラス,ダ,アラナコア,7
地元,202609020407,2勝クラス,ダ,トゥルブレンシア,8
地元,202609020407,2勝クラス,ダ,レッドリベルタ,9
地元,202609020407,2勝クラス,ダ,スーパージョック,10
地元,202609020407,2勝クラス,ダ,モモンウールー,11
地元,202609020407,2勝クラス,ダ,ナグルファル,12
地元,202609020407,2勝クラス,ダ,アオイミモザ,13
地元,202609020407,2勝クラス,ダ,リアド,14
地元,202609020407,2勝クラス,ダ,テーオーレガシー,15
地元,202609020408,2勝クラス,芝,モアリジット,1
地元,202609020408,2勝クラス,芝,マイネルフルムーン,2
地元,202609020408,2勝クラス,芝,オメガインペリアル,3
地元,202609020408,2勝クラス,芝,フェアリーライク,4
地元,202609020408,2勝クラス,芝,ホウオウトランプ,5
地元,202609020408,2勝クラス,芝,ジーティーマン,6
地元,202609020408,2勝クラス,芝,アスクエピソード,8
地元,202609020408,2勝クラス,芝,ツーエムクロノス,9
地元,202609020408,2勝クラス,芝,ハイディージェン,11
地元,202609020409,OP,ダ,エブリーポッシブル,4
地元,202609020409,OP,ダ,ハグレジョー,5
地元,202609020409,OP,ダ,テーオーグレーザー,7
地元,202609020409,OP,ダ,メイショウカクウチ,8
地元,202609020409,OP,ダ,ローズカリス,10
地元,202609020410,3勝クラス,芝,ミトノオルフェ,1
地元,202609020410,3勝クラス,芝,スライビングロード,2
地元,202609020410,3勝クラス,芝,ウナギノボリ,5
地元,202609020410,3勝クラス,芝,エイムフォーエース,6
地元,202609020410,3勝クラス,芝,スーサンアッシャー,7
地元,202609020410,3勝クラス,芝,サクセスアイ,8
地元,202609020410,3勝クラス,芝,メルトユアハート,9
地元,202609020410,3勝クラス,芝,エアミアーニ,10
地元,202609020410,3勝クラス,芝,ミルテンベルク,11
地元,202609020410,3勝クラス,芝,スリリングチェイス,12
地元,202609020410,3勝クラス,芝,キャプテンシー,16
地元,202609020410,3勝クラス,芝,ミストレス,17
地元,202609020410,3勝クラス,芝,メイショウツヨキ,18
地元,202609020411,重賞,芝,タガノデュード,4
地元,202609020411,重賞,芝,ヨーホーレイク,7
地元,202609020411,重賞,芝,デビットバローズ,8
地元,202609020411,重賞,芝,ボルドグフーシュ,9
地元,202609020411,重賞,芝,ショウヘイ,10
地元,202609020411,重賞,芝,エコロディノス,15
地元,202609020412,3勝クラス,ダ,ルークススペイ,1
地元,202609020412,3勝クラス,ダ,ニューオーリンズ,2
地元,202609020412,3勝クラス,ダ,ハワイアンタイム,3
地元,202609020412,3勝クラス,ダ,ゲイルライダー,4
地元,202609020412,3勝クラス,ダ,セミマル,5
地元,202609020412,3勝クラス,ダ,リネアグローリア,7
地元,202609020412,3勝クラス,ダ,イリフィ,8
地元,202609020412,3勝クラス,ダ,タマモティーカップ,9
地元,202609020412,3勝クラス,ダ,ジャスパーバローズ,11
地元,202609020412,3勝クラス,ダ,ダノンスウィッチ,13
地元,202609020412,3勝クラス,ダ,タガノシャーンス,14
地元,202609020412,3勝クラス,ダ,ルミノメテオール,16
地元,202609020509,2勝クラス,芝,ファームツエンティ,1
地元,202609020509,2勝クラス,芝,アルベリック,5
地元,202609020509,2勝クラス,芝,パンデアスカル,6
地元,202609020509,2勝クラス,芝,リッチブラック,7
地元,202609020509,2勝クラス,芝,プレイリードリーム,8
地元,202609020510,OP,芝,ウエストナウ,2
地元,202609020510,OP,芝,ドクタードリトル,4
地元,202609020510,OP,芝,カネフラ,7
地元,202609020510,OP,芝,ザイツィンガー,8
地元,202609020510,OP,芝,マイネルクリソーラ,9
地元,202609020510,OP,芝,マイネルメモリー,10
地元,202609020510,OP,芝,サンライズソレイユ,11
地元,202609020510,OP,芝,トータルクラリティ,12
地元,202609020511,重賞,芝,カムニャック,2
地元,202609020511,重賞,芝,ルージュソリテール,3
地元,202609020511,重賞,芝,クランフォード,4
地元,202609020511,重賞,芝,ビップデイジー,5
地元,202609020511,重賞,芝,エポックヴィーナス,7
地元,202609020512,2勝クラス,ダ,ゼンノツキヨミ,1
地元,202609020512,2勝クラス,ダ,クリノオリーブ,2
地元,202609020512,2勝クラス,ダ,タイセイディアマン,3
地元,202609020512,2勝クラス,ダ,ドンパッショーネ,4
地元,202609020512,2勝クラス,ダ,セールヴォラン,5
地元,202609020512,2勝クラス,ダ,フェンダー,6
地元,202609020512,2勝クラス,ダ,メモリーグラス,7
地元,202609020512,2勝クラス,ダ,ズバットマサムネ,8
地元,202609020512,2勝クラス,ダ,ヨシノヤッタルデー,11
地元,202609020512,2勝クラス,ダ,ミッキーマカパ,16
地元,202609020607,2勝クラス,芝,バガン,3
地元,202609020607,2勝クラス,芝,サクラオーラ,5
地元,202609020607,2勝クラス,芝,ロンドボス,6
地元,202609020607,2勝クラス,芝,ガストン,7
地元,202609020607,2勝クラス,芝,アスクキングコング,8
地元,202609020607,2勝クラス,芝,エルサトアナ,9
地元,202609020607,2勝クラス,芝,タイキエクセロン,11
地元,202609020608,2勝クラス,ダ,スマートカイロス,1
地元,202609020608,2勝クラス,ダ,サンライズバレット,2
地元,202609020608,2勝クラス,ダ,ゼンエスポワール,3
地元,202609020608,2勝クラス,ダ,アリエスキング,4
地元,202609020608,2勝クラス,ダ,スルーザナイト,5
地元,202609020608,2勝クラス,ダ,エクストラノート,6
地元,202609020608,2勝クラス,ダ,ユウトザユウト,7
地元,202609020608,2勝クラス,ダ,ソウルアンドジャズ,9
地元,202609020608,2勝クラス,ダ,クアトロジャック,10
地元,202609020608,2勝クラス,ダ,マナエトレ,11
地元,202609020609,OP,芝,ジュウリョクピエロ,1
地元,202609020609,OP,芝,ピカキウイ,2
地元,202609020609,OP,芝,カラペルソナ,4
地元,202609020609,OP,芝,エクリュ,5
地元,202609020609,OP,芝,アドマイヤシュラ,7
地元,202609020609,OP,芝,ウィズクィーン,8
地元,202609020609,OP,芝,ソルパッサーレ,10
地元,202609020609,OP,芝,フルールドール,11
地元,202609020609,OP,芝,フォーチュンライド,13
地元,202609020609,OP,芝,メイプルハッピー,14
地元,202609020610,3勝クラス,芝,マイネルエニグマ,1
地元,202609020610,3勝クラス,芝,ミュージシャン,2
地元,202609020610,3勝クラス,芝,バッデレイト,3
地元,202609020610,3勝クラス,芝,イケイケドンドン,4
地元,202609020610,3勝クラス,芝,チルカーノ,5
地元,202609020610,3勝クラス,芝,アレナリア,8
地元,202609020610,3勝クラス,芝,ウイントレメンデス,9
地元,202609020610,3勝クラス,芝,リッケンバッカー,10
地元,202609020610,3勝クラス,芝,キングスコール,12
地元,202609020610,3勝クラス,芝,サトノクローク,13
地元,202609020610,3勝クラス,芝,キーパフォーマー,14
地元,202609020610,3勝クラス,芝,ヴァリディシームス,15
地元,202609020611,重賞,芝,スターアニス,1
地元,202609020611,重賞,芝,アイニードユー,4
地元,202609020611,重賞,芝,アランカール,5
地元,202609020611,重賞,芝,ナムラコスモス,6
地元,202609020611,重賞,芝,エレガンスアスク,8
地元,202609020611,重賞,芝,ショウナンカリス,10
地元,202609020611,重賞,芝,リリージョワ,11
地元,202609020611,重賞,芝,スウィートハピネス,13
地元,202609020611,重賞,芝,プレセピオ,16
地元,202609020611,重賞,芝,フェスティバルヒル,17
地元,202609020612,3勝クラス,ダ,ダブルジョーク,1
地元,202609020612,3勝クラス,ダ,ペンナヴェローチェ,3
地元,202609020612,3勝クラス,ダ,リューデスハイム,4
地元,202609020612,3勝クラス,ダ,ポルポラジール,5
地元,202609020612,3勝クラス,ダ,シンビリーブ,6
地元,202609020612,3勝クラス,ダ,ゴールドダイアー,7
地元,202609020612,3勝クラス,ダ,ホルトバージ,8
地元,202609020612,3勝クラス,ダ,バッケンレコード,9
地元,202609020612,3勝クラス,ダ,メイプルタピット,11
地元,202609020612,3勝クラス,ダ,キュールエフウジン,12
地元,202609020612,3勝クラス,ダ,シャルクハフト,13
地元,202609020709,2勝クラス,ダ,メイケイレイン,1
地元,202609020709,2勝クラス,ダ,ヨリノレジェンド,2
地元,202609020709,2勝クラス,ダ,ダノンキラウェア,3
地元,202609020709,2勝クラス,ダ,メイショウゴールド,4
地元,202609020709,2勝クラス,ダ,カルパ,6
地元,202609020709,2勝クラス,ダ,ワイノナオミ,7
地元,202609020709,2勝クラス,ダ,ユウトザレン,8
地元,202609020709,2勝クラス,ダ,リメンバーヒム,9
地元,202609020709,2勝クラス,ダ,プリンスノット,10
地元,202609020709,2勝クラス,ダ,マッスルバック,11
地元,202609020709,2勝クラス,ダ,メイショウタムシバ,12
地元,202609020709,2勝クラス,ダ,クリノラピダス,13
地元,202609020709,2勝クラス,ダ,ペイドラロワール,14
地元,202609020710,2勝クラス,芝,ガンマジーティーピ,1
地元,202609020710,2勝クラス,芝,アジュマン,2
地元,202609020710,2勝クラス,芝,モズアンタレス,4
地元,202609020710,2勝クラス,芝,タイキヴァンクール,5
地元,202609020710,2勝クラス,芝,サーナーティオン,6
地元,202609020710,2勝クラス,芝,サヴァビアン,7
地元,202609020710,2勝クラス,芝,サダメ,8
地元,202609020710,2勝クラス,芝,ハピアーザンエバー,9
地元,202609020711,重賞,ダ,ムルソー,1
地元,202609020711,重賞,ダ,モックモック,2
地元,202609020711,重賞,ダ,ハグ,3
地元,202609020711,重賞,ダ,タガノバビロン,4
地元,202609020711,重賞,ダ,サンデーファンデー,5
地元,202609020711,重賞,ダ,ブライアンセンス,6
地元,202609020711,重賞,ダ,ハピ,7
地元,202609020711,重賞,ダ,ロードラビリンス,9
地元,202609020711,重賞,ダ,ジューンアヲニヨシ,12
地元,202609020711,重賞,ダ,メイショウズイウン,13
地元,202609020711,重賞,ダ,サイモンザナドゥ,14
地元,202609020711,重賞,ダ,ルシュヴァルドール,15
地元,202609020809,2勝クラス,芝,ピンキープロミス,1
地元,202609020809,2勝クラス,芝,ジョイエッロ,2
地元,202609020809,2勝クラス,芝,スターリングアップ,3
地元,202609020809,2勝クラス,芝,ヤマニンループ,4
地元,202609020809,2勝クラス,芝,ヴィスマール,5
地元,202609020809,2勝クラス,芝,タケトンボ,7
地元,202609020809,2勝クラス,芝,ラビットアイ,8
地元,202609020809,2勝クラス,芝,ハイディージェン,9
地元,202609020810,3勝クラス,ダ,ゼットエール,1
地元,202609020810,3勝クラス,ダ,ノボリショウリュウ,3
地元,202609020810,3勝クラス,ダ,ライジン,4
地元,202609020810,3勝クラス,ダ,ナスノカンゲツ,5
地元,202609020810,3勝クラス,ダ,ジョディーズマロン,6
地元,202609020810,3勝クラス,ダ,ボディブロー,7
地元,202609020810,3勝クラス,ダ,タカネノハナコサン,8
地元,202609020811,3勝クラス,芝,スイープアワーズ,1
地元,202609020811,3勝クラス,芝,アウフヘーベン,2
地元,202609020811,3勝クラス,芝,インヴォーグ,3
地元,202609020811,3勝クラス,芝,ラーンザロープス,4
地元,202609020811,3勝クラス,芝,ゼンダンハヤブサ,5
地元,202609020811,3勝クラス,芝,ネーヴェフレスカ,6
地元,202609020811,3勝クラス,芝,ミストレス,9
地元,202609020811,3勝クラス,芝,ミッキージュエリー,10
地元,202609020812,2勝クラス,ダ,ウィンターダフネ,1
地元,202609020812,2勝クラス,ダ,ヴァンアグレアブル,2
地元,202609020812,2勝クラス,ダ,プウスカンドゥール,3
地元,202609020812,2勝クラス,ダ,フクキタテーラー,4
地元,202609020812,2勝クラス,ダ,サンコンクエスト,5
地元,202609020812,2勝クラス,ダ,ユウェンタース,6
地元,202609020812,2勝クラス,ダ,ハリウッドパーク,7
地元,202609020812,2勝クラス,ダ,アンドリーナ,8
地元,202609030408,2勝クラス,ダ,メイショウコマチ,1
地元,202609030408,2勝クラス,ダ,ユウェンタース,2
地元,202609030408,2勝クラス,ダ,ハギノコラソン,3
地元,202609030408,2勝クラス,ダ,ヴァンアグレアブル,4
地元,202609030408,2勝クラス,ダ,メイショウリリー,5
地元,202609030408,2勝クラス,ダ,アイブリンク,6
地元,202609030408,2勝クラス,ダ,サイモンコーラル,7
地元,202609030408,2勝クラス,ダ,ビッグデイメイク,8
地元,202609030409,2勝クラス,芝,ミロワール,1
地元,202609030409,2勝クラス,芝,インフローレ,2
地元,202609030409,2勝クラス,芝,マキシマムドライブ,3
地元,202609030409,2勝クラス,芝,メイショウミリオレ,6
地元,202609030409,2勝クラス,芝,ストラテージュ,7
地元,202609030409,2勝クラス,芝,マーゴットミスト,8
地元,202609030409,2勝クラス,芝,カリーシ,9
地元,202609030409,2勝クラス,芝,ヤマニンレセディ,10
地元,202609030409,2勝クラス,芝,ピースフルナイト,11
地元,202609030410,3勝クラス,芝,ミナデオロ,1
地元,202609030410,3勝クラス,芝,アウフヘーベン,2
地元,202609030410,3勝クラス,芝,ウォーターガーベラ,4
地元,202609030410,3勝クラス,芝,ゼンダンハヤブサ,5
地元,202609030410,3勝クラス,芝,ケーブパール,6
地元,202609030410,3勝クラス,芝,チャンネルトンネル,7
地元,202609030410,3勝クラス,芝,エポックヴィーナス,8
地元,202609030410,3勝クラス,芝,テラメリタ,9
地元,202609030410,3勝クラス,芝,マイエレメント,10
地元,202609030410,3勝クラス,芝,サンタンカ,11
地元,202609030410,3勝クラス,芝,アイルシャイン,12
地元,202609030410,3勝クラス,芝,ワイドアラジン,13
地元,202609030411,重賞,芝,クロワデュノール,2
地元,202609030411,重賞,芝,タガノデュード,5
地元,202609030411,重賞,芝,ファミリータイム,6
地元,202609030411,重賞,芝,ジューンテイク,8
地元,202609030411,重賞,芝,シェイクユアハート,14
地元,202609030412,3勝クラス,ダ,ノボリショウリュウ,1
地元,202609030412,3勝クラス,ダ,ウルスクローム,2
地元,202609030412,3勝クラス,ダ,ニューオーリンズ,3
地元,202609030412,3勝クラス,ダ,イリフィ,4
地元,202609030412,3勝クラス,ダ,ルクスデイジー,5
地元,202609030412,3勝クラス,ダ,エムズマインド,7
地元,202609030412,3勝クラス,ダ,ヴェロクオーレ,8
地元,202609030412,3勝クラス,ダ,ライジン,9
地元,202609030412,3勝クラス,ダ,プロミシングスター,13
地元,202609030412,3勝クラス,ダ,サンダーバース,15
地元,202609030609,2勝クラス,芝,ステラクラウン,2
地元,202609030609,2勝クラス,芝,カリーニョ,3
地元,202609030609,2勝クラス,芝,ダノンカゼルタ,4
地元,202609030609,2勝クラス,芝,ミカエルパシャ,5
地元,202609030609,2勝クラス,芝,エコテーラー,6
地元,202609030609,2勝クラス,芝,ラーテル,7
地元,202609030610,3勝クラス,ダ,ペイシャモノノフ,1
地元,202609030610,3勝クラス,ダ,パシアンジャン,2
地元,202609030610,3勝クラス,ダ,アカデミア,6
地元,202609030610,3勝クラス,ダ,レヴァンテシチー,7
地元,202609030610,3勝クラス,ダ,ロカヒ,8
地元,202609030610,3勝クラス,ダ,メイショウシナノ,9
地元,202609030610,3勝クラス,ダ,トウカイポワール,11
地元,202609030610,3勝クラス,ダ,ウィンターダフネ,12
地元,202609030610,3勝クラス,ダ,アークドール,13
地元,202609030610,3勝クラス,ダ,ヒロノラメール,14
地元,202609030610,3勝クラス,ダ,キュールエフウジン,15
地元,202609030611,重賞,芝,キープカルム,2
地元,202609030611,重賞,芝,スイープアワーズ,5
地元,202609030611,重賞,芝,ミニトランザット,6
地元,202609030611,重賞,芝,タガノエルピーダ,12
地元,202609030611,重賞,芝,スリールミニョン,13
地元,202609030611,重賞,芝,ショウナンアデイブ,15
地元,202609030611,重賞,芝,スマートワイス,16
地元,202609030611,重賞,芝,シンフォーエバー,17
地元,202609030611,重賞,芝,メイショウシンタケ,18
地元,202609030612,2勝クラス,ダ,タガノアバンドーネ,1
地元,202609030612,2勝クラス,ダ,ソウルアンドジャズ,2
地元,202609030612,2勝クラス,ダ,クロノスバレット,3
地元,202609030612,2勝クラス,ダ,レッドリベルタ,5
地元,202609030612,2勝クラス,ダ,エンマ,6
地元,202609030612,2勝クラス,ダ,フラッシング,7
地元,202609030612,2勝クラス,ダ,クリノフィガロ,9
地元,202609030612,2勝クラス,ダ,エリカヴェネチア,11
地元,202610010110,2勝クラス,芝,キングスコール,1
地元,202610010110,2勝クラス,芝,カエルム,2
地元,202610010110,2勝クラス,芝,ショウナンガチ,3
地元,202610010110,2勝クラス,芝,サラトガチップス,6
地元,202610010111,重賞,芝,ココナッツブラウン,3
地元,202610010111,重賞,芝,テレサ,4
地元,202610010111,重賞,芝,インヴォーグ,6
地元,202610010111,重賞,芝,アレナリア,8
地元,202610010111,重賞,芝,クリノメイ,9
地元,202610010111,重賞,芝,ウインエーデル,11
地元,202610010111,重賞,芝,ブラウンラチェット,13
地元,202610010111,重賞,芝,レディーヴァリュー,15
地元,202610010111,重賞,芝,パルクリチュード,17
地元,202610010111,重賞,芝,タクシンイメル,18
地元,202610010210,2勝クラス,ダ,ギマール,2
地元,202610010210,2勝クラス,ダ,タイセイマンボ,6
地元,202610010210,2勝クラス,ダ,ストリンジェンド,9
地元,202610010210,2勝クラス,ダ,ロイガヴェーグル,10
地元,202610010210,2勝クラス,ダ,キングロコマイカイ,11
地元,202610010210,2勝クラス,ダ,クリノラピダス,12
地元,202610010210,2勝クラス,ダ,グランキングオー,13
地元,202610010211,3勝クラス,芝,ミッキーツインクル,2
地元,202610010211,3勝クラス,芝,イガッチ,5
地元,202610010211,3勝クラス,芝,アウフヘーベン,12
地元,202610010309,2勝クラス,ダ,ジョヴィアン,2
地元,202610010309,2勝クラス,ダ,ララアヴリル,3
地元,202610010309,2勝クラス,ダ,アネモス,5
地元,202610010309,2勝クラス,ダ,ボルセーナ,11
地元,202610010309,2勝クラス,ダ,タイセイアレス,13
地元,202610010309,2勝クラス,ダ,ペイシャヴァルツー,14
地元,202610010310,2勝クラス,ダ,プウスカンドゥール,2
地元,202610010310,2勝クラス,ダ,エルフストラック,5
地元,202610010310,2勝クラス,ダ,ステアハート,8
地元,202610010310,2勝クラス,ダ,タマモナポリ,10
地元,202610010310,2勝クラス,ダ,ブルーペクトライト,13
地元,202610010310,2勝クラス,ダ,サイモンコーラル,15
地元,202610010310,2勝クラス,ダ,ヴィリアリート,16
地元,202610010311,3勝クラス,芝,デイトナモード,1
地元,202610010311,3勝クラス,芝,レッドエヴァンス,3
地元,202610010311,3勝クラス,芝,メイショウピース,4
地元,202610010311,3勝クラス,芝,ミルテンベルク,5
地元,202610010311,3勝クラス,芝,ロードマイライフ,9
地元,202610010311,3勝クラス,芝,ロードトレイル,12
地元,202610010311,3勝クラス,芝,ブラックケリー,13
地元,202610010311,3勝クラス,芝,トールキン,15
地元,202610010311,3勝クラス,芝,パクスロマーナ,17
地元,202610010410,2勝クラス,芝,ヒーローインチーフ,3
地元,202610010410,2勝クラス,芝,シュブロンレーヴル,4
地元,202610010410,2勝クラス,芝,ソングオブライフ,6
地元,202610010410,2勝クラス,芝,レディメローラ,10
地元,202610010410,2勝クラス,芝,フードマン,11
地元,202610010410,2勝クラス,芝,バシレウスシチー,12
地元,202610010410,2勝クラス,芝,スカプラリオ,14
地元,202610010410,2勝クラス,芝,フーコサンライズ,15
地元,202610010411,OP,ダ,コトホドサヨウニ,1
地元,202610010411,OP,ダ,カンピオーネ,4
地元,202610010411,OP,ダ,スナークラファエロ,8
地元,202610010411,OP,ダ,ハグ,10
地元,202610010411,OP,ダ,ヴーレヴー,11
地元,202610010411,OP,ダ,レイナデアルシーラ,12
地元,202610010411,OP,ダ,スマートアイ,15
地元,202610010510,2勝クラス,芝,ツーエムクロノス,2
地元,202610010510,2勝クラス,芝,キーウェーブ,6
地元,202610010510,2勝クラス,芝,マテンロウギフト,8
地元,202610010510,2勝クラス,芝,ヤマニンループ,9
地元,202610010510,2勝クラス,芝,オデット,11
地元,202610010510,2勝クラス,芝,ゼンダンハヤブサ,12
地元,202610010510,2勝クラス,芝,フローラルセント,16
地元,202610010511,3勝クラス,ダ,ゴッドブルービー,2
地元,202610010511,3勝クラス,ダ,プルートマスター,3
地元,202610010511,3勝クラス,ダ,ノーブルスカイ,5
地元,202610010511,3勝クラス,ダ,メイショウシナノ,7
地元,202610010511,3勝クラス,ダ,メイショウミカワ,10
地元,202610010511,3勝クラス,ダ,ワイドアラジン,14
地元,202610010511,3勝クラス,ダ,ジャスパーバローズ,15
地元,202610010511,3勝クラス,ダ,ツークフォーゲル,16
地元,202610010610,2勝クラス,ダ,ディアウス,2
地元,202610010610,2勝クラス,ダ,サンライズシュガー,6
地元,202610010610,2勝クラス,ダ,グランキングオー,8
地元,202610010610,2勝クラス,ダ,ポッドフォルク,9
地元,202610010610,2勝クラス,ダ,キングロコマイカイ,10
地元,202610010610,2勝クラス,ダ,アストラカ,11
地元,202610010610,2勝クラス,ダ,メイショウソウセキ,13
地元,202610010610,2勝クラス,ダ,マルカブリッツ,14
地元,202610010611,OP,芝,ザイツィンガー,4
地元,202610010611,OP,芝,カネフラ,5
地元,202610010611,OP,芝,マイネルメモリー,6
地元,202610010710,2勝クラス,ダ,ゼンノツキヨミ,3
地元,202610010710,2勝クラス,ダ,ララアヴリル,4
地元,202610010710,2勝クラス,ダ,パールフロント,5
地元,202610010710,2勝クラス,ダ,キングクー,7
地元,202610010710,2勝クラス,ダ,パルプフィクション,9
地元,202610010710,2勝クラス,ダ,ビーアイフォルテ,10
地元,202610010710,2勝クラス,ダ,ディーエスショウマ,11
地元,202610010710,2勝クラス,ダ,アネモス,12
地元,202610010711,3勝クラス,芝,コウセキ,2
地元,202610010711,3勝クラス,芝,ミルテンベルク,3
地元,202610010711,3勝クラス,芝,ブリックワーク,6
地元,202610010711,3勝クラス,芝,ルーフ,7
地元,202610010711,3勝クラス,芝,ジュンヴァンケット,8
地元,202610010711,3勝クラス,芝,ロードトレイル,15
地元,202610010711,3勝クラス,芝,エコロマーズ,17
地元,202610010809,2勝クラス,芝,マトラコーニッシュ,1
地元,202610010809,2勝クラス,芝,ファミリーツリー,3
地元,202610010809,2勝クラス,芝,ウィルサヴァイブ,4
地元,202610010809,2勝クラス,芝,ヴォワラクテ,5
地元,202610010810,2勝クラス,芝,メイショウセイロウ,1
地元,202610010810,2勝クラス,芝,インブロリオ,9
地元,202610010810,2勝クラス,芝,アイヲツグモノ,10
地元,202610010810,2勝クラス,芝,メイショウミリオレ,12
地元,202610010810,2勝クラス,芝,バンディート,15
地元,202610010810,2勝クラス,芝,ブルーサンセット,17
地元,202610010810,2勝クラス,芝,ペプチドクレマチス,18
地元,202610010811,OP,芝,マイネルレノン,5
地元,202610010811,OP,芝,ナムラクララ,6
地元,202610010811,OP,芝,タマモブラックタイ,8
地元,202610010811,OP,芝,マイネルジェロディ,11
地元,202610010811,OP,芝,デイトナモード,17
地元,202610010811,OP,芝,ダンツエラン,18
地元,202610010910,2勝クラス,芝,カエルム,4
地元,202610010910,2勝クラス,芝,ウインデイジー,5
地元,202610010910,2勝クラス,芝,クルミナーレ,6
地元,202610010910,2勝クラス,芝,パンデアスカル,8
地元,202610010910,2勝クラス,芝,ボンドロア,10
地元,202610010910,2勝クラス,芝,スズカミエール,11
地元,202610010910,2勝クラス,芝,ダブルジャッジ,16
地元,202610010911,3勝クラス,ダ,プルートマスター,2
地元,202610010911,3勝クラス,ダ,メイショウシナノ,3
地元,202610010911,3勝クラス,ダ,ゴッドブルービー,4
地元,202610010911,3勝クラス,ダ,スマートリアファル,7
地元,202610010911,3勝クラス,ダ,ヘルモーズ,8
地元,202610010911,3勝クラス,ダ,テーオールビー,9
地元,202610010911,3勝クラス,ダ,メイショウミカワ,12
地元,202610011010,2勝クラス,ダ,ストップヤーニング,3
地元,202610011010,2勝クラス,ダ,キングツェッペリン,7
地元,202610011010,2勝クラス,ダ,マキシマムビスタ,8
地元,202610011010,2勝クラス,ダ,プレイテシア,12
地元,202610011010,2勝クラス,ダ,バックトゥザライト,14
地元,202610011010,2勝クラス,ダ,ワンダフルトゥデイ,15
地元,202610011010,2勝クラス,ダ,スーパージョック,16
地元,202610011011,重賞,芝,タガノデュード,1
地元,202610011011,重賞,芝,ショウナンアデイブ,3
地元,202610011011,重賞,芝,ナムラエイハブ,4
地元,202610011011,重賞,芝,ガイアメンテ,7
地元,202610011011,重賞,芝,エアファンディタ,8
地元,202610011011,重賞,芝,ラケマーダ,10
地元,202610011011,重賞,芝,エピファニー,11
地元,202610011011,重賞,芝,エラトー,12
地元,202610011011,重賞,芝,センツブラッド,14
地元,202610011110,2勝クラス,ダ,ジューンエオス,1
地元,202610011110,2勝クラス,ダ,テーオーライマン,2
地元,202610011110,2勝クラス,ダ,アラナコア,3
地元,202610011110,2勝クラス,ダ,マーウォルス,5
地元,202610011110,2勝クラス,ダ,スカイドゥエラー,6
地元,202610011110,2勝クラス,ダ,ディアウス,7
地元,202610011110,2勝クラス,ダ,プウスカンドゥール,9
地元,202610011110,2勝クラス,ダ,ダミエ,10
地元,202610011110,2勝クラス,ダ,ゼロスネーク,11
地元,202610011110,2勝クラス,ダ,ドッビアーコ,12
地元,202610011110,2勝クラス,ダ,スマートプレシャス,13
地元,202610011110,2勝クラス,ダ,タマモジャスミン,14
地元,202610011110,2勝クラス,ダ,アメリカンエール,15
地元,202610011110,2勝クラス,ダ,トーレ,16
地元,202610011111,2勝クラス,芝,ヤマニンループ,7
地元,202610011111,2勝クラス,芝,ニホンピロホリデー,8
地元,202610011111,2勝クラス,芝,ファミリーツリー,10
地元,202610011111,2勝クラス,芝,プラニスフェリオ,12
地元,202610011111,2勝クラス,芝,クラヴァンス,14
地元,202610011111,2勝クラス,芝,バルティカ,15
地元,202610011210,2勝クラス,芝,シュブロンレーヴル,2
地元,202610011210,2勝クラス,芝,ディアドコス,3
地元,202610011210,2勝クラス,芝,フォティック,5
地元,202610011210,2勝クラス,芝,ワインクーラー,10
地元,202610011210,2勝クラス,芝,マイネルラッシュ,11
地元,202610011210,2勝クラス,芝,ベンガン,12
地元,202610011210,2勝クラス,芝,ヒーローインチーフ,13
地元,202610011210,2勝クラス,芝,ララアヴリル,14
地元,202610011210,2勝クラス,芝,ヤマニンレセディ,15
地元,202610011210,2勝クラス,芝,エイヨーアメジスト,16
地元,202610011210,2勝クラス,芝,インプロバイザー,17
地元,202610011211,3勝クラス,芝,ミッキーゴールド,3
地元,202610011211,3勝クラス,芝,アルトゥーム,5
地元,202610011211,3勝クラス,芝,アイスグリーン,7
地元,202610011211,3勝クラス,芝,ホルトバージ,11
地元,202610011211,3勝クラス,芝,トーアライデン,12
地元,202610011211,3勝クラス,芝,ロワンディシー,16
地元,202610011211,3勝クラス,芝,バリアントバイオ,17
